Orthogroup,Loxodonta,Canis
OG0000012,Loxodonta_africana_GENE_1206,Canis_lupus_familiaris_GENE_1206
OG0000027,Loxodonta_africana_GENE_1465,Canis_lupus_familiaris_GENE_1465
OG0000028,Loxodonta_africana_GENE_1671,Canis_lupus_familiaris_GENE_1671
OG0000055,Loxodonta_africana_GENE_17,Canis_lupus_familiaris_GENE_17
OG0000029,Loxodonta_africana_GENE_1724,Canis_lupus_familiaris_GENE_1724
OG0000031,Loxodonta_africana_GENE_2024,Canis_lupus_familiaris_GENE_2024
OG0000015,Loxodonta_africana_GENE_2194,Canis_lupus_familiaris_GENE_2194
OG0000032,Loxodonta_africana_GENE_2274,Canis_lupus_familiaris_GENE_2274
OG0000001,Loxodonta_africana_GENE_2421,Canis_lupus_familiaris_GENE_2421
OG0000048,Loxodonta_africana_GENE_2498,Canis_lupus_familiaris_GENE_2498
OG0000035,Loxodonta_africana_GENE_2537,Canis_lupus_familiaris_GENE_2537
OG0000018,Loxodonta_africana_GENE_2772,Canis_lupus_familiaris_GENE_2772
OG0000019,Loxodonta_africana_GENE_2903,Canis_lupus_familiaris_GENE_2903
OG0000002,Loxodonta_africana_GENE_3026,Canis_lupus_familiaris_GENE_3026
OG0000037,Loxodonta_africana_GENE_3089,Canis_lupus_familiaris_GENE_3089
OG0000051,Loxodonta_africana_GENE_3283,Canis_lupus_familiaris_GENE_3283
OG0000004,Loxodonta_africana_GENE_343,Canis_lupus_familiaris_GENE_343
OG0000021,Loxodonta_africana_GENE_3458,Canis_lupus_familiaris_GENE_3458
OG0000022,Loxodonta_africana_GENE_3508,Canis_lupus_familiaris_GENE_3508
OG0000005,Loxodonta_africana_GENE_3570,Canis_lupus_familiaris_GENE_3570
OG0000042,Loxodonta_africana_GENE_3912,Canis_lupus_familiaris_GENE_3912
OG0000043,Loxodonta_africana_GENE_401,Canis_lupus_familiaris_GENE_401
OG0000024,Loxodonta_africana_GENE_609,Canis_lupus_familiaris_GENE_609
