Orthogroup,Loxodonta,Callorhinchus
OG0000013,Loxodonta_africana_GENE_1224,Callorhinchus_milii_GENE_1224
OG0000000,Loxodonta_africana_GENE_1433,Callorhinchus_milii_GENE_1433
OG0000055,Loxodonta_africana_GENE_17,Callorhinchus_milii_GENE_17
OG0000029,Loxodonta_africana_GENE_1724,Callorhinchus_milii_GENE_1724
OG0000016,Loxodonta_africana_GENE_2244,Callorhinchus_milii_GENE_2244
OG0000032,Loxodonta_africana_GENE_2274,Callorhinchus_milii_GENE_2274
OG0000017,Loxodonta_africana_GENE_2459,Callorhinchus_milii_GENE_2459
OG0000018,Loxodonta_africana_GENE_2772,Callorhinchus_milii_GENE_2772
OG0000036,Loxodonta_africana_GENE_2869,Callorhinchus_milii_GENE_2869
OG0000019,Loxodonta_africana_GENE_2903,Callorhinchus_milii_GENE_2903
OG0000002,Loxodonta_africana_GENE_3026,Callorhinchus_milii_GENE_3026
OG0000038,Loxodonta_africana_GENE_3150,Callorhinchus_milii_GENE_3150
OG0000052,Loxodonta_africana_GENE_3317,Callorhinchus_milii_GENE_3317
OG0000046,Loxodonta_africana_GENE_368,Callorhinchus_milii_GENE_368
OG0000006,Loxodonta_africana_GENE_3818,Callorhinchus_milii_GENE_3818
OG0000007,Loxodonta_africana_GENE_3907,Callorhinchus_milii_GENE_3907
OG0000053,Loxodonta_africana_GENE_3913,Callorhinchus_milii_GENE_3913
OG0000043,Loxodonta_africana_GENE_401,Callorhinchus_milii_GENE_401
OG0000008,Loxodonta_africana_GENE_541,Callorhinchus_milii_GENE_541
OG0000044,Loxodonta_africana_GENE_583,Callorhinchus_milii_GENE_583
OG0000054,Loxodonta_africana_GENE_634,Callorhinchus_milii_GENE_634
OG0000009,Loxodonta_africana_GENE_730,Callorhinchus_milii_GENE_730
OG0000026,Loxodonta_africana_GENE_974,Callorhinchus_milii_GENE_974
