Orthogroup,Loxodonta,Latimeria
OG0000000,Loxodonta_africana_GENE_1433,Latimeria_chalumnae_GENE_1433
OG0000029,Loxodonta_africana_GENE_1724,Latimeria_chalumnae_GENE_1724
OG0000016,Loxodonta_africana_GENE_2244,Latimeria_chalumnae_GENE_2244
OG0000032,Loxodonta_africana_GENE_2274,Latimeria_chalumnae_GENE_2274
OG0000017,Loxodonta_africana_GENE_2459,Latimeria_chalumnae_GENE_2459
OG0000036,Loxodonta_africana_GENE_2869,Latimeria_chalumnae_GENE_2869
OG0000019,Loxodonta_africana_GENE_2903,Latimeria_chalumnae_GENE_2903
OG0000002,Loxodonta_africana_GENE_3026,Latimeria_chalumnae_GENE_3026
OG0000052,Loxodonta_africana_GENE_3317,Latimeria_chalumnae_GENE_3317
OG0000007,Loxodonta_africana_GENE_3907,Latimeria_chalumnae_GENE_3907
OG0000053,Loxodonta_africana_GENE_3913,Latimeria_chalumnae_GENE_3913
OG0000043,Loxodonta_africana_GENE_401,Latimeria_chalumnae_GENE_401
OG0000008,Loxodonta_africana_GENE_541,Latimeria_chalumnae_GENE_541
OG0000054,Loxodonta_africana_GENE_634,Latimeria_chalumnae_GENE_634
OG0000026,Loxodonta_africana_GENE_974,Latimeria_chalumnae_GENE_974
