Orthogroup,Loxodonta,Mus
OG0000010,Loxodonta_africana_GENE_1086,Mus_musculus_GENE_1086
OG0000012,Loxodonta_africana_GENE_1206,Mus_musculus_GENE_1206
OG0000027,Loxodonta_africana_GENE_1465,Mus_musculus_GENE_1465
OG0000014,Loxodonta_africana_GENE_1646,Mus_musculus_GENE_1646
OG0000055,Loxodonta_africana_GENE_17,Mus_musculus_GENE_17
OG0000029,Loxodonta_africana_GENE_1724,Mus_musculus_GENE_1724
OG0000031,Loxodonta_africana_GENE_2024,Mus_musculus_GENE_2024
OG0000047,Loxodonta_africana_GENE_2063,Mus_musculus_GENE_2063
OG0000015,Loxodonta_africana_GENE_2194,Mus_musculus_GENE_2194
OG0000016,Loxodonta_africana_GENE_2244,Mus_musculus_GENE_2244
OG0000032,Loxodonta_africana_GENE_2274,Mus_musculus_GENE_2274
OG0000048,Loxodonta_africana_GENE_2498,Mus_musculus_GENE_2498
OG0000035,Loxodonta_africana_GENE_2537,Mus_musculus_GENE_2537
OG0000018,Loxodonta_africana_GENE_2772,Mus_musculus_GENE_2772
OG0000019,Loxodonta_africana_GENE_2903,Mus_musculus_GENE_2903
OG0000002,Loxodonta_africana_GENE_3026,Mus_musculus_GENE_3026
OG0000049,Loxodonta_africana_GENE_3058,Mus_musculus_GENE_3058
OG0000052,Loxodonta_africana_GENE_3317,Mus_musculus_GENE_3317
OG0000003,Loxodonta_africana_GENE_3380,Mus_musculus_GENE_3380
OG0000004,Loxodonta_africana_GENE_343,Mus_musculus_GENE_343
OG0000021,Loxodonta_africana_GENE_3458,Mus_musculus_GENE_3458
OG0000022,Loxodonta_africana_GENE_3508,Mus_musculus_GENE_3508
OG0000006,Loxodonta_africana_GENE_3818,Mus_musculus_GENE_3818
OG0000042,Loxodonta_africana_GENE_3912,Mus_musculus_GENE_3912
OG0000053,Loxodonta_africana_GENE_3913,Mus_musculus_GENE_3913
OG0000023,Loxodonta_africana_GENE_3942,Mus_musculus_GENE_3942
OG0000043,Loxodonta_africana_GENE_401,Mus_musculus_GENE_401
OG0000008,Loxodonta_africana_GENE_541,Mus_musculus_GENE_541
OG0000044,Loxodonta_africana_GENE_583,Mus_musculus_GENE_583
OG0000024,Loxodonta_africana_GENE_609,Mus_musculus_GENE_609
OG0000009,Loxodonta_africana_GENE_730,Mus_musculus_GENE_730
OG0000026,Loxodonta_africana_GENE_974,Mus_musculus_GENE_974
