Orthogroup,Loxodonta,Ornithorhynchus
OG0000010,Loxodonta_africana_GENE_1086,Ornithorhynchus_anatinus_GENE_1086
OG0000012,Loxodonta_africana_GENE_1206,Ornithorhynchus_anatinus_GENE_1206
OG0000000,Loxodonta_africana_GENE_1433,Ornithorhynchus_anatinus_GENE_1433
OG0000027,Loxodonta_africana_GENE_1465,Ornithorhynchus_anatinus_GENE_1465
OG0000028,Loxodonta_africana_GENE_1671,Ornithorhynchus_anatinus_GENE_1671
OG0000030,Loxodonta_africana_GENE_1984,Ornithorhynchus_anatinus_GENE_1984
OG0000034,Loxodonta_africana_GENE_248,Ornithorhynchus_anatinus_GENE_248
OG0000048,Loxodonta_africana_GENE_2498,Ornithorhynchus_anatinus_GENE_2498
OG0000019,Loxodonta_africana_GENE_2903,Ornithorhynchus_anatinus_GENE_2903
OG0000038,Loxodonta_africana_GENE_3150,Ornithorhynchus_anatinus_GENE_3150
OG0000021,Loxodonta_africana_GENE_3458,Ornithorhynchus_anatinus_GENE_3458
OG0000022,Loxodonta_africana_GENE_3508,Ornithorhynchus_anatinus_GENE_3508
OG0000005,Loxodonta_africana_GENE_3570,Ornithorhynchus_anatinus_GENE_3570
OG0000042,Loxodonta_africana_GENE_3912,Ornithorhynchus_anatinus_GENE_3912
OG0000043,Loxodonta_africana_GENE_401,Ornithorhynchus_anatinus_GENE_401
OG0000024,Loxodonta_africana_GENE_609,Ornithorhynchus_anatinus_GENE_609
OG0000054,Loxodonta_africana_GENE_634,Ornithorhynchus_anatinus_GENE_634
OG0000009,Loxodonta_africana_GENE_730,Ornithorhynchus_anatinus_GENE_730
