Orthogroup,Loxodonta,Neoceratodus
OG0000013,Loxodonta_africana_GENE_1224,Neoceratodus_forsteri_GENE_1224
OG0000000,Loxodonta_africana_GENE_1433,Neoceratodus_forsteri_GENE_1433
OG0000027,Loxodonta_africana_GENE_1465,Neoceratodus_forsteri_GENE_1465
OG0000055,Loxodonta_africana_GENE_17,Neoceratodus_forsteri_GENE_17
OG0000029,Loxodonta_africana_GENE_1724,Neoceratodus_forsteri_GENE_1724
OG0000016,Loxodonta_africana_GENE_2244,Neoceratodus_forsteri_GENE_2244
OG0000032,Loxodonta_africana_GENE_2274,Neoceratodus_forsteri_GENE_2274
OG0000017,Loxodonta_africana_GENE_2459,Neoceratodus_forsteri_GENE_2459
OG0000048,Loxodonta_africana_GENE_2498,Neoceratodus_forsteri_GENE_2498
OG0000018,Loxodonta_africana_GENE_2772,Neoceratodus_forsteri_GENE_2772
OG0000036,Loxodonta_africana_GENE_2869,Neoceratodus_forsteri_GENE_2869
OG0000019,Loxodonta_africana_GENE_2903,Neoceratodus_forsteri_GENE_2903
OG0000002,Loxodonta_africana_GENE_3026,Neoceratodus_forsteri_GENE_3026
OG0000052,Loxodonta_africana_GENE_3317,Neoceratodus_forsteri_GENE_3317
OG0000022,Loxodonta_africana_GENE_3508,Neoceratodus_forsteri_GENE_3508
OG0000007,Loxodonta_africana_GENE_3907,Neoceratodus_forsteri_GENE_3907
OG0000053,Loxodonta_africana_GENE_3913,Neoceratodus_forsteri_GENE_3913
OG0000043,Loxodonta_africana_GENE_401,Neoceratodus_forsteri_GENE_401
OG0000008,Loxodonta_africana_GENE_541,Neoceratodus_forsteri_GENE_541
OG0000024,Loxodonta_africana_GENE_609,Neoceratodus_forsteri_GENE_609
OG0000054,Loxodonta_africana_GENE_634,Neoceratodus_forsteri_GENE_634
OG0000026,Loxodonta_africana_GENE_974,Neoceratodus_forsteri_GENE_974
