Orthogroup,Loxodonta,Dasypus
OG0000012,Loxodonta_africana_GENE_1206,Dasypus_novemcinctus_GENE_1206
OG0000027,Loxodonta_africana_GENE_1465,Dasypus_novemcinctus_GENE_1465
OG0000014,Loxodonta_africana_GENE_1646,Dasypus_novemcinctus_GENE_1646
OG0000028,Loxodonta_africana_GENE_1671,Dasypus_novemcinctus_GENE_1671
OG0000055,Loxodonta_africana_GENE_17,Dasypus_novemcinctus_GENE_17
OG0000031,Loxodonta_africana_GENE_2024,Dasypus_novemcinctus_GENE_2024
OG0000047,Loxodonta_africana_GENE_2063,Dasypus_novemcinctus_GENE_2063
OG0000035,Loxodonta_africana_GENE_2537,Dasypus_novemcinctus_GENE_2537
OG0000018,Loxodonta_africana_GENE_2772,Dasypus_novemcinctus_GENE_2772
OG0000019,Loxodonta_africana_GENE_2903,Dasypus_novemcinctus_GENE_2903
OG0000049,Loxodonta_africana_GENE_3058,Dasypus_novemcinctus_GENE_3058
OG0000038,Loxodonta_africana_GENE_3150,Dasypus_novemcinctus_GENE_3150
OG0000051,Loxodonta_africana_GENE_3283,Dasypus_novemcinctus_GENE_3283
OG0000021,Loxodonta_africana_GENE_3458,Dasypus_novemcinctus_GENE_3458
OG0000022,Loxodonta_africana_GENE_3508,Dasypus_novemcinctus_GENE_3508
OG0000005,Loxodonta_africana_GENE_3570,Dasypus_novemcinctus_GENE_3570
OG0000046,Loxodonta_africana_GENE_368,Dasypus_novemcinctus_GENE_368
OG0000053,Loxodonta_africana_GENE_3913,Dasypus_novemcinctus_GENE_3913
OG0000043,Loxodonta_africana_GENE_401,Dasypus_novemcinctus_GENE_401
OG0000008,Loxodonta_africana_GENE_541,Dasypus_novemcinctus_GENE_541
OG0000044,Loxodonta_africana_GENE_583,Dasypus_novemcinctus_GENE_583
OG0000024,Loxodonta_africana_GENE_609,Dasypus_novemcinctus_GENE_609
OG0000009,Loxodonta_africana_GENE_730,Dasypus_novemcinctus_GENE_730
