Orthogroup,Loxodonta,Protopterus
OG0000013,Loxodonta_africana_GENE_1224,Protopterus_annectens_GENE_1224
OG0000000,Loxodonta_africana_GENE_1433,Protopterus_annectens_GENE_1433
OG0000027,Loxodonta_africana_GENE_1465,Protopterus_annectens_GENE_1465
OG0000055,Loxodonta_africana_GENE_17,Protopterus_annectens_GENE_17
OG0000029,Loxodonta_africana_GENE_1724,Protopterus_annectens_GENE_1724
OG0000016,Loxodonta_africana_GENE_2244,Protopterus_annectens_GENE_2244
OG0000032,Loxodonta_africana_GENE_2274,Protopterus_annectens_GENE_2274
OG0000017,Loxodonta_africana_GENE_2459,Protopterus_annectens_GENE_2459
OG0000048,Loxodonta_africana_GENE_2498,Protopterus_annectens_GENE_2498
OG0000018,Loxodonta_africana_GENE_2772,Protopterus_annectens_GENE_2772
OG0000036,Loxodonta_africana_GENE_2869,Protopterus_annectens_GENE_2869
OG0000019,Loxodonta_africana_GENE_2903,Protopterus_annectens_GENE_2903
OG0000002,Loxodonta_africana_GENE_3026,Protopterus_annectens_GENE_3026
OG0000052,Loxodonta_africana_GENE_3317,Protopterus_annectens_GENE_3317
OG0000040,Loxodonta_africana_GENE_3515,Protopterus_annectens_GENE_3515
OG0000007,Loxodonta_africana_GENE_3907,Protopterus_annectens_GENE_3907
OG0000053,Loxodonta_africana_GENE_3913,Protopterus_annectens_GENE_3913
OG0000043,Loxodonta_africana_GENE_401,Protopterus_annectens_GENE_401
OG0000008,Loxodonta_africana_GENE_541,Protopterus_annectens_GENE_541
OG0000024,Loxodonta_africana_GENE_609,Protopterus_annectens_GENE_609
OG0000054,Loxodonta_africana_GENE_634,Protopterus_annectens_GENE_634
OG0000026,Loxodonta_africana_GENE_974,Protopterus_annectens_GENE_974
