Orthogroup,Loxodonta,Takifugu
OG0000012,Loxodonta_africana_GENE_1206,Takifugu_rubripes_GENE_1206
OG0000013,Loxodonta_africana_GENE_1224,Takifugu_rubripes_GENE_1224
OG0000000,Loxodonta_africana_GENE_1433,Takifugu_rubripes_GENE_1433
OG0000055,Loxodonta_africana_GENE_17,Takifugu_rubripes_GENE_17
OG0000016,Loxodonta_africana_GENE_2244,Takifugu_rubripes_GENE_2244
OG0000032,Loxodonta_africana_GENE_2274,Takifugu_rubripes_GENE_2274
OG0000017,Loxodonta_africana_GENE_2459,Takifugu_rubripes_GENE_2459
OG0000035,Loxodonta_africana_GENE_2537,Takifugu_rubripes_GENE_2537
OG0000018,Loxodonta_africana_GENE_2772,Takifugu_rubripes_GENE_2772
OG0000036,Loxodonta_africana_GENE_2869,Takifugu_rubripes_GENE_2869
OG0000019,Loxodonta_africana_GENE_2903,Takifugu_rubripes_GENE_2903
OG0000002,Loxodonta_africana_GENE_3026,Takifugu_rubripes_GENE_3026
OG0000052,Loxodonta_africana_GENE_3317,Takifugu_rubripes_GENE_3317
OG0000041,Loxodonta_africana_GENE_39,Takifugu_rubripes_GENE_39
OG0000007,Loxodonta_africana_GENE_3907,Takifugu_rubripes_GENE_3907
OG0000008,Loxodonta_africana_GENE_541,Takifugu_rubripes_GENE_541
OG0000054,Loxodonta_africana_GENE_634,Takifugu_rubripes_GENE_634
OG0000026,Loxodonta_africana_GENE_974,Takifugu_rubripes_GENE_974
