Orthogroup,Loxodonta,Homo
OG0000012,Loxodonta_africana_GENE_1206,Homo_sapiens_GENE_1206
OG0000027,Loxodonta_africana_GENE_1465,Homo_sapiens_GENE_1465
OG0000028,Loxodonta_africana_GENE_1671,Homo_sapiens_GENE_1671
OG0000055,Loxodonta_africana_GENE_17,Homo_sapiens_GENE_17
OG0000029,Loxodonta_africana_GENE_1724,Homo_sapiens_GENE_1724
OG0000031,Loxodonta_africana_GENE_2024,Homo_sapiens_GENE_2024
OG0000015,Loxodonta_africana_GENE_2194,Homo_sapiens_GENE_2194
OG0000035,Loxodonta_africana_GENE_2537,Homo_sapiens_GENE_2537
OG0000018,Loxodonta_africana_GENE_2772,Homo_sapiens_GENE_2772
OG0000019,Loxodonta_africana_GENE_2903,Homo_sapiens_GENE_2903
OG0000051,Loxodonta_africana_GENE_3283,Homo_sapiens_GENE_3283
OG0000052,Loxodonta_africana_GENE_3317,Homo_sapiens_GENE_3317
OG0000004,Loxodonta_africana_GENE_343,Homo_sapiens_GENE_343
OG0000021,Loxodonta_africana_GENE_3458,Homo_sapiens_GENE_3458
OG0000022,Loxodonta_africana_GENE_3508,Homo_sapiens_GENE_3508
OG0000040,Loxodonta_africana_GENE_3515,Homo_sapiens_GENE_3515
OG0000005,Loxodonta_africana_GENE_3570,Homo_sapiens_GENE_3570
OG0000046,Loxodonta_africana_GENE_368,Homo_sapiens_GENE_368
OG0000006,Loxodonta_africana_GENE_3818,Homo_sapiens_GENE_3818
OG0000053,Loxodonta_africana_GENE_3913,Homo_sapiens_GENE_3913
OG0000043,Loxodonta_africana_GENE_401,Homo_sapiens_GENE_401
OG0000024,Loxodonta_africana_GENE_609,Homo_sapiens_GENE_609
OG0000009,Loxodonta_africana_GENE_730,Homo_sapiens_GENE_730
OG0000045,Loxodonta_africana_GENE_952,Homo_sapiens_GENE_952
OG0000026,Loxodonta_africana_GENE_974,Homo_sapiens_GENE_974
