Orthogroup,Loxodonta,Meleagris
OG0000010,Loxodonta_africana_GENE_1086,Meleagris_gallopavo_GENE_1086
OG0000027,Loxodonta_africana_GENE_1465,Meleagris_gallopavo_GENE_1465
OG0000031,Loxodonta_africana_GENE_2024,Meleagris_gallopavo_GENE_2024
OG0000047,Loxodonta_africana_GENE_2063,Meleagris_gallopavo_GENE_2063
OG0000032,Loxodonta_africana_GENE_2274,Meleagris_gallopavo_GENE_2274
OG0000001,Loxodonta_africana_GENE_2421,Meleagris_gallopavo_GENE_2421
OG0000048,Loxodonta_africana_GENE_2498,Meleagris_gallopavo_GENE_2498
OG0000035,Loxodonta_africana_GENE_2537,Meleagris_gallopavo_GENE_2537
OG0000036,Loxodonta_africana_GENE_2869,Meleagris_gallopavo_GENE_2869
OG0000019,Loxodonta_africana_GENE_2903,Meleagris_gallopavo_GENE_2903
OG0000037,Loxodonta_africana_GENE_3089,Meleagris_gallopavo_GENE_3089
OG0000039,Loxodonta_africana_GENE_3290,Meleagris_gallopavo_GENE_3290
OG0000052,Loxodonta_africana_GENE_3317,Meleagris_gallopavo_GENE_3317
OG0000021,Loxodonta_africana_GENE_3458,Meleagris_gallopavo_GENE_3458
OG0000040,Loxodonta_africana_GENE_3515,Meleagris_gallopavo_GENE_3515
OG0000006,Loxodonta_africana_GENE_3818,Meleagris_gallopavo_GENE_3818
OG0000041,Loxodonta_africana_GENE_39,Meleagris_gallopavo_GENE_39
OG0000007,Loxodonta_africana_GENE_3907,Meleagris_gallopavo_GENE_3907
OG0000043,Loxodonta_africana_GENE_401,Meleagris_gallopavo_GENE_401
OG0000024,Loxodonta_africana_GENE_609,Meleagris_gallopavo_GENE_609
OG0000009,Loxodonta_africana_GENE_730,Meleagris_gallopavo_GENE_730
OG0000026,Loxodonta_africana_GENE_974,Meleagris_gallopavo_GENE_974
