Orthogroup,Loxodonta,Monodelphis
OG0000012,Loxodonta_africana_GENE_1206,Monodelphis_domestica_GENE_1206
OG0000013,Loxodonta_africana_GENE_1224,Monodelphis_domestica_GENE_1224
OG0000027,Loxodonta_africana_GENE_1465,Monodelphis_domestica_GENE_1465
OG0000014,Loxodonta_africana_GENE_1646,Monodelphis_domestica_GENE_1646
OG0000028,Loxodonta_africana_GENE_1671,Monodelphis_domestica_GENE_1671
OG0000031,Loxodonta_africana_GENE_2024,Monodelphis_domestica_GENE_2024
OG0000047,Loxodonta_africana_GENE_2063,Monodelphis_domestica_GENE_2063
OG0000015,Loxodonta_africana_GENE_2194,Monodelphis_domestica_GENE_2194
OG0000032,Loxodonta_africana_GENE_2274,Monodelphis_domestica_GENE_2274
OG0000017,Loxodonta_africana_GENE_2459,Monodelphis_domestica_GENE_2459
OG0000034,Loxodonta_africana_GENE_248,Monodelphis_domestica_GENE_248
OG0000048,Loxodonta_africana_GENE_2498,Monodelphis_domestica_GENE_2498
OG0000035,Loxodonta_africana_GENE_2537,Monodelphis_domestica_GENE_2537
OG0000037,Loxodonta_africana_GENE_3089,Monodelphis_domestica_GENE_3089
OG0000039,Loxodonta_africana_GENE_3290,Monodelphis_domestica_GENE_3290
OG0000052,Loxodonta_africana_GENE_3317,Monodelphis_domestica_GENE_3317
OG0000004,Loxodonta_africana_GENE_343,Monodelphis_domestica_GENE_343
OG0000021,Loxodonta_africana_GENE_3458,Monodelphis_domestica_GENE_3458
OG0000022,Loxodonta_africana_GENE_3508,Monodelphis_domestica_GENE_3508
OG0000040,Loxodonta_africana_GENE_3515,Monodelphis_domestica_GENE_3515
OG0000005,Loxodonta_africana_GENE_3570,Monodelphis_domestica_GENE_3570
OG0000046,Loxodonta_africana_GENE_368,Monodelphis_domestica_GENE_368
OG0000006,Loxodonta_africana_GENE_3818,Monodelphis_domestica_GENE_3818
OG0000041,Loxodonta_africana_GENE_39,Monodelphis_domestica_GENE_39
OG0000007,Loxodonta_africana_GENE_3907,Monodelphis_domestica_GENE_3907
OG0000053,Loxodonta_africana_GENE_3913,Monodelphis_domestica_GENE_3913
OG0000043,Loxodonta_africana_GENE_401,Monodelphis_domestica_GENE_401
OG0000054,Loxodonta_africana_GENE_634,Monodelphis_domestica_GENE_634
OG0000009,Loxodonta_africana_GENE_730,Monodelphis_domestica_GENE_730
