Orthogroup,Loxodonta,Macropus
OG0000012,Loxodonta_africana_GENE_1206,Macropus_eugenii_GENE_1206
OG0000013,Loxodonta_africana_GENE_1224,Macropus_eugenii_GENE_1224
OG0000027,Loxodonta_africana_GENE_1465,Macropus_eugenii_GENE_1465
OG0000014,Loxodonta_africana_GENE_1646,Macropus_eugenii_GENE_1646
OG0000028,Loxodonta_africana_GENE_1671,Macropus_eugenii_GENE_1671
OG0000047,Loxodonta_africana_GENE_2063,Macropus_eugenii_GENE_2063
OG0000015,Loxodonta_africana_GENE_2194,Macropus_eugenii_GENE_2194
OG0000032,Loxodonta_africana_GENE_2274,Macropus_eugenii_GENE_2274
OG0000001,Loxodonta_africana_GENE_2421,Macropus_eugenii_GENE_2421
OG0000034,Loxodonta_africana_GENE_248,Macropus_eugenii_GENE_248
OG0000048,Loxodonta_africana_GENE_2498,Macropus_eugenii_GENE_2498
OG0000035,Loxodonta_africana_GENE_2537,Macropus_eugenii_GENE_2537
OG0000019,Loxodonta_africana_GENE_2903,Macropus_eugenii_GENE_2903
OG0000037,Loxodonta_africana_GENE_3089,Macropus_eugenii_GENE_3089
OG0000039,Loxodonta_africana_GENE_3290,Macropus_eugenii_GENE_3290
OG0000052,Loxodonta_africana_GENE_3317,Macropus_eugenii_GENE_3317
OG0000004,Loxodonta_africana_GENE_343,Macropus_eugenii_GENE_343
OG0000021,Loxodonta_africana_GENE_3458,Macropus_eugenii_GENE_3458
OG0000022,Loxodonta_africana_GENE_3508,Macropus_eugenii_GENE_3508
OG0000005,Loxodonta_africana_GENE_3570,Macropus_eugenii_GENE_3570
OG0000046,Loxodonta_africana_GENE_368,Macropus_eugenii_GENE_368
OG0000006,Loxodonta_africana_GENE_3818,Macropus_eugenii_GENE_3818
OG0000042,Loxodonta_africana_GENE_3912,Macropus_eugenii_GENE_3912
OG0000043,Loxodonta_africana_GENE_401,Macropus_eugenii_GENE_401
OG0000044,Loxodonta_africana_GENE_583,Macropus_eugenii_GENE_583
OG0000054,Loxodonta_africana_GENE_634,Macropus_eugenii_GENE_634
OG0000009,Loxodonta_africana_GENE_730,Macropus_eugenii_GENE_730
