Orthogroup,Loxodonta,Pelodiscus
OG0000010,Loxodonta_africana_GENE_1086,Pelodiscus_sinensis_GENE_1086
OG0000013,Loxodonta_africana_GENE_1224,Pelodiscus_sinensis_GENE_1224
OG0000027,Loxodonta_africana_GENE_1465,Pelodiscus_sinensis_GENE_1465
OG0000028,Loxodonta_africana_GENE_1671,Pelodiscus_sinensis_GENE_1671
OG0000047,Loxodonta_africana_GENE_2063,Pelodiscus_sinensis_GENE_2063
OG0000032,Loxodonta_africana_GENE_2274,Pelodiscus_sinensis_GENE_2274
OG0000001,Loxodonta_africana_GENE_2421,Pelodiscus_sinensis_GENE_2421
OG0000048,Loxodonta_africana_GENE_2498,Pelodiscus_sinensis_GENE_2498
OG0000035,Loxodonta_africana_GENE_2537,Pelodiscus_sinensis_GENE_2537
OG0000036,Loxodonta_africana_GENE_2869,Pelodiscus_sinensis_GENE_2869
OG0000019,Loxodonta_africana_GENE_2903,Pelodiscus_sinensis_GENE_2903
OG0000037,Loxodonta_africana_GENE_3089,Pelodiscus_sinensis_GENE_3089
OG0000039,Loxodonta_africana_GENE_3290,Pelodiscus_sinensis_GENE_3290
OG0000052,Loxodonta_africana_GENE_3317,Pelodiscus_sinensis_GENE_3317
OG0000021,Loxodonta_africana_GENE_3458,Pelodiscus_sinensis_GENE_3458
OG0000040,Loxodonta_africana_GENE_3515,Pelodiscus_sinensis_GENE_3515
OG0000006,Loxodonta_africana_GENE_3818,Pelodiscus_sinensis_GENE_3818
OG0000041,Loxodonta_africana_GENE_39,Pelodiscus_sinensis_GENE_39
OG0000007,Loxodonta_africana_GENE_3907,Pelodiscus_sinensis_GENE_3907
OG0000043,Loxodonta_africana_GENE_401,Pelodiscus_sinensis_GENE_401
OG0000044,Loxodonta_africana_GENE_583,Pelodiscus_sinensis_GENE_583
OG0000024,Loxodonta_africana_GENE_609,Pelodiscus_sinensis_GENE_609
OG0000009,Loxodonta_africana_GENE_730,Pelodiscus_sinensis_GENE_730
