Orthogroup,Loxodonta,Lepidosiren
OG0000013,Loxodonta_africana_GENE_1224,Lepidosiren_paradoxa_GENE_1224
OG0000000,Loxodonta_africana_GENE_1433,Lepidosiren_paradoxa_GENE_1433
OG0000027,Loxodonta_africana_GENE_1465,Lepidosiren_paradoxa_GENE_1465
OG0000055,Loxodonta_africana_GENE_17,Lepidosiren_paradoxa_GENE_17
OG0000029,Loxodonta_africana_GENE_1724,Lepidosiren_paradoxa_GENE_1724
OG0000016,Loxodonta_africana_GENE_2244,Lepidosiren_paradoxa_GENE_2244
OG0000032,Loxodonta_africana_GENE_2274,Lepidosiren_paradoxa_GENE_2274
OG0000017,Loxodonta_africana_GENE_2459,Lepidosiren_paradoxa_GENE_2459
OG0000048,Loxodonta_africana_GENE_2498,Lepidosiren_paradoxa_GENE_2498
OG0000018,Loxodonta_africana_GENE_2772,Lepidosiren_paradoxa_GENE_2772
OG0000036,Loxodonta_africana_GENE_2869,Lepidosiren_paradoxa_GENE_2869
OG0000019,Loxodonta_africana_GENE_2903,Lepidosiren_paradoxa_GENE_2903
OG0000002,Loxodonta_africana_GENE_3026,Lepidosiren_paradoxa_GENE_3026
OG0000052,Loxodonta_africana_GENE_3317,Lepidosiren_paradoxa_GENE_3317
OG0000040,Loxodonta_africana_GENE_3515,Lepidosiren_paradoxa_GENE_3515
OG0000005,Loxodonta_africana_GENE_3570,Lepidosiren_paradoxa_GENE_3570
OG0000007,Loxodonta_africana_GENE_3907,Lepidosiren_paradoxa_GENE_3907
OG0000053,Loxodonta_africana_GENE_3913,Lepidosiren_paradoxa_GENE_3913
OG0000043,Loxodonta_africana_GENE_401,Lepidosiren_paradoxa_GENE_401
OG0000008,Loxodonta_africana_GENE_541,Lepidosiren_paradoxa_GENE_541
OG0000024,Loxodonta_africana_GENE_609,Lepidosiren_paradoxa_GENE_609
OG0000054,Loxodonta_africana_GENE_634,Lepidosiren_paradoxa_GENE_634
OG0000025,Loxodonta_africana_GENE_697,Lepidosiren_paradoxa_GENE_697
OG0000026,Loxodonta_africana_GENE_974,Lepidosiren_paradoxa_GENE_974
