Orthogroup,Protopterus,Macropus
OG0000013,Protopterus_annectens_GENE_1224,Macropus_eugenii_GENE_1224
OG0000000,Protopterus_annectens_GENE_1433,Macropus_eugenii_GENE_1433
OG0000027,Protopterus_annectens_GENE_1465,Macropus_eugenii_GENE_1465
OG0000055,Protopterus_annectens_GENE_17,Macropus_eugenii_GENE_17
OG0000029,Protopterus_annectens_GENE_1724,Macropus_eugenii_GENE_1724
OG0000032,Protopterus_annectens_GENE_2274,Macropus_eugenii_GENE_2274
OG0000048,Protopterus_annectens_GENE_2498,Macropus_eugenii_GENE_2498
OG0000018,Protopterus_annectens_GENE_2772,Macropus_eugenii_GENE_2772
OG0000036,Protopterus_annectens_GENE_2869,Macropus_eugenii_GENE_2869
OG0000019,Protopterus_annectens_GENE_2903,Macropus_eugenii_GENE_2903
OG0000002,Protopterus_annectens_GENE_3026,Macropus_eugenii_GENE_3026
OG0000050,Protopterus_annectens_GENE_3210,Macropus_eugenii_GENE_3210
OG0000052,Protopterus_annectens_GENE_3317,Macropus_eugenii_GENE_3317
OG0000040,Protopterus_annectens_GENE_3515,Macropus_eugenii_GENE_3515
OG0000007,Protopterus_annectens_GENE_3907,Macropus_eugenii_GENE_3907
OG0000043,Protopterus_annectens_GENE_401,Macropus_eugenii_GENE_401
OG0000008,Protopterus_annectens_GENE_541,Macropus_eugenii_GENE_541
OG0000024,Protopterus_annectens_GENE_609,Macropus_eugenii_GENE_609
OG0000054,Protopterus_annectens_GENE_634,Macropus_eugenii_GENE_634
OG0000025,Protopterus_annectens_GENE_697,Macropus_eugenii_GENE_697
