Orthogroup,Protopterus,Monodelphis
OG0000013,Protopterus_annectens_GENE_1224,Monodelphis_domestica_GENE_1224
OG0000000,Protopterus_annectens_GENE_1433,Monodelphis_domestica_GENE_1433
OG0000027,Protopterus_annectens_GENE_1465,Monodelphis_domestica_GENE_1465
OG0000029,Protopterus_annectens_GENE_1724,Monodelphis_domestica_GENE_1724
OG0000016,Protopterus_annectens_GENE_2244,Monodelphis_domestica_GENE_2244
OG0000032,Protopterus_annectens_GENE_2274,Monodelphis_domestica_GENE_2274
OG0000017,Protopterus_annectens_GENE_2459,Monodelphis_domestica_GENE_2459
OG0000048,Protopterus_annectens_GENE_2498,Monodelphis_domestica_GENE_2498
OG0000018,Protopterus_annectens_GENE_2772,Monodelphis_domestica_GENE_2772
OG0000036,Protopterus_annectens_GENE_2869,Monodelphis_domestica_GENE_2869
OG0000002,Protopterus_annectens_GENE_3026,Monodelphis_domestica_GENE_3026
OG0000052,Protopterus_annectens_GENE_3317,Monodelphis_domestica_GENE_3317
OG0000040,Protopterus_annectens_GENE_3515,Monodelphis_domestica_GENE_3515
OG0000007,Protopterus_annectens_GENE_3907,Monodelphis_domestica_GENE_3907
OG0000053,Protopterus_annectens_GENE_3913,Monodelphis_domestica_GENE_3913
OG0000043,Protopterus_annectens_GENE_401,Monodelphis_domestica_GENE_401
OG0000008,Protopterus_annectens_GENE_541,Monodelphis_domestica_GENE_541
OG0000024,Protopterus_annectens_GENE_609,Monodelphis_domestica_GENE_609
OG0000054,Protopterus_annectens_GENE_634,Monodelphis_domestica_GENE_634
OG0000026,Protopterus_annectens_GENE_974,Monodelphis_domestica_GENE_974
