Orthogroup,Protopterus,Danio
OG0000011,Protopterus_annectens_GENE_1093,Danio_rerio_GENE_1093
OG0000055,Protopterus_annectens_GENE_17,Danio_rerio_GENE_17
OG0000029,Protopterus_annectens_GENE_1724,Danio_rerio_GENE_1724
OG0000016,Protopterus_annectens_GENE_2244,Danio_rerio_GENE_2244
OG0000032,Protopterus_annectens_GENE_2274,Danio_rerio_GENE_2274
OG0000048,Protopterus_annectens_GENE_2498,Danio_rerio_GENE_2498
OG0000018,Protopterus_annectens_GENE_2772,Danio_rerio_GENE_2772
OG0000036,Protopterus_annectens_GENE_2869,Danio_rerio_GENE_2869
OG0000019,Protopterus_annectens_GENE_2903,Danio_rerio_GENE_2903
OG0000037,Protopterus_annectens_GENE_3089,Danio_rerio_GENE_3089
OG0000052,Protopterus_annectens_GENE_3317,Danio_rerio_GENE_3317
OG0000005,Protopterus_annectens_GENE_3570,Danio_rerio_GENE_3570
OG0000007,Protopterus_annectens_GENE_3907,Danio_rerio_GENE_3907
OG0000043,Protopterus_annectens_GENE_401,Danio_rerio_GENE_401
OG0000008,Protopterus_annectens_GENE_541,Danio_rerio_GENE_541
OG0000054,Protopterus_annectens_GENE_634,Danio_rerio_GENE_634
OG0000026,Protopterus_annectens_GENE_974,Danio_rerio_GENE_974
