Orthogroup,Protopterus,Ornithorhynchus
OG0000013,Protopterus_annectens_GENE_1224,Ornithorhynchus_anatinus_GENE_1224
OG0000000,Protopterus_annectens_GENE_1433,Ornithorhynchus_anatinus_GENE_1433
OG0000027,Protopterus_annectens_GENE_1465,Ornithorhynchus_anatinus_GENE_1465
OG0000029,Protopterus_annectens_GENE_1724,Ornithorhynchus_anatinus_GENE_1724
OG0000016,Protopterus_annectens_GENE_2244,Ornithorhynchus_anatinus_GENE_2244
OG0000017,Protopterus_annectens_GENE_2459,Ornithorhynchus_anatinus_GENE_2459
OG0000048,Protopterus_annectens_GENE_2498,Ornithorhynchus_anatinus_GENE_2498
OG0000019,Protopterus_annectens_GENE_2903,Ornithorhynchus_anatinus_GENE_2903
OG0000002,Protopterus_annectens_GENE_3026,Ornithorhynchus_anatinus_GENE_3026
OG0000050,Protopterus_annectens_GENE_3210,Ornithorhynchus_anatinus_GENE_3210
OG0000007,Protopterus_annectens_GENE_3907,Ornithorhynchus_anatinus_GENE_3907
OG0000043,Protopterus_annectens_GENE_401,Ornithorhynchus_anatinus_GENE_401
OG0000008,Protopterus_annectens_GENE_541,Ornithorhynchus_anatinus_GENE_541
OG0000044,Protopterus_annectens_GENE_583,Ornithorhynchus_anatinus_GENE_583
OG0000024,Protopterus_annectens_GENE_609,Ornithorhynchus_anatinus_GENE_609
OG0000054,Protopterus_annectens_GENE_634,Ornithorhynchus_anatinus_GENE_634
OG0000026,Protopterus_annectens_GENE_974,Ornithorhynchus_anatinus_GENE_974
