Orthogroup,Protopterus,Meleagris
OG0000000,Protopterus_annectens_GENE_1433,Meleagris_gallopavo_GENE_1433
OG0000027,Protopterus_annectens_GENE_1465,Meleagris_gallopavo_GENE_1465
OG0000055,Protopterus_annectens_GENE_17,Meleagris_gallopavo_GENE_17
OG0000029,Protopterus_annectens_GENE_1724,Meleagris_gallopavo_GENE_1724
OG0000016,Protopterus_annectens_GENE_2244,Meleagris_gallopavo_GENE_2244
OG0000032,Protopterus_annectens_GENE_2274,Meleagris_gallopavo_GENE_2274
OG0000048,Protopterus_annectens_GENE_2498,Meleagris_gallopavo_GENE_2498
OG0000018,Protopterus_annectens_GENE_2772,Meleagris_gallopavo_GENE_2772
OG0000036,Protopterus_annectens_GENE_2869,Meleagris_gallopavo_GENE_2869
OG0000019,Protopterus_annectens_GENE_2903,Meleagris_gallopavo_GENE_2903
OG0000002,Protopterus_annectens_GENE_3026,Meleagris_gallopavo_GENE_3026
OG0000050,Protopterus_annectens_GENE_3210,Meleagris_gallopavo_GENE_3210
OG0000052,Protopterus_annectens_GENE_3317,Meleagris_gallopavo_GENE_3317
OG0000040,Protopterus_annectens_GENE_3515,Meleagris_gallopavo_GENE_3515
OG0000005,Protopterus_annectens_GENE_3570,Meleagris_gallopavo_GENE_3570
OG0000007,Protopterus_annectens_GENE_3907,Meleagris_gallopavo_GENE_3907
OG0000043,Protopterus_annectens_GENE_401,Meleagris_gallopavo_GENE_401
OG0000008,Protopterus_annectens_GENE_541,Meleagris_gallopavo_GENE_541
OG0000024,Protopterus_annectens_GENE_609,Meleagris_gallopavo_GENE_609
OG0000026,Protopterus_annectens_GENE_974,Meleagris_gallopavo_GENE_974
