Orthogroup,Protopterus,Loxodonta
OG0000013,Protopterus_annectens_GENE_1224,Loxodonta_africana_GENE_1224
OG0000000,Protopterus_annectens_GENE_1433,Loxodonta_africana_GENE_1433
OG0000027,Protopterus_annectens_GENE_1465,Loxodonta_africana_GENE_1465
OG0000055,Protopterus_annectens_GENE_17,Loxodonta_africana_GENE_17
OG0000029,Protopterus_annectens_GENE_1724,Loxodonta_africana_GENE_1724
OG0000016,Protopterus_annectens_GENE_2244,Loxodonta_africana_GENE_2244
OG0000032,Protopterus_annectens_GENE_2274,Loxodonta_africana_GENE_2274
OG0000017,Protopterus_annectens_GENE_2459,Loxodonta_africana_GENE_2459
OG0000048,Protopterus_annectens_GENE_2498,Loxodonta_africana_GENE_2498
OG0000018,Protopterus_annectens_GENE_2772,Loxodonta_africana_GENE_2772
OG0000036,Protopterus_annectens_GENE_2869,Loxodonta_africana_GENE_2869
OG0000019,Protopterus_annectens_GENE_2903,Loxodonta_africana_GENE_2903
OG0000002,Protopterus_annectens_GENE_3026,Loxodonta_africana_GENE_3026
OG0000052,Protopterus_annectens_GENE_3317,Loxodonta_africana_GENE_3317
OG0000040,Protopterus_annectens_GENE_3515,Loxodonta_africana_GENE_3515
OG0000007,Protopterus_annectens_GENE_3907,Loxodonta_africana_GENE_3907
OG0000053,Protopterus_annectens_GENE_3913,Loxodonta_africana_GENE_3913
OG0000043,Protopterus_annectens_GENE_401,Loxodonta_africana_GENE_401
OG0000008,Protopterus_annectens_GENE_541,Loxodonta_africana_GENE_541
OG0000024,Protopterus_annectens_GENE_609,Loxodonta_africana_GENE_609
OG0000054,Protopterus_annectens_GENE_634,Loxodonta_africana_GENE_634
OG0000026,Protopterus_annectens_GENE_974,Loxodonta_africana_GENE_974
