Orthogroup,Protopterus,Neoceratodus
OG0000010,Protopterus_annectens_GENE_1086,Neoceratodus_forsteri_GENE_1086
OG0000011,Protopterus_annectens_GENE_1093,Neoceratodus_forsteri_GENE_1093
OG0000012,Protopterus_annectens_GENE_1206,Neoceratodus_forsteri_GENE_1206
OG0000013,Protopterus_annectens_GENE_1224,Neoceratodus_forsteri_GENE_1224
OG0000027,Protopterus_annectens_GENE_1465,Neoceratodus_forsteri_GENE_1465
OG0000055,Protopterus_annectens_GENE_17,Neoceratodus_forsteri_GENE_17
OG0000029,Protopterus_annectens_GENE_1724,Neoceratodus_forsteri_GENE_1724
OG0000030,Protopterus_annectens_GENE_1984,Neoceratodus_forsteri_GENE_1984
OG0000047,Protopterus_annectens_GENE_2063,Neoceratodus_forsteri_GENE_2063
OG0000015,Protopterus_annectens_GENE_2194,Neoceratodus_forsteri_GENE_2194
OG0000032,Protopterus_annectens_GENE_2274,Neoceratodus_forsteri_GENE_2274
OG0000017,Protopterus_annectens_GENE_2459,Neoceratodus_forsteri_GENE_2459
OG0000034,Protopterus_annectens_GENE_248,Neoceratodus_forsteri_GENE_248
OG0000048,Protopterus_annectens_GENE_2498,Neoceratodus_forsteri_GENE_2498
OG0000035,Protopterus_annectens_GENE_2537,Neoceratodus_forsteri_GENE_2537
OG0000018,Protopterus_annectens_GENE_2772,Neoceratodus_forsteri_GENE_2772
OG0000036,Protopterus_annectens_GENE_2869,Neoceratodus_forsteri_GENE_2869
OG0000019,Protopterus_annectens_GENE_2903,Neoceratodus_forsteri_GENE_2903
OG0000002,Protopterus_annectens_GENE_3026,Neoceratodus_forsteri_GENE_3026
OG0000037,Protopterus_annectens_GENE_3089,Neoceratodus_forsteri_GENE_3089
OG0000038,Protopterus_annectens_GENE_3150,Neoceratodus_forsteri_GENE_3150
OG0000052,Protopterus_annectens_GENE_3317,Neoceratodus_forsteri_GENE_3317
OG0000020,Protopterus_annectens_GENE_3353,Neoceratodus_forsteri_GENE_3353
OG0000003,Protopterus_annectens_GENE_3380,Neoceratodus_forsteri_GENE_3380
OG0000004,Protopterus_annectens_GENE_343,Neoceratodus_forsteri_GENE_343
OG0000021,Protopterus_annectens_GENE_3458,Neoceratodus_forsteri_GENE_3458
OG0000005,Protopterus_annectens_GENE_3570,Neoceratodus_forsteri_GENE_3570
OG0000046,Protopterus_annectens_GENE_368,Neoceratodus_forsteri_GENE_368
OG0000006,Protopterus_annectens_GENE_3818,Neoceratodus_forsteri_GENE_3818
OG0000041,Protopterus_annectens_GENE_39,Neoceratodus_forsteri_GENE_39
OG0000007,Protopterus_annectens_GENE_3907,Neoceratodus_forsteri_GENE_3907
OG0000042,Protopterus_annectens_GENE_3912,Neoceratodus_forsteri_GENE_3912
OG0000053,Protopterus_annectens_GENE_3913,Neoceratodus_forsteri_GENE_3913
OG0000023,Protopterus_annectens_GENE_3942,Neoceratodus_forsteri_GENE_3942
OG0000043,Protopterus_annectens_GENE_401,Neoceratodus_forsteri_GENE_401
OG0000008,Protopterus_annectens_GENE_541,Neoceratodus_forsteri_GENE_541
OG0000044,Protopterus_annectens_GENE_583,Neoceratodus_forsteri_GENE_583
OG0000024,Protopterus_annectens_GENE_609,Neoceratodus_forsteri_GENE_609
OG0000054,Protopterus_annectens_GENE_634,Neoceratodus_forsteri_GENE_634
OG0000025,Protopterus_annectens_GENE_697,Neoceratodus_forsteri_GENE_697
OG0000009,Protopterus_annectens_GENE_730,Neoceratodus_forsteri_GENE_730
OG0000045,Protopterus_annectens_GENE_952,Neoceratodus_forsteri_GENE_952
