Orthogroup,Protopterus,Oreochromis
OG0000011,Protopterus_annectens_GENE_1093,Oreochromis_niloticus_GENE_1093
OG0000013,Protopterus_annectens_GENE_1224,Oreochromis_niloticus_GENE_1224
OG0000055,Protopterus_annectens_GENE_17,Oreochromis_niloticus_GENE_17
OG0000016,Protopterus_annectens_GENE_2244,Oreochromis_niloticus_GENE_2244
OG0000018,Protopterus_annectens_GENE_2772,Oreochromis_niloticus_GENE_2772
OG0000036,Protopterus_annectens_GENE_2869,Oreochromis_niloticus_GENE_2869
OG0000019,Protopterus_annectens_GENE_2903,Oreochromis_niloticus_GENE_2903
OG0000049,Protopterus_annectens_GENE_3058,Oreochromis_niloticus_GENE_3058
OG0000052,Protopterus_annectens_GENE_3317,Oreochromis_niloticus_GENE_3317
OG0000020,Protopterus_annectens_GENE_3353,Oreochromis_niloticus_GENE_3353
OG0000021,Protopterus_annectens_GENE_3458,Oreochromis_niloticus_GENE_3458
OG0000005,Protopterus_annectens_GENE_3570,Oreochromis_niloticus_GENE_3570
OG0000007,Protopterus_annectens_GENE_3907,Oreochromis_niloticus_GENE_3907
OG0000008,Protopterus_annectens_GENE_541,Oreochromis_niloticus_GENE_541
OG0000054,Protopterus_annectens_GENE_634,Oreochromis_niloticus_GENE_634
OG0000026,Protopterus_annectens_GENE_974,Oreochromis_niloticus_GENE_974
