Orthogroup,Protopterus,Takifugu
OG0000011,Protopterus_annectens_GENE_1093,Takifugu_rubripes_GENE_1093
OG0000013,Protopterus_annectens_GENE_1224,Takifugu_rubripes_GENE_1224
OG0000055,Protopterus_annectens_GENE_17,Takifugu_rubripes_GENE_17
OG0000016,Protopterus_annectens_GENE_2244,Takifugu_rubripes_GENE_2244
OG0000001,Protopterus_annectens_GENE_2421,Takifugu_rubripes_GENE_2421
OG0000018,Protopterus_annectens_GENE_2772,Takifugu_rubripes_GENE_2772
OG0000036,Protopterus_annectens_GENE_2869,Takifugu_rubripes_GENE_2869
OG0000019,Protopterus_annectens_GENE_2903,Takifugu_rubripes_GENE_2903
OG0000049,Protopterus_annectens_GENE_3058,Takifugu_rubripes_GENE_3058
OG0000052,Protopterus_annectens_GENE_3317,Takifugu_rubripes_GENE_3317
OG0000020,Protopterus_annectens_GENE_3353,Takifugu_rubripes_GENE_3353
OG0000021,Protopterus_annectens_GENE_3458,Takifugu_rubripes_GENE_3458
OG0000005,Protopterus_annectens_GENE_3570,Takifugu_rubripes_GENE_3570
OG0000007,Protopterus_annectens_GENE_3907,Takifugu_rubripes_GENE_3907
OG0000008,Protopterus_annectens_GENE_541,Takifugu_rubripes_GENE_541
OG0000044,Protopterus_annectens_GENE_583,Takifugu_rubripes_GENE_583
OG0000054,Protopterus_annectens_GENE_634,Takifugu_rubripes_GENE_634
OG0000026,Protopterus_annectens_GENE_974,Takifugu_rubripes_GENE_974
