Orthogroup,Protopterus,Lepidosiren
OG0000010,Protopterus_annectens_GENE_1086,Lepidosiren_paradoxa_GENE_1086
OG0000011,Protopterus_annectens_GENE_1093,Lepidosiren_paradoxa_GENE_1093
OG0000012,Protopterus_annectens_GENE_1206,Lepidosiren_paradoxa_GENE_1206
OG0000013,Protopterus_annectens_GENE_1224,Lepidosiren_paradoxa_GENE_1224
OG0000027,Protopterus_annectens_GENE_1465,Lepidosiren_paradoxa_GENE_1465
OG0000028,Protopterus_annectens_GENE_1671,Lepidosiren_paradoxa_GENE_1671
OG0000055,Protopterus_annectens_GENE_17,Lepidosiren_paradoxa_GENE_17
OG0000029,Protopterus_annectens_GENE_1724,Lepidosiren_paradoxa_GENE_1724
OG0000030,Protopterus_annectens_GENE_1984,Lepidosiren_paradoxa_GENE_1984
OG0000031,Protopterus_annectens_GENE_2024,Lepidosiren_paradoxa_GENE_2024
OG0000047,Protopterus_annectens_GENE_2063,Lepidosiren_paradoxa_GENE_2063
OG0000015,Protopterus_annectens_GENE_2194,Lepidosiren_paradoxa_GENE_2194
OG0000032,Protopterus_annectens_GENE_2274,Lepidosiren_paradoxa_GENE_2274
OG0000001,Protopterus_annectens_GENE_2421,Lepidosiren_paradoxa_GENE_2421
OG0000033,Protopterus_annectens_GENE_2443,Lepidosiren_paradoxa_GENE_2443
OG0000017,Protopterus_annectens_GENE_2459,Lepidosiren_paradoxa_GENE_2459
OG0000034,Protopterus_annectens_GENE_248,Lepidosiren_paradoxa_GENE_248
OG0000048,Protopterus_annectens_GENE_2498,Lepidosiren_paradoxa_GENE_2498
OG0000035,Protopterus_annectens_GENE_2537,Lepidosiren_paradoxa_GENE_2537
OG0000018,Protopterus_annectens_GENE_2772,Lepidosiren_paradoxa_GENE_2772
OG0000036,Protopterus_annectens_GENE_2869,Lepidosiren_paradoxa_GENE_2869
OG0000019,Protopterus_annectens_GENE_2903,Lepidosiren_paradoxa_GENE_2903
OG0000002,Protopterus_annectens_GENE_3026,Lepidosiren_paradoxa_GENE_3026
OG0000049,Protopterus_annectens_GENE_3058,Lepidosiren_paradoxa_GENE_3058
OG0000037,Protopterus_annectens_GENE_3089,Lepidosiren_paradoxa_GENE_3089
OG0000038,Protopterus_annectens_GENE_3150,Lepidosiren_paradoxa_GENE_3150
OG0000050,Protopterus_annectens_GENE_3210,Lepidosiren_paradoxa_GENE_3210
OG0000051,Protopterus_annectens_GENE_3283,Lepidosiren_paradoxa_GENE_3283
OG0000052,Protopterus_annectens_GENE_3317,Lepidosiren_paradoxa_GENE_3317
OG0000020,Protopterus_annectens_GENE_3353,Lepidosiren_paradoxa_GENE_3353
OG0000004,Protopterus_annectens_GENE_343,Lepidosiren_paradoxa_GENE_343
OG0000021,Protopterus_annectens_GENE_3458,Lepidosiren_paradoxa_GENE_3458
OG0000022,Protopterus_annectens_GENE_3508,Lepidosiren_paradoxa_GENE_3508
OG0000040,Protopterus_annectens_GENE_3515,Lepidosiren_paradoxa_GENE_3515
OG0000046,Protopterus_annectens_GENE_368,Lepidosiren_paradoxa_GENE_368
OG0000006,Protopterus_annectens_GENE_3818,Lepidosiren_paradoxa_GENE_3818
OG0000041,Protopterus_annectens_GENE_39,Lepidosiren_paradoxa_GENE_39
OG0000007,Protopterus_annectens_GENE_3907,Lepidosiren_paradoxa_GENE_3907
OG0000053,Protopterus_annectens_GENE_3913,Lepidosiren_paradoxa_GENE_3913
OG0000023,Protopterus_annectens_GENE_3942,Lepidosiren_paradoxa_GENE_3942
OG0000043,Protopterus_annectens_GENE_401,Lepidosiren_paradoxa_GENE_401
OG0000008,Protopterus_annectens_GENE_541,Lepidosiren_paradoxa_GENE_541
OG0000044,Protopterus_annectens_GENE_583,Lepidosiren_paradoxa_GENE_583
OG0000024,Protopterus_annectens_GENE_609,Lepidosiren_paradoxa_GENE_609
OG0000054,Protopterus_annectens_GENE_634,Lepidosiren_paradoxa_GENE_634
OG0000009,Protopterus_annectens_GENE_730,Lepidosiren_paradoxa_GENE_730
OG0000045,Protopterus_annectens_GENE_952,Lepidosiren_paradoxa_GENE_952
OG0000026,Protopterus_annectens_GENE_974,Lepidosiren_paradoxa_GENE_974
