Orthogroup,Protopterus,Taeniopygia
OG0000000,Protopterus_annectens_GENE_1433,Taeniopygia_guttata_GENE_1433
OG0000027,Protopterus_annectens_GENE_1465,Taeniopygia_guttata_GENE_1465
OG0000014,Protopterus_annectens_GENE_1646,Taeniopygia_guttata_GENE_1646
OG0000055,Protopterus_annectens_GENE_17,Taeniopygia_guttata_GENE_17
OG0000029,Protopterus_annectens_GENE_1724,Taeniopygia_guttata_GENE_1724
OG0000016,Protopterus_annectens_GENE_2244,Taeniopygia_guttata_GENE_2244
OG0000017,Protopterus_annectens_GENE_2459,Taeniopygia_guttata_GENE_2459
OG0000048,Protopterus_annectens_GENE_2498,Taeniopygia_guttata_GENE_2498
OG0000018,Protopterus_annectens_GENE_2772,Taeniopygia_guttata_GENE_2772
OG0000019,Protopterus_annectens_GENE_2903,Taeniopygia_guttata_GENE_2903
OG0000002,Protopterus_annectens_GENE_3026,Taeniopygia_guttata_GENE_3026
OG0000050,Protopterus_annectens_GENE_3210,Taeniopygia_guttata_GENE_3210
OG0000052,Protopterus_annectens_GENE_3317,Taeniopygia_guttata_GENE_3317
OG0000020,Protopterus_annectens_GENE_3353,Taeniopygia_guttata_GENE_3353
OG0000040,Protopterus_annectens_GENE_3515,Taeniopygia_guttata_GENE_3515
OG0000005,Protopterus_annectens_GENE_3570,Taeniopygia_guttata_GENE_3570
OG0000007,Protopterus_annectens_GENE_3907,Taeniopygia_guttata_GENE_3907
OG0000043,Protopterus_annectens_GENE_401,Taeniopygia_guttata_GENE_401
OG0000008,Protopterus_annectens_GENE_541,Taeniopygia_guttata_GENE_541
OG0000024,Protopterus_annectens_GENE_609,Taeniopygia_guttata_GENE_609
OG0000026,Protopterus_annectens_GENE_974,Taeniopygia_guttata_GENE_974
