Orthogroup,Protopterus,Latimeria
OG0000000,Protopterus_annectens_GENE_1433,Latimeria_chalumnae_GENE_1433
OG0000028,Protopterus_annectens_GENE_1671,Latimeria_chalumnae_GENE_1671
OG0000055,Protopterus_annectens_GENE_17,Latimeria_chalumnae_GENE_17
OG0000029,Protopterus_annectens_GENE_1724,Latimeria_chalumnae_GENE_1724
OG0000030,Protopterus_annectens_GENE_1984,Latimeria_chalumnae_GENE_1984
OG0000047,Protopterus_annectens_GENE_2063,Latimeria_chalumnae_GENE_2063
OG0000015,Protopterus_annectens_GENE_2194,Latimeria_chalumnae_GENE_2194
OG0000016,Protopterus_annectens_GENE_2244,Latimeria_chalumnae_GENE_2244
OG0000032,Protopterus_annectens_GENE_2274,Latimeria_chalumnae_GENE_2274
OG0000001,Protopterus_annectens_GENE_2421,Latimeria_chalumnae_GENE_2421
OG0000033,Protopterus_annectens_GENE_2443,Latimeria_chalumnae_GENE_2443
OG0000017,Protopterus_annectens_GENE_2459,Latimeria_chalumnae_GENE_2459
OG0000035,Protopterus_annectens_GENE_2537,Latimeria_chalumnae_GENE_2537
OG0000018,Protopterus_annectens_GENE_2772,Latimeria_chalumnae_GENE_2772
OG0000036,Protopterus_annectens_GENE_2869,Latimeria_chalumnae_GENE_2869
OG0000019,Protopterus_annectens_GENE_2903,Latimeria_chalumnae_GENE_2903
OG0000002,Protopterus_annectens_GENE_3026,Latimeria_chalumnae_GENE_3026
OG0000049,Protopterus_annectens_GENE_3058,Latimeria_chalumnae_GENE_3058
OG0000038,Protopterus_annectens_GENE_3150,Latimeria_chalumnae_GENE_3150
OG0000050,Protopterus_annectens_GENE_3210,Latimeria_chalumnae_GENE_3210
OG0000051,Protopterus_annectens_GENE_3283,Latimeria_chalumnae_GENE_3283
OG0000039,Protopterus_annectens_GENE_3290,Latimeria_chalumnae_GENE_3290
OG0000052,Protopterus_annectens_GENE_3317,Latimeria_chalumnae_GENE_3317
OG0000021,Protopterus_annectens_GENE_3458,Latimeria_chalumnae_GENE_3458
OG0000005,Protopterus_annectens_GENE_3570,Latimeria_chalumnae_GENE_3570
OG0000006,Protopterus_annectens_GENE_3818,Latimeria_chalumnae_GENE_3818
OG0000007,Protopterus_annectens_GENE_3907,Latimeria_chalumnae_GENE_3907
OG0000053,Protopterus_annectens_GENE_3913,Latimeria_chalumnae_GENE_3913
OG0000043,Protopterus_annectens_GENE_401,Latimeria_chalumnae_GENE_401
OG0000008,Protopterus_annectens_GENE_541,Latimeria_chalumnae_GENE_541
OG0000044,Protopterus_annectens_GENE_583,Latimeria_chalumnae_GENE_583
OG0000054,Protopterus_annectens_GENE_634,Latimeria_chalumnae_GENE_634
OG0000009,Protopterus_annectens_GENE_730,Latimeria_chalumnae_GENE_730
OG0000045,Protopterus_annectens_GENE_952,Latimeria_chalumnae_GENE_952
OG0000026,Protopterus_annectens_GENE_974,Latimeria_chalumnae_GENE_974
