Orthogroup,Protopterus,Homo
OG0000013,Protopterus_annectens_GENE_1224,Homo_sapiens_GENE_1224
OG0000000,Protopterus_annectens_GENE_1433,Homo_sapiens_GENE_1433
OG0000027,Protopterus_annectens_GENE_1465,Homo_sapiens_GENE_1465
OG0000055,Protopterus_annectens_GENE_17,Homo_sapiens_GENE_17
OG0000029,Protopterus_annectens_GENE_1724,Homo_sapiens_GENE_1724
OG0000016,Protopterus_annectens_GENE_2244,Homo_sapiens_GENE_2244
OG0000032,Protopterus_annectens_GENE_2274,Homo_sapiens_GENE_2274
OG0000017,Protopterus_annectens_GENE_2459,Homo_sapiens_GENE_2459
OG0000048,Protopterus_annectens_GENE_2498,Homo_sapiens_GENE_2498
OG0000018,Protopterus_annectens_GENE_2772,Homo_sapiens_GENE_2772
OG0000036,Protopterus_annectens_GENE_2869,Homo_sapiens_GENE_2869
OG0000019,Protopterus_annectens_GENE_2903,Homo_sapiens_GENE_2903
OG0000002,Protopterus_annectens_GENE_3026,Homo_sapiens_GENE_3026
OG0000050,Protopterus_annectens_GENE_3210,Homo_sapiens_GENE_3210
OG0000052,Protopterus_annectens_GENE_3317,Homo_sapiens_GENE_3317
OG0000040,Protopterus_annectens_GENE_3515,Homo_sapiens_GENE_3515
OG0000007,Protopterus_annectens_GENE_3907,Homo_sapiens_GENE_3907
OG0000053,Protopterus_annectens_GENE_3913,Homo_sapiens_GENE_3913
OG0000043,Protopterus_annectens_GENE_401,Homo_sapiens_GENE_401
OG0000008,Protopterus_annectens_GENE_541,Homo_sapiens_GENE_541
OG0000024,Protopterus_annectens_GENE_609,Homo_sapiens_GENE_609
OG0000054,Protopterus_annectens_GENE_634,Homo_sapiens_GENE_634
OG0000026,Protopterus_annectens_GENE_974,Homo_sapiens_GENE_974
