Orthogroup,Protopterus,Dasypus
OG0000013,Protopterus_annectens_GENE_1224,Dasypus_novemcinctus_GENE_1224
OG0000000,Protopterus_annectens_GENE_1433,Dasypus_novemcinctus_GENE_1433
OG0000027,Protopterus_annectens_GENE_1465,Dasypus_novemcinctus_GENE_1465
OG0000055,Protopterus_annectens_GENE_17,Dasypus_novemcinctus_GENE_17
OG0000029,Protopterus_annectens_GENE_1724,Dasypus_novemcinctus_GENE_1724
OG0000016,Protopterus_annectens_GENE_2244,Dasypus_novemcinctus_GENE_2244
OG0000032,Protopterus_annectens_GENE_2274,Dasypus_novemcinctus_GENE_2274
OG0000018,Protopterus_annectens_GENE_2772,Dasypus_novemcinctus_GENE_2772
OG0000036,Protopterus_annectens_GENE_2869,Dasypus_novemcinctus_GENE_2869
OG0000019,Protopterus_annectens_GENE_2903,Dasypus_novemcinctus_GENE_2903
OG0000002,Protopterus_annectens_GENE_3026,Dasypus_novemcinctus_GENE_3026
OG0000052,Protopterus_annectens_GENE_3317,Dasypus_novemcinctus_GENE_3317
OG0000040,Protopterus_annectens_GENE_3515,Dasypus_novemcinctus_GENE_3515
OG0000007,Protopterus_annectens_GENE_3907,Dasypus_novemcinctus_GENE_3907
OG0000053,Protopterus_annectens_GENE_3913,Dasypus_novemcinctus_GENE_3913
OG0000043,Protopterus_annectens_GENE_401,Dasypus_novemcinctus_GENE_401
OG0000008,Protopterus_annectens_GENE_541,Dasypus_novemcinctus_GENE_541
OG0000024,Protopterus_annectens_GENE_609,Dasypus_novemcinctus_GENE_609
OG0000054,Protopterus_annectens_GENE_634,Dasypus_novemcinctus_GENE_634
OG0000026,Protopterus_annectens_GENE_974,Dasypus_novemcinctus_GENE_974
