Orthogroup,Protopterus,Xenopus
OG0000012,Protopterus_annectens_GENE_1206,Xenopus_Silurana_tropicalis_GENE_1206
OG0000027,Protopterus_annectens_GENE_1465,Xenopus_Silurana_tropicalis_GENE_1465
OG0000055,Protopterus_annectens_GENE_17,Xenopus_Silurana_tropicalis_GENE_17
OG0000016,Protopterus_annectens_GENE_2244,Xenopus_Silurana_tropicalis_GENE_2244
OG0000048,Protopterus_annectens_GENE_2498,Xenopus_Silurana_tropicalis_GENE_2498
OG0000018,Protopterus_annectens_GENE_2772,Xenopus_Silurana_tropicalis_GENE_2772
OG0000036,Protopterus_annectens_GENE_2869,Xenopus_Silurana_tropicalis_GENE_2869
OG0000019,Protopterus_annectens_GENE_2903,Xenopus_Silurana_tropicalis_GENE_2903
OG0000002,Protopterus_annectens_GENE_3026,Xenopus_Silurana_tropicalis_GENE_3026
OG0000043,Protopterus_annectens_GENE_401,Xenopus_Silurana_tropicalis_GENE_401
