Orthogroup,Protopterus,Canis
OG0000013,Protopterus_annectens_GENE_1224,Canis_lupus_familiaris_GENE_1224
OG0000000,Protopterus_annectens_GENE_1433,Canis_lupus_familiaris_GENE_1433
OG0000027,Protopterus_annectens_GENE_1465,Canis_lupus_familiaris_GENE_1465
OG0000055,Protopterus_annectens_GENE_17,Canis_lupus_familiaris_GENE_17
OG0000029,Protopterus_annectens_GENE_1724,Canis_lupus_familiaris_GENE_1724
OG0000016,Protopterus_annectens_GENE_2244,Canis_lupus_familiaris_GENE_2244
OG0000032,Protopterus_annectens_GENE_2274,Canis_lupus_familiaris_GENE_2274
OG0000048,Protopterus_annectens_GENE_2498,Canis_lupus_familiaris_GENE_2498
OG0000018,Protopterus_annectens_GENE_2772,Canis_lupus_familiaris_GENE_2772
OG0000036,Protopterus_annectens_GENE_2869,Canis_lupus_familiaris_GENE_2869
OG0000019,Protopterus_annectens_GENE_2903,Canis_lupus_familiaris_GENE_2903
OG0000002,Protopterus_annectens_GENE_3026,Canis_lupus_familiaris_GENE_3026
OG0000050,Protopterus_annectens_GENE_3210,Canis_lupus_familiaris_GENE_3210
OG0000040,Protopterus_annectens_GENE_3515,Canis_lupus_familiaris_GENE_3515
OG0000007,Protopterus_annectens_GENE_3907,Canis_lupus_familiaris_GENE_3907
OG0000043,Protopterus_annectens_GENE_401,Canis_lupus_familiaris_GENE_401
OG0000008,Protopterus_annectens_GENE_541,Canis_lupus_familiaris_GENE_541
OG0000024,Protopterus_annectens_GENE_609,Canis_lupus_familiaris_GENE_609
OG0000054,Protopterus_annectens_GENE_634,Canis_lupus_familiaris_GENE_634
OG0000026,Protopterus_annectens_GENE_974,Canis_lupus_familiaris_GENE_974
