Orthogroup,Protopterus,Callorhinchus
OG0000011,Protopterus_annectens_GENE_1093,Callorhinchus_milii_GENE_1093
OG0000012,Protopterus_annectens_GENE_1206,Callorhinchus_milii_GENE_1206
OG0000055,Protopterus_annectens_GENE_17,Callorhinchus_milii_GENE_17
OG0000029,Protopterus_annectens_GENE_1724,Callorhinchus_milii_GENE_1724
OG0000030,Protopterus_annectens_GENE_1984,Callorhinchus_milii_GENE_1984
OG0000016,Protopterus_annectens_GENE_2244,Callorhinchus_milii_GENE_2244
OG0000017,Protopterus_annectens_GENE_2459,Callorhinchus_milii_GENE_2459
OG0000035,Protopterus_annectens_GENE_2537,Callorhinchus_milii_GENE_2537
OG0000018,Protopterus_annectens_GENE_2772,Callorhinchus_milii_GENE_2772
OG0000036,Protopterus_annectens_GENE_2869,Callorhinchus_milii_GENE_2869
OG0000019,Protopterus_annectens_GENE_2903,Callorhinchus_milii_GENE_2903
OG0000050,Protopterus_annectens_GENE_3210,Callorhinchus_milii_GENE_3210
OG0000052,Protopterus_annectens_GENE_3317,Callorhinchus_milii_GENE_3317
OG0000004,Protopterus_annectens_GENE_343,Callorhinchus_milii_GENE_343
OG0000021,Protopterus_annectens_GENE_3458,Callorhinchus_milii_GENE_3458
OG0000005,Protopterus_annectens_GENE_3570,Callorhinchus_milii_GENE_3570
OG0000007,Protopterus_annectens_GENE_3907,Callorhinchus_milii_GENE_3907
OG0000053,Protopterus_annectens_GENE_3913,Callorhinchus_milii_GENE_3913
OG0000043,Protopterus_annectens_GENE_401,Callorhinchus_milii_GENE_401
