Orthogroup,Homo,Monodelphis
OG0000012,Homo_sapiens_GENE_1206,Monodelphis_domestica_GENE_1206
OG0000013,Homo_sapiens_GENE_1224,Monodelphis_domestica_GENE_1224
OG0000027,Homo_sapiens_GENE_1465,Monodelphis_domestica_GENE_1465
OG0000014,Homo_sapiens_GENE_1646,Monodelphis_domestica_GENE_1646
OG0000028,Homo_sapiens_GENE_1671,Monodelphis_domestica_GENE_1671
OG0000031,Homo_sapiens_GENE_2024,Monodelphis_domestica_GENE_2024
OG0000015,Homo_sapiens_GENE_2194,Monodelphis_domestica_GENE_2194
OG0000016,Homo_sapiens_GENE_2244,Monodelphis_domestica_GENE_2244
OG0000032,Homo_sapiens_GENE_2274,Monodelphis_domestica_GENE_2274
OG0000017,Homo_sapiens_GENE_2459,Monodelphis_domestica_GENE_2459
OG0000048,Homo_sapiens_GENE_2498,Monodelphis_domestica_GENE_2498
OG0000035,Homo_sapiens_GENE_2537,Monodelphis_domestica_GENE_2537
OG0000036,Homo_sapiens_GENE_2869,Monodelphis_domestica_GENE_2869
OG0000037,Homo_sapiens_GENE_3089,Monodelphis_domestica_GENE_3089
OG0000052,Homo_sapiens_GENE_3317,Monodelphis_domestica_GENE_3317
OG0000004,Homo_sapiens_GENE_343,Monodelphis_domestica_GENE_343
OG0000021,Homo_sapiens_GENE_3458,Monodelphis_domestica_GENE_3458
OG0000022,Homo_sapiens_GENE_3508,Monodelphis_domestica_GENE_3508
OG0000040,Homo_sapiens_GENE_3515,Monodelphis_domestica_GENE_3515
OG0000005,Homo_sapiens_GENE_3570,Monodelphis_domestica_GENE_3570
OG0000046,Homo_sapiens_GENE_368,Monodelphis_domestica_GENE_368
OG0000006,Homo_sapiens_GENE_3818,Monodelphis_domestica_GENE_3818
OG0000041,Homo_sapiens_GENE_39,Monodelphis_domestica_GENE_39
OG0000053,Homo_sapiens_GENE_3913,Monodelphis_domestica_GENE_3913
OG0000043,Homo_sapiens_GENE_401,Monodelphis_domestica_GENE_401
OG0000054,Homo_sapiens_GENE_634,Monodelphis_domestica_GENE_634
OG0000025,Homo_sapiens_GENE_697,Monodelphis_domestica_GENE_697
OG0000009,Homo_sapiens_GENE_730,Monodelphis_domestica_GENE_730
