Orthogroup,Homo,Loxodonta
OG0000012,Homo_sapiens_GENE_1206,Loxodonta_africana_GENE_1206
OG0000027,Homo_sapiens_GENE_1465,Loxodonta_africana_GENE_1465
OG0000028,Homo_sapiens_GENE_1671,Loxodonta_africana_GENE_1671
OG0000055,Homo_sapiens_GENE_17,Loxodonta_africana_GENE_17
OG0000029,Homo_sapiens_GENE_1724,Loxodonta_africana_GENE_1724
OG0000031,Homo_sapiens_GENE_2024,Loxodonta_africana_GENE_2024
OG0000015,Homo_sapiens_GENE_2194,Loxodonta_africana_GENE_2194
OG0000035,Homo_sapiens_GENE_2537,Loxodonta_africana_GENE_2537
OG0000018,Homo_sapiens_GENE_2772,Loxodonta_africana_GENE_2772
OG0000019,Homo_sapiens_GENE_2903,Loxodonta_africana_GENE_2903
OG0000051,Homo_sapiens_GENE_3283,Loxodonta_africana_GENE_3283
OG0000052,Homo_sapiens_GENE_3317,Loxodonta_africana_GENE_3317
OG0000004,Homo_sapiens_GENE_343,Loxodonta_africana_GENE_343
OG0000021,Homo_sapiens_GENE_3458,Loxodonta_africana_GENE_3458
OG0000022,Homo_sapiens_GENE_3508,Loxodonta_africana_GENE_3508
OG0000040,Homo_sapiens_GENE_3515,Loxodonta_africana_GENE_3515
OG0000005,Homo_sapiens_GENE_3570,Loxodonta_africana_GENE_3570
OG0000046,Homo_sapiens_GENE_368,Loxodonta_africana_GENE_368
OG0000006,Homo_sapiens_GENE_3818,Loxodonta_africana_GENE_3818
OG0000053,Homo_sapiens_GENE_3913,Loxodonta_africana_GENE_3913
OG0000043,Homo_sapiens_GENE_401,Loxodonta_africana_GENE_401
OG0000024,Homo_sapiens_GENE_609,Loxodonta_africana_GENE_609
OG0000009,Homo_sapiens_GENE_730,Loxodonta_africana_GENE_730
OG0000045,Homo_sapiens_GENE_952,Loxodonta_africana_GENE_952
OG0000026,Homo_sapiens_GENE_974,Loxodonta_africana_GENE_974
