Orthogroup,Homo,Gallus
OG0000010,Homo_sapiens_GENE_1086,Gallus_gallus_GENE_1086
OG0000027,Homo_sapiens_GENE_1465,Gallus_gallus_GENE_1465
OG0000028,Homo_sapiens_GENE_1671,Gallus_gallus_GENE_1671
OG0000031,Homo_sapiens_GENE_2024,Gallus_gallus_GENE_2024
OG0000032,Homo_sapiens_GENE_2274,Gallus_gallus_GENE_2274
OG0000001,Homo_sapiens_GENE_2421,Gallus_gallus_GENE_2421
OG0000017,Homo_sapiens_GENE_2459,Gallus_gallus_GENE_2459
OG0000048,Homo_sapiens_GENE_2498,Gallus_gallus_GENE_2498
OG0000035,Homo_sapiens_GENE_2537,Gallus_gallus_GENE_2537
OG0000036,Homo_sapiens_GENE_2869,Gallus_gallus_GENE_2869
OG0000019,Homo_sapiens_GENE_2903,Gallus_gallus_GENE_2903
OG0000037,Homo_sapiens_GENE_3089,Gallus_gallus_GENE_3089
OG0000050,Homo_sapiens_GENE_3210,Gallus_gallus_GENE_3210
OG0000039,Homo_sapiens_GENE_3290,Gallus_gallus_GENE_3290
OG0000052,Homo_sapiens_GENE_3317,Gallus_gallus_GENE_3317
OG0000021,Homo_sapiens_GENE_3458,Gallus_gallus_GENE_3458
OG0000040,Homo_sapiens_GENE_3515,Gallus_gallus_GENE_3515
OG0000006,Homo_sapiens_GENE_3818,Gallus_gallus_GENE_3818
OG0000007,Homo_sapiens_GENE_3907,Gallus_gallus_GENE_3907
OG0000043,Homo_sapiens_GENE_401,Gallus_gallus_GENE_401
OG0000024,Homo_sapiens_GENE_609,Gallus_gallus_GENE_609
OG0000009,Homo_sapiens_GENE_730,Gallus_gallus_GENE_730
OG0000026,Homo_sapiens_GENE_974,Gallus_gallus_GENE_974
