Orthogroup,Homo,Pelodiscus
OG0000010,Homo_sapiens_GENE_1086,Pelodiscus_sinensis_GENE_1086
OG0000013,Homo_sapiens_GENE_1224,Pelodiscus_sinensis_GENE_1224
OG0000027,Homo_sapiens_GENE_1465,Pelodiscus_sinensis_GENE_1465
OG0000028,Homo_sapiens_GENE_1671,Pelodiscus_sinensis_GENE_1671
OG0000032,Homo_sapiens_GENE_2274,Pelodiscus_sinensis_GENE_2274
OG0000001,Homo_sapiens_GENE_2421,Pelodiscus_sinensis_GENE_2421
OG0000048,Homo_sapiens_GENE_2498,Pelodiscus_sinensis_GENE_2498
OG0000035,Homo_sapiens_GENE_2537,Pelodiscus_sinensis_GENE_2537
OG0000036,Homo_sapiens_GENE_2869,Pelodiscus_sinensis_GENE_2869
OG0000019,Homo_sapiens_GENE_2903,Pelodiscus_sinensis_GENE_2903
OG0000037,Homo_sapiens_GENE_3089,Pelodiscus_sinensis_GENE_3089
OG0000039,Homo_sapiens_GENE_3290,Pelodiscus_sinensis_GENE_3290
OG0000052,Homo_sapiens_GENE_3317,Pelodiscus_sinensis_GENE_3317
OG0000021,Homo_sapiens_GENE_3458,Pelodiscus_sinensis_GENE_3458
OG0000040,Homo_sapiens_GENE_3515,Pelodiscus_sinensis_GENE_3515
OG0000006,Homo_sapiens_GENE_3818,Pelodiscus_sinensis_GENE_3818
OG0000041,Homo_sapiens_GENE_39,Pelodiscus_sinensis_GENE_39
OG0000007,Homo_sapiens_GENE_3907,Pelodiscus_sinensis_GENE_3907
OG0000043,Homo_sapiens_GENE_401,Pelodiscus_sinensis_GENE_401
OG0000044,Homo_sapiens_GENE_583,Pelodiscus_sinensis_GENE_583
OG0000024,Homo_sapiens_GENE_609,Pelodiscus_sinensis_GENE_609
OG0000009,Homo_sapiens_GENE_730,Pelodiscus_sinensis_GENE_730
