Orthogroup,Homo,Dasypus
OG0000012,Homo_sapiens_GENE_1206,Dasypus_novemcinctus_GENE_1206
OG0000027,Homo_sapiens_GENE_1465,Dasypus_novemcinctus_GENE_1465
OG0000028,Homo_sapiens_GENE_1671,Dasypus_novemcinctus_GENE_1671
OG0000030,Homo_sapiens_GENE_1984,Dasypus_novemcinctus_GENE_1984
OG0000031,Homo_sapiens_GENE_2024,Dasypus_novemcinctus_GENE_2024
OG0000035,Homo_sapiens_GENE_2537,Dasypus_novemcinctus_GENE_2537
OG0000019,Homo_sapiens_GENE_2903,Dasypus_novemcinctus_GENE_2903
OG0000002,Homo_sapiens_GENE_3026,Dasypus_novemcinctus_GENE_3026
OG0000051,Homo_sapiens_GENE_3283,Dasypus_novemcinctus_GENE_3283
OG0000039,Homo_sapiens_GENE_3290,Dasypus_novemcinctus_GENE_3290
OG0000021,Homo_sapiens_GENE_3458,Dasypus_novemcinctus_GENE_3458
OG0000022,Homo_sapiens_GENE_3508,Dasypus_novemcinctus_GENE_3508
OG0000005,Homo_sapiens_GENE_3570,Dasypus_novemcinctus_GENE_3570
OG0000046,Homo_sapiens_GENE_368,Dasypus_novemcinctus_GENE_368
OG0000053,Homo_sapiens_GENE_3913,Dasypus_novemcinctus_GENE_3913
OG0000023,Homo_sapiens_GENE_3942,Dasypus_novemcinctus_GENE_3942
OG0000043,Homo_sapiens_GENE_401,Dasypus_novemcinctus_GENE_401
OG0000024,Homo_sapiens_GENE_609,Dasypus_novemcinctus_GENE_609
OG0000009,Homo_sapiens_GENE_730,Dasypus_novemcinctus_GENE_730
