Orthogroup,Homo,Mus
OG0000011,Homo_sapiens_GENE_1093,Mus_musculus_GENE_1093
OG0000012,Homo_sapiens_GENE_1206,Mus_musculus_GENE_1206
OG0000013,Homo_sapiens_GENE_1224,Mus_musculus_GENE_1224
OG0000000,Homo_sapiens_GENE_1433,Mus_musculus_GENE_1433
OG0000027,Homo_sapiens_GENE_1465,Mus_musculus_GENE_1465
OG0000014,Homo_sapiens_GENE_1646,Mus_musculus_GENE_1646
OG0000055,Homo_sapiens_GENE_17,Mus_musculus_GENE_17
OG0000029,Homo_sapiens_GENE_1724,Mus_musculus_GENE_1724
OG0000030,Homo_sapiens_GENE_1984,Mus_musculus_GENE_1984
OG0000031,Homo_sapiens_GENE_2024,Mus_musculus_GENE_2024
OG0000015,Homo_sapiens_GENE_2194,Mus_musculus_GENE_2194
OG0000032,Homo_sapiens_GENE_2274,Mus_musculus_GENE_2274
OG0000001,Homo_sapiens_GENE_2421,Mus_musculus_GENE_2421
OG0000017,Homo_sapiens_GENE_2459,Mus_musculus_GENE_2459
OG0000048,Homo_sapiens_GENE_2498,Mus_musculus_GENE_2498
OG0000035,Homo_sapiens_GENE_2537,Mus_musculus_GENE_2537
OG0000018,Homo_sapiens_GENE_2772,Mus_musculus_GENE_2772
OG0000019,Homo_sapiens_GENE_2903,Mus_musculus_GENE_2903
OG0000002,Homo_sapiens_GENE_3026,Mus_musculus_GENE_3026
OG0000049,Homo_sapiens_GENE_3058,Mus_musculus_GENE_3058
OG0000037,Homo_sapiens_GENE_3089,Mus_musculus_GENE_3089
OG0000038,Homo_sapiens_GENE_3150,Mus_musculus_GENE_3150
OG0000039,Homo_sapiens_GENE_3290,Mus_musculus_GENE_3290
OG0000052,Homo_sapiens_GENE_3317,Mus_musculus_GENE_3317
OG0000020,Homo_sapiens_GENE_3353,Mus_musculus_GENE_3353
OG0000004,Homo_sapiens_GENE_343,Mus_musculus_GENE_343
OG0000021,Homo_sapiens_GENE_3458,Mus_musculus_GENE_3458
OG0000022,Homo_sapiens_GENE_3508,Mus_musculus_GENE_3508
OG0000006,Homo_sapiens_GENE_3818,Mus_musculus_GENE_3818
OG0000041,Homo_sapiens_GENE_39,Mus_musculus_GENE_39
OG0000042,Homo_sapiens_GENE_3912,Mus_musculus_GENE_3912
OG0000053,Homo_sapiens_GENE_3913,Mus_musculus_GENE_3913
OG0000043,Homo_sapiens_GENE_401,Mus_musculus_GENE_401
OG0000008,Homo_sapiens_GENE_541,Mus_musculus_GENE_541
OG0000044,Homo_sapiens_GENE_583,Mus_musculus_GENE_583
OG0000024,Homo_sapiens_GENE_609,Mus_musculus_GENE_609
OG0000054,Homo_sapiens_GENE_634,Mus_musculus_GENE_634
OG0000009,Homo_sapiens_GENE_730,Mus_musculus_GENE_730
OG0000026,Homo_sapiens_GENE_974,Mus_musculus_GENE_974
