Orthogroup,Homo,Latimeria
OG0000000,Homo_sapiens_GENE_1433,Latimeria_chalumnae_GENE_1433
OG0000029,Homo_sapiens_GENE_1724,Latimeria_chalumnae_GENE_1724
OG0000016,Homo_sapiens_GENE_2244,Latimeria_chalumnae_GENE_2244
OG0000032,Homo_sapiens_GENE_2274,Latimeria_chalumnae_GENE_2274
OG0000017,Homo_sapiens_GENE_2459,Latimeria_chalumnae_GENE_2459
OG0000036,Homo_sapiens_GENE_2869,Latimeria_chalumnae_GENE_2869
OG0000019,Homo_sapiens_GENE_2903,Latimeria_chalumnae_GENE_2903
OG0000002,Homo_sapiens_GENE_3026,Latimeria_chalumnae_GENE_3026
OG0000050,Homo_sapiens_GENE_3210,Latimeria_chalumnae_GENE_3210
OG0000052,Homo_sapiens_GENE_3317,Latimeria_chalumnae_GENE_3317
OG0000007,Homo_sapiens_GENE_3907,Latimeria_chalumnae_GENE_3907
OG0000053,Homo_sapiens_GENE_3913,Latimeria_chalumnae_GENE_3913
OG0000043,Homo_sapiens_GENE_401,Latimeria_chalumnae_GENE_401
OG0000008,Homo_sapiens_GENE_541,Latimeria_chalumnae_GENE_541
OG0000054,Homo_sapiens_GENE_634,Latimeria_chalumnae_GENE_634
OG0000026,Homo_sapiens_GENE_974,Latimeria_chalumnae_GENE_974
