Orthogroup,Homo,Anolis
OG0000010,Homo_sapiens_GENE_1086,Anolis_carolinensis_GENE_1086
OG0000011,Homo_sapiens_GENE_1093,Anolis_carolinensis_GENE_1093
OG0000012,Homo_sapiens_GENE_1206,Anolis_carolinensis_GENE_1206
OG0000027,Homo_sapiens_GENE_1465,Anolis_carolinensis_GENE_1465
OG0000028,Homo_sapiens_GENE_1671,Anolis_carolinensis_GENE_1671
OG0000031,Homo_sapiens_GENE_2024,Anolis_carolinensis_GENE_2024
OG0000032,Homo_sapiens_GENE_2274,Anolis_carolinensis_GENE_2274
OG0000017,Homo_sapiens_GENE_2459,Anolis_carolinensis_GENE_2459
OG0000048,Homo_sapiens_GENE_2498,Anolis_carolinensis_GENE_2498
OG0000035,Homo_sapiens_GENE_2537,Anolis_carolinensis_GENE_2537
OG0000036,Homo_sapiens_GENE_2869,Anolis_carolinensis_GENE_2869
OG0000019,Homo_sapiens_GENE_2903,Anolis_carolinensis_GENE_2903
OG0000037,Homo_sapiens_GENE_3089,Anolis_carolinensis_GENE_3089
OG0000038,Homo_sapiens_GENE_3150,Anolis_carolinensis_GENE_3150
OG0000050,Homo_sapiens_GENE_3210,Anolis_carolinensis_GENE_3210
OG0000039,Homo_sapiens_GENE_3290,Anolis_carolinensis_GENE_3290
OG0000052,Homo_sapiens_GENE_3317,Anolis_carolinensis_GENE_3317
OG0000021,Homo_sapiens_GENE_3458,Anolis_carolinensis_GENE_3458
OG0000022,Homo_sapiens_GENE_3508,Anolis_carolinensis_GENE_3508
OG0000040,Homo_sapiens_GENE_3515,Anolis_carolinensis_GENE_3515
OG0000006,Homo_sapiens_GENE_3818,Anolis_carolinensis_GENE_3818
OG0000041,Homo_sapiens_GENE_39,Anolis_carolinensis_GENE_39
OG0000007,Homo_sapiens_GENE_3907,Anolis_carolinensis_GENE_3907
OG0000042,Homo_sapiens_GENE_3912,Anolis_carolinensis_GENE_3912
OG0000043,Homo_sapiens_GENE_401,Anolis_carolinensis_GENE_401
OG0000024,Homo_sapiens_GENE_609,Anolis_carolinensis_GENE_609
OG0000054,Homo_sapiens_GENE_634,Anolis_carolinensis_GENE_634
OG0000009,Homo_sapiens_GENE_730,Anolis_carolinensis_GENE_730
