Orthogroup,Homo,Canis
OG0000010,Homo_sapiens_GENE_1086,Canis_lupus_familiaris_GENE_1086
OG0000012,Homo_sapiens_GENE_1206,Canis_lupus_familiaris_GENE_1206
OG0000014,Homo_sapiens_GENE_1646,Canis_lupus_familiaris_GENE_1646
OG0000028,Homo_sapiens_GENE_1671,Canis_lupus_familiaris_GENE_1671
OG0000055,Homo_sapiens_GENE_17,Canis_lupus_familiaris_GENE_17
OG0000029,Homo_sapiens_GENE_1724,Canis_lupus_familiaris_GENE_1724
OG0000030,Homo_sapiens_GENE_1984,Canis_lupus_familiaris_GENE_1984
OG0000031,Homo_sapiens_GENE_2024,Canis_lupus_familiaris_GENE_2024
OG0000015,Homo_sapiens_GENE_2194,Canis_lupus_familiaris_GENE_2194
OG0000016,Homo_sapiens_GENE_2244,Canis_lupus_familiaris_GENE_2244
OG0000034,Homo_sapiens_GENE_248,Canis_lupus_familiaris_GENE_248
OG0000035,Homo_sapiens_GENE_2537,Canis_lupus_familiaris_GENE_2537
OG0000018,Homo_sapiens_GENE_2772,Canis_lupus_familiaris_GENE_2772
OG0000019,Homo_sapiens_GENE_2903,Canis_lupus_familiaris_GENE_2903
OG0000038,Homo_sapiens_GENE_3150,Canis_lupus_familiaris_GENE_3150
OG0000051,Homo_sapiens_GENE_3283,Canis_lupus_familiaris_GENE_3283
OG0000039,Homo_sapiens_GENE_3290,Canis_lupus_familiaris_GENE_3290
OG0000003,Homo_sapiens_GENE_3380,Canis_lupus_familiaris_GENE_3380
OG0000004,Homo_sapiens_GENE_343,Canis_lupus_familiaris_GENE_343
OG0000021,Homo_sapiens_GENE_3458,Canis_lupus_familiaris_GENE_3458
OG0000005,Homo_sapiens_GENE_3570,Canis_lupus_familiaris_GENE_3570
OG0000043,Homo_sapiens_GENE_401,Canis_lupus_familiaris_GENE_401
OG0000008,Homo_sapiens_GENE_541,Canis_lupus_familiaris_GENE_541
OG0000044,Homo_sapiens_GENE_583,Canis_lupus_familiaris_GENE_583
OG0000024,Homo_sapiens_GENE_609,Canis_lupus_familiaris_GENE_609
OG0000025,Homo_sapiens_GENE_697,Canis_lupus_familiaris_GENE_697
