Orthogroup,Homo,Ornithorhynchus
OG0000010,Homo_sapiens_GENE_1086,Ornithorhynchus_anatinus_GENE_1086
OG0000012,Homo_sapiens_GENE_1206,Ornithorhynchus_anatinus_GENE_1206
OG0000000,Homo_sapiens_GENE_1433,Ornithorhynchus_anatinus_GENE_1433
OG0000027,Homo_sapiens_GENE_1465,Ornithorhynchus_anatinus_GENE_1465
OG0000028,Homo_sapiens_GENE_1671,Ornithorhynchus_anatinus_GENE_1671
OG0000030,Homo_sapiens_GENE_1984,Ornithorhynchus_anatinus_GENE_1984
OG0000048,Homo_sapiens_GENE_2498,Ornithorhynchus_anatinus_GENE_2498
OG0000019,Homo_sapiens_GENE_2903,Ornithorhynchus_anatinus_GENE_2903
OG0000021,Homo_sapiens_GENE_3458,Ornithorhynchus_anatinus_GENE_3458
OG0000022,Homo_sapiens_GENE_3508,Ornithorhynchus_anatinus_GENE_3508
OG0000005,Homo_sapiens_GENE_3570,Ornithorhynchus_anatinus_GENE_3570
OG0000042,Homo_sapiens_GENE_3912,Ornithorhynchus_anatinus_GENE_3912
OG0000043,Homo_sapiens_GENE_401,Ornithorhynchus_anatinus_GENE_401
OG0000024,Homo_sapiens_GENE_609,Ornithorhynchus_anatinus_GENE_609
OG0000054,Homo_sapiens_GENE_634,Ornithorhynchus_anatinus_GENE_634
OG0000009,Homo_sapiens_GENE_730,Ornithorhynchus_anatinus_GENE_730
