Orthogroup,Canis,Latimeria
OG0000000,Canis_lupus_familiaris_GENE_1433,Latimeria_chalumnae_GENE_1433
OG0000029,Canis_lupus_familiaris_GENE_1724,Latimeria_chalumnae_GENE_1724
OG0000016,Canis_lupus_familiaris_GENE_2244,Latimeria_chalumnae_GENE_2244
OG0000032,Canis_lupus_familiaris_GENE_2274,Latimeria_chalumnae_GENE_2274
OG0000036,Canis_lupus_familiaris_GENE_2869,Latimeria_chalumnae_GENE_2869
OG0000019,Canis_lupus_familiaris_GENE_2903,Latimeria_chalumnae_GENE_2903
OG0000002,Canis_lupus_familiaris_GENE_3026,Latimeria_chalumnae_GENE_3026
OG0000050,Canis_lupus_familiaris_GENE_3210,Latimeria_chalumnae_GENE_3210
OG0000007,Canis_lupus_familiaris_GENE_3907,Latimeria_chalumnae_GENE_3907
OG0000043,Canis_lupus_familiaris_GENE_401,Latimeria_chalumnae_GENE_401
OG0000008,Canis_lupus_familiaris_GENE_541,Latimeria_chalumnae_GENE_541
OG0000054,Canis_lupus_familiaris_GENE_634,Latimeria_chalumnae_GENE_634
OG0000026,Canis_lupus_familiaris_GENE_974,Latimeria_chalumnae_GENE_974
