Orthogroup,Canis,Gallus
OG0000010,Canis_lupus_familiaris_GENE_1086,Gallus_gallus_GENE_1086
OG0000027,Canis_lupus_familiaris_GENE_1465,Gallus_gallus_GENE_1465
OG0000028,Canis_lupus_familiaris_GENE_1671,Gallus_gallus_GENE_1671
OG0000031,Canis_lupus_familiaris_GENE_2024,Gallus_gallus_GENE_2024
OG0000032,Canis_lupus_familiaris_GENE_2274,Gallus_gallus_GENE_2274
OG0000001,Canis_lupus_familiaris_GENE_2421,Gallus_gallus_GENE_2421
OG0000048,Canis_lupus_familiaris_GENE_2498,Gallus_gallus_GENE_2498
OG0000035,Canis_lupus_familiaris_GENE_2537,Gallus_gallus_GENE_2537
OG0000036,Canis_lupus_familiaris_GENE_2869,Gallus_gallus_GENE_2869
OG0000019,Canis_lupus_familiaris_GENE_2903,Gallus_gallus_GENE_2903
OG0000037,Canis_lupus_familiaris_GENE_3089,Gallus_gallus_GENE_3089
OG0000050,Canis_lupus_familiaris_GENE_3210,Gallus_gallus_GENE_3210
OG0000039,Canis_lupus_familiaris_GENE_3290,Gallus_gallus_GENE_3290
OG0000021,Canis_lupus_familiaris_GENE_3458,Gallus_gallus_GENE_3458
OG0000040,Canis_lupus_familiaris_GENE_3515,Gallus_gallus_GENE_3515
OG0000006,Canis_lupus_familiaris_GENE_3818,Gallus_gallus_GENE_3818
OG0000007,Canis_lupus_familiaris_GENE_3907,Gallus_gallus_GENE_3907
OG0000053,Canis_lupus_familiaris_GENE_3913,Gallus_gallus_GENE_3913
OG0000043,Canis_lupus_familiaris_GENE_401,Gallus_gallus_GENE_401
OG0000024,Canis_lupus_familiaris_GENE_609,Gallus_gallus_GENE_609
OG0000009,Canis_lupus_familiaris_GENE_730,Gallus_gallus_GENE_730
