Orthogroup,Canis,Takifugu
OG0000012,Canis_lupus_familiaris_GENE_1206,Takifugu_rubripes_GENE_1206
OG0000013,Canis_lupus_familiaris_GENE_1224,Takifugu_rubripes_GENE_1224
OG0000000,Canis_lupus_familiaris_GENE_1433,Takifugu_rubripes_GENE_1433
OG0000055,Canis_lupus_familiaris_GENE_17,Takifugu_rubripes_GENE_17
OG0000016,Canis_lupus_familiaris_GENE_2244,Takifugu_rubripes_GENE_2244
OG0000032,Canis_lupus_familiaris_GENE_2274,Takifugu_rubripes_GENE_2274
OG0000035,Canis_lupus_familiaris_GENE_2537,Takifugu_rubripes_GENE_2537
OG0000018,Canis_lupus_familiaris_GENE_2772,Takifugu_rubripes_GENE_2772
OG0000036,Canis_lupus_familiaris_GENE_2869,Takifugu_rubripes_GENE_2869
OG0000019,Canis_lupus_familiaris_GENE_2903,Takifugu_rubripes_GENE_2903
OG0000002,Canis_lupus_familiaris_GENE_3026,Takifugu_rubripes_GENE_3026
OG0000050,Canis_lupus_familiaris_GENE_3210,Takifugu_rubripes_GENE_3210
OG0000041,Canis_lupus_familiaris_GENE_39,Takifugu_rubripes_GENE_39
OG0000007,Canis_lupus_familiaris_GENE_3907,Takifugu_rubripes_GENE_3907
OG0000008,Canis_lupus_familiaris_GENE_541,Takifugu_rubripes_GENE_541
OG0000054,Canis_lupus_familiaris_GENE_634,Takifugu_rubripes_GENE_634
OG0000026,Canis_lupus_familiaris_GENE_974,Takifugu_rubripes_GENE_974
