Orthogroup,Canis,Dasypus
OG0000012,Canis_lupus_familiaris_GENE_1206,Dasypus_novemcinctus_GENE_1206
OG0000013,Canis_lupus_familiaris_GENE_1224,Dasypus_novemcinctus_GENE_1224
OG0000028,Canis_lupus_familiaris_GENE_1671,Dasypus_novemcinctus_GENE_1671
OG0000030,Canis_lupus_familiaris_GENE_1984,Dasypus_novemcinctus_GENE_1984
OG0000031,Canis_lupus_familiaris_GENE_2024,Dasypus_novemcinctus_GENE_2024
OG0000035,Canis_lupus_familiaris_GENE_2537,Dasypus_novemcinctus_GENE_2537
OG0000019,Canis_lupus_familiaris_GENE_2903,Dasypus_novemcinctus_GENE_2903
OG0000051,Canis_lupus_familiaris_GENE_3283,Dasypus_novemcinctus_GENE_3283
OG0000039,Canis_lupus_familiaris_GENE_3290,Dasypus_novemcinctus_GENE_3290
OG0000020,Canis_lupus_familiaris_GENE_3353,Dasypus_novemcinctus_GENE_3353
OG0000021,Canis_lupus_familiaris_GENE_3458,Dasypus_novemcinctus_GENE_3458
OG0000005,Canis_lupus_familiaris_GENE_3570,Dasypus_novemcinctus_GENE_3570
OG0000006,Canis_lupus_familiaris_GENE_3818,Dasypus_novemcinctus_GENE_3818
OG0000043,Canis_lupus_familiaris_GENE_401,Dasypus_novemcinctus_GENE_401
OG0000024,Canis_lupus_familiaris_GENE_609,Dasypus_novemcinctus_GENE_609
