Orthogroup,Canis,Ornithorhynchus
OG0000010,Canis_lupus_familiaris_GENE_1086,Ornithorhynchus_anatinus_GENE_1086
OG0000012,Canis_lupus_familiaris_GENE_1206,Ornithorhynchus_anatinus_GENE_1206
OG0000000,Canis_lupus_familiaris_GENE_1433,Ornithorhynchus_anatinus_GENE_1433
OG0000027,Canis_lupus_familiaris_GENE_1465,Ornithorhynchus_anatinus_GENE_1465
OG0000028,Canis_lupus_familiaris_GENE_1671,Ornithorhynchus_anatinus_GENE_1671
OG0000030,Canis_lupus_familiaris_GENE_1984,Ornithorhynchus_anatinus_GENE_1984
OG0000048,Canis_lupus_familiaris_GENE_2498,Ornithorhynchus_anatinus_GENE_2498
OG0000019,Canis_lupus_familiaris_GENE_2903,Ornithorhynchus_anatinus_GENE_2903
OG0000021,Canis_lupus_familiaris_GENE_3458,Ornithorhynchus_anatinus_GENE_3458
OG0000022,Canis_lupus_familiaris_GENE_3508,Ornithorhynchus_anatinus_GENE_3508
OG0000005,Canis_lupus_familiaris_GENE_3570,Ornithorhynchus_anatinus_GENE_3570
OG0000007,Canis_lupus_familiaris_GENE_3907,Ornithorhynchus_anatinus_GENE_3907
OG0000042,Canis_lupus_familiaris_GENE_3912,Ornithorhynchus_anatinus_GENE_3912
OG0000043,Canis_lupus_familiaris_GENE_401,Ornithorhynchus_anatinus_GENE_401
OG0000024,Canis_lupus_familiaris_GENE_609,Ornithorhynchus_anatinus_GENE_609
OG0000054,Canis_lupus_familiaris_GENE_634,Ornithorhynchus_anatinus_GENE_634
OG0000009,Canis_lupus_familiaris_GENE_730,Ornithorhynchus_anatinus_GENE_730
OG0000026,Canis_lupus_familiaris_GENE_974,Ornithorhynchus_anatinus_GENE_974
