Orthogroup,Canis,Meleagris
OG0000010,Canis_lupus_familiaris_GENE_1086,Meleagris_gallopavo_GENE_1086
OG0000027,Canis_lupus_familiaris_GENE_1465,Meleagris_gallopavo_GENE_1465
OG0000031,Canis_lupus_familiaris_GENE_2024,Meleagris_gallopavo_GENE_2024
OG0000032,Canis_lupus_familiaris_GENE_2274,Meleagris_gallopavo_GENE_2274
OG0000001,Canis_lupus_familiaris_GENE_2421,Meleagris_gallopavo_GENE_2421
OG0000048,Canis_lupus_familiaris_GENE_2498,Meleagris_gallopavo_GENE_2498
OG0000035,Canis_lupus_familiaris_GENE_2537,Meleagris_gallopavo_GENE_2537
OG0000036,Canis_lupus_familiaris_GENE_2869,Meleagris_gallopavo_GENE_2869
OG0000019,Canis_lupus_familiaris_GENE_2903,Meleagris_gallopavo_GENE_2903
OG0000037,Canis_lupus_familiaris_GENE_3089,Meleagris_gallopavo_GENE_3089
OG0000050,Canis_lupus_familiaris_GENE_3210,Meleagris_gallopavo_GENE_3210
OG0000039,Canis_lupus_familiaris_GENE_3290,Meleagris_gallopavo_GENE_3290
OG0000021,Canis_lupus_familiaris_GENE_3458,Meleagris_gallopavo_GENE_3458
OG0000040,Canis_lupus_familiaris_GENE_3515,Meleagris_gallopavo_GENE_3515
OG0000006,Canis_lupus_familiaris_GENE_3818,Meleagris_gallopavo_GENE_3818
OG0000041,Canis_lupus_familiaris_GENE_39,Meleagris_gallopavo_GENE_39
OG0000007,Canis_lupus_familiaris_GENE_3907,Meleagris_gallopavo_GENE_3907
OG0000053,Canis_lupus_familiaris_GENE_3913,Meleagris_gallopavo_GENE_3913
OG0000043,Canis_lupus_familiaris_GENE_401,Meleagris_gallopavo_GENE_401
OG0000024,Canis_lupus_familiaris_GENE_609,Meleagris_gallopavo_GENE_609
OG0000009,Canis_lupus_familiaris_GENE_730,Meleagris_gallopavo_GENE_730
