Orthogroup,Canis,Neoceratodus
OG0000013,Canis_lupus_familiaris_GENE_1224,Neoceratodus_forsteri_GENE_1224
OG0000000,Canis_lupus_familiaris_GENE_1433,Neoceratodus_forsteri_GENE_1433
OG0000027,Canis_lupus_familiaris_GENE_1465,Neoceratodus_forsteri_GENE_1465
OG0000055,Canis_lupus_familiaris_GENE_17,Neoceratodus_forsteri_GENE_17
OG0000029,Canis_lupus_familiaris_GENE_1724,Neoceratodus_forsteri_GENE_1724
OG0000016,Canis_lupus_familiaris_GENE_2244,Neoceratodus_forsteri_GENE_2244
OG0000032,Canis_lupus_familiaris_GENE_2274,Neoceratodus_forsteri_GENE_2274
OG0000048,Canis_lupus_familiaris_GENE_2498,Neoceratodus_forsteri_GENE_2498
OG0000018,Canis_lupus_familiaris_GENE_2772,Neoceratodus_forsteri_GENE_2772
OG0000036,Canis_lupus_familiaris_GENE_2869,Neoceratodus_forsteri_GENE_2869
OG0000019,Canis_lupus_familiaris_GENE_2903,Neoceratodus_forsteri_GENE_2903
OG0000002,Canis_lupus_familiaris_GENE_3026,Neoceratodus_forsteri_GENE_3026
OG0000050,Canis_lupus_familiaris_GENE_3210,Neoceratodus_forsteri_GENE_3210
OG0000022,Canis_lupus_familiaris_GENE_3508,Neoceratodus_forsteri_GENE_3508
OG0000007,Canis_lupus_familiaris_GENE_3907,Neoceratodus_forsteri_GENE_3907
OG0000043,Canis_lupus_familiaris_GENE_401,Neoceratodus_forsteri_GENE_401
OG0000008,Canis_lupus_familiaris_GENE_541,Neoceratodus_forsteri_GENE_541
OG0000024,Canis_lupus_familiaris_GENE_609,Neoceratodus_forsteri_GENE_609
OG0000054,Canis_lupus_familiaris_GENE_634,Neoceratodus_forsteri_GENE_634
OG0000026,Canis_lupus_familiaris_GENE_974,Neoceratodus_forsteri_GENE_974
