Orthogroup,Canis,Mus
OG0000012,Canis_lupus_familiaris_GENE_1206,Mus_musculus_GENE_1206
OG0000027,Canis_lupus_familiaris_GENE_1465,Mus_musculus_GENE_1465
OG0000014,Canis_lupus_familiaris_GENE_1646,Mus_musculus_GENE_1646
OG0000055,Canis_lupus_familiaris_GENE_17,Mus_musculus_GENE_17
OG0000029,Canis_lupus_familiaris_GENE_1724,Mus_musculus_GENE_1724
OG0000030,Canis_lupus_familiaris_GENE_1984,Mus_musculus_GENE_1984
OG0000031,Canis_lupus_familiaris_GENE_2024,Mus_musculus_GENE_2024
OG0000015,Canis_lupus_familiaris_GENE_2194,Mus_musculus_GENE_2194
OG0000032,Canis_lupus_familiaris_GENE_2274,Mus_musculus_GENE_2274
OG0000048,Canis_lupus_familiaris_GENE_2498,Mus_musculus_GENE_2498
OG0000035,Canis_lupus_familiaris_GENE_2537,Mus_musculus_GENE_2537
OG0000018,Canis_lupus_familiaris_GENE_2772,Mus_musculus_GENE_2772
OG0000019,Canis_lupus_familiaris_GENE_2903,Mus_musculus_GENE_2903
OG0000002,Canis_lupus_familiaris_GENE_3026,Mus_musculus_GENE_3026
OG0000049,Canis_lupus_familiaris_GENE_3058,Mus_musculus_GENE_3058
OG0000038,Canis_lupus_familiaris_GENE_3150,Mus_musculus_GENE_3150
OG0000050,Canis_lupus_familiaris_GENE_3210,Mus_musculus_GENE_3210
OG0000039,Canis_lupus_familiaris_GENE_3290,Mus_musculus_GENE_3290
OG0000004,Canis_lupus_familiaris_GENE_343,Mus_musculus_GENE_343
OG0000021,Canis_lupus_familiaris_GENE_3458,Mus_musculus_GENE_3458
OG0000022,Canis_lupus_familiaris_GENE_3508,Mus_musculus_GENE_3508
OG0000040,Canis_lupus_familiaris_GENE_3515,Mus_musculus_GENE_3515
OG0000046,Canis_lupus_familiaris_GENE_368,Mus_musculus_GENE_368
OG0000006,Canis_lupus_familiaris_GENE_3818,Mus_musculus_GENE_3818
OG0000042,Canis_lupus_familiaris_GENE_3912,Mus_musculus_GENE_3912
OG0000043,Canis_lupus_familiaris_GENE_401,Mus_musculus_GENE_401
OG0000008,Canis_lupus_familiaris_GENE_541,Mus_musculus_GENE_541
OG0000044,Canis_lupus_familiaris_GENE_583,Mus_musculus_GENE_583
OG0000024,Canis_lupus_familiaris_GENE_609,Mus_musculus_GENE_609
OG0000009,Canis_lupus_familiaris_GENE_730,Mus_musculus_GENE_730
OG0000045,Canis_lupus_familiaris_GENE_952,Mus_musculus_GENE_952
