Orthogroup,Canis,Homo
OG0000010,Canis_lupus_familiaris_GENE_1086,Homo_sapiens_GENE_1086
OG0000012,Canis_lupus_familiaris_GENE_1206,Homo_sapiens_GENE_1206
OG0000014,Canis_lupus_familiaris_GENE_1646,Homo_sapiens_GENE_1646
OG0000028,Canis_lupus_familiaris_GENE_1671,Homo_sapiens_GENE_1671
OG0000055,Canis_lupus_familiaris_GENE_17,Homo_sapiens_GENE_17
OG0000029,Canis_lupus_familiaris_GENE_1724,Homo_sapiens_GENE_1724
OG0000030,Canis_lupus_familiaris_GENE_1984,Homo_sapiens_GENE_1984
OG0000031,Canis_lupus_familiaris_GENE_2024,Homo_sapiens_GENE_2024
OG0000015,Canis_lupus_familiaris_GENE_2194,Homo_sapiens_GENE_2194
OG0000016,Canis_lupus_familiaris_GENE_2244,Homo_sapiens_GENE_2244
OG0000034,Canis_lupus_familiaris_GENE_248,Homo_sapiens_GENE_248
OG0000035,Canis_lupus_familiaris_GENE_2537,Homo_sapiens_GENE_2537
OG0000018,Canis_lupus_familiaris_GENE_2772,Homo_sapiens_GENE_2772
OG0000019,Canis_lupus_familiaris_GENE_2903,Homo_sapiens_GENE_2903
OG0000038,Canis_lupus_familiaris_GENE_3150,Homo_sapiens_GENE_3150
OG0000051,Canis_lupus_familiaris_GENE_3283,Homo_sapiens_GENE_3283
OG0000039,Canis_lupus_familiaris_GENE_3290,Homo_sapiens_GENE_3290
OG0000003,Canis_lupus_familiaris_GENE_3380,Homo_sapiens_GENE_3380
OG0000004,Canis_lupus_familiaris_GENE_343,Homo_sapiens_GENE_343
OG0000021,Canis_lupus_familiaris_GENE_3458,Homo_sapiens_GENE_3458
OG0000005,Canis_lupus_familiaris_GENE_3570,Homo_sapiens_GENE_3570
OG0000043,Canis_lupus_familiaris_GENE_401,Homo_sapiens_GENE_401
OG0000008,Canis_lupus_familiaris_GENE_541,Homo_sapiens_GENE_541
OG0000044,Canis_lupus_familiaris_GENE_583,Homo_sapiens_GENE_583
OG0000024,Canis_lupus_familiaris_GENE_609,Homo_sapiens_GENE_609
OG0000025,Canis_lupus_familiaris_GENE_697,Homo_sapiens_GENE_697
