Orthogroup,Canis,Danio
OG0000012,Canis_lupus_familiaris_GENE_1206,Danio_rerio_GENE_1206
OG0000013,Canis_lupus_familiaris_GENE_1224,Danio_rerio_GENE_1224
OG0000000,Canis_lupus_familiaris_GENE_1433,Danio_rerio_GENE_1433
OG0000055,Canis_lupus_familiaris_GENE_17,Danio_rerio_GENE_17
OG0000029,Canis_lupus_familiaris_GENE_1724,Danio_rerio_GENE_1724
OG0000016,Canis_lupus_familiaris_GENE_2244,Danio_rerio_GENE_2244
OG0000032,Canis_lupus_familiaris_GENE_2274,Danio_rerio_GENE_2274
OG0000048,Canis_lupus_familiaris_GENE_2498,Danio_rerio_GENE_2498
OG0000035,Canis_lupus_familiaris_GENE_2537,Danio_rerio_GENE_2537
OG0000018,Canis_lupus_familiaris_GENE_2772,Danio_rerio_GENE_2772
OG0000036,Canis_lupus_familiaris_GENE_2869,Danio_rerio_GENE_2869
OG0000019,Canis_lupus_familiaris_GENE_2903,Danio_rerio_GENE_2903
OG0000002,Canis_lupus_familiaris_GENE_3026,Danio_rerio_GENE_3026
OG0000050,Canis_lupus_familiaris_GENE_3210,Danio_rerio_GENE_3210
OG0000041,Canis_lupus_familiaris_GENE_39,Danio_rerio_GENE_39
OG0000007,Canis_lupus_familiaris_GENE_3907,Danio_rerio_GENE_3907
OG0000043,Canis_lupus_familiaris_GENE_401,Danio_rerio_GENE_401
OG0000008,Canis_lupus_familiaris_GENE_541,Danio_rerio_GENE_541
OG0000054,Canis_lupus_familiaris_GENE_634,Danio_rerio_GENE_634
OG0000026,Canis_lupus_familiaris_GENE_974,Danio_rerio_GENE_974
