Orthogroup,Canis,Taeniopygia
OG0000027,Canis_lupus_familiaris_GENE_1465,Taeniopygia_guttata_GENE_1465
OG0000031,Canis_lupus_familiaris_GENE_2024,Taeniopygia_guttata_GENE_2024
OG0000001,Canis_lupus_familiaris_GENE_2421,Taeniopygia_guttata_GENE_2421
OG0000048,Canis_lupus_familiaris_GENE_2498,Taeniopygia_guttata_GENE_2498
OG0000019,Canis_lupus_familiaris_GENE_2903,Taeniopygia_guttata_GENE_2903
OG0000037,Canis_lupus_familiaris_GENE_3089,Taeniopygia_guttata_GENE_3089
OG0000050,Canis_lupus_familiaris_GENE_3210,Taeniopygia_guttata_GENE_3210
OG0000021,Canis_lupus_familiaris_GENE_3458,Taeniopygia_guttata_GENE_3458
OG0000040,Canis_lupus_familiaris_GENE_3515,Taeniopygia_guttata_GENE_3515
OG0000006,Canis_lupus_familiaris_GENE_3818,Taeniopygia_guttata_GENE_3818
OG0000041,Canis_lupus_familiaris_GENE_39,Taeniopygia_guttata_GENE_39
OG0000007,Canis_lupus_familiaris_GENE_3907,Taeniopygia_guttata_GENE_3907
OG0000053,Canis_lupus_familiaris_GENE_3913,Taeniopygia_guttata_GENE_3913
OG0000023,Canis_lupus_familiaris_GENE_3942,Taeniopygia_guttata_GENE_3942
OG0000043,Canis_lupus_familiaris_GENE_401,Taeniopygia_guttata_GENE_401
OG0000044,Canis_lupus_familiaris_GENE_583,Taeniopygia_guttata_GENE_583
OG0000024,Canis_lupus_familiaris_GENE_609,Taeniopygia_guttata_GENE_609
OG0000009,Canis_lupus_familiaris_GENE_730,Taeniopygia_guttata_GENE_730
