Orthogroup,Canis,Callorhinchus
OG0000013,Canis_lupus_familiaris_GENE_1224,Callorhinchus_milii_GENE_1224
OG0000000,Canis_lupus_familiaris_GENE_1433,Callorhinchus_milii_GENE_1433
OG0000055,Canis_lupus_familiaris_GENE_17,Callorhinchus_milii_GENE_17
OG0000029,Canis_lupus_familiaris_GENE_1724,Callorhinchus_milii_GENE_1724
OG0000016,Canis_lupus_familiaris_GENE_2244,Callorhinchus_milii_GENE_2244
OG0000032,Canis_lupus_familiaris_GENE_2274,Callorhinchus_milii_GENE_2274
OG0000018,Canis_lupus_familiaris_GENE_2772,Callorhinchus_milii_GENE_2772
OG0000036,Canis_lupus_familiaris_GENE_2869,Callorhinchus_milii_GENE_2869
OG0000019,Canis_lupus_familiaris_GENE_2903,Callorhinchus_milii_GENE_2903
OG0000002,Canis_lupus_familiaris_GENE_3026,Callorhinchus_milii_GENE_3026
OG0000038,Canis_lupus_familiaris_GENE_3150,Callorhinchus_milii_GENE_3150
OG0000050,Canis_lupus_familiaris_GENE_3210,Callorhinchus_milii_GENE_3210
OG0000046,Canis_lupus_familiaris_GENE_368,Callorhinchus_milii_GENE_368
OG0000006,Canis_lupus_familiaris_GENE_3818,Callorhinchus_milii_GENE_3818
OG0000007,Canis_lupus_familiaris_GENE_3907,Callorhinchus_milii_GENE_3907
OG0000043,Canis_lupus_familiaris_GENE_401,Callorhinchus_milii_GENE_401
OG0000008,Canis_lupus_familiaris_GENE_541,Callorhinchus_milii_GENE_541
OG0000044,Canis_lupus_familiaris_GENE_583,Callorhinchus_milii_GENE_583
OG0000054,Canis_lupus_familiaris_GENE_634,Callorhinchus_milii_GENE_634
OG0000009,Canis_lupus_familiaris_GENE_730,Callorhinchus_milii_GENE_730
OG0000026,Canis_lupus_familiaris_GENE_974,Callorhinchus_milii_GENE_974
