Orthogroup,Canis,Loxodonta
OG0000012,Canis_lupus_familiaris_GENE_1206,Loxodonta_africana_GENE_1206
OG0000027,Canis_lupus_familiaris_GENE_1465,Loxodonta_africana_GENE_1465
OG0000028,Canis_lupus_familiaris_GENE_1671,Loxodonta_africana_GENE_1671
OG0000055,Canis_lupus_familiaris_GENE_17,Loxodonta_africana_GENE_17
OG0000029,Canis_lupus_familiaris_GENE_1724,Loxodonta_africana_GENE_1724
OG0000031,Canis_lupus_familiaris_GENE_2024,Loxodonta_africana_GENE_2024
OG0000015,Canis_lupus_familiaris_GENE_2194,Loxodonta_africana_GENE_2194
OG0000032,Canis_lupus_familiaris_GENE_2274,Loxodonta_africana_GENE_2274
OG0000001,Canis_lupus_familiaris_GENE_2421,Loxodonta_africana_GENE_2421
OG0000048,Canis_lupus_familiaris_GENE_2498,Loxodonta_africana_GENE_2498
OG0000035,Canis_lupus_familiaris_GENE_2537,Loxodonta_africana_GENE_2537
OG0000018,Canis_lupus_familiaris_GENE_2772,Loxodonta_africana_GENE_2772
OG0000019,Canis_lupus_familiaris_GENE_2903,Loxodonta_africana_GENE_2903
OG0000002,Canis_lupus_familiaris_GENE_3026,Loxodonta_africana_GENE_3026
OG0000037,Canis_lupus_familiaris_GENE_3089,Loxodonta_africana_GENE_3089
OG0000051,Canis_lupus_familiaris_GENE_3283,Loxodonta_africana_GENE_3283
OG0000004,Canis_lupus_familiaris_GENE_343,Loxodonta_africana_GENE_343
OG0000021,Canis_lupus_familiaris_GENE_3458,Loxodonta_africana_GENE_3458
OG0000022,Canis_lupus_familiaris_GENE_3508,Loxodonta_africana_GENE_3508
OG0000005,Canis_lupus_familiaris_GENE_3570,Loxodonta_africana_GENE_3570
OG0000042,Canis_lupus_familiaris_GENE_3912,Loxodonta_africana_GENE_3912
OG0000043,Canis_lupus_familiaris_GENE_401,Loxodonta_africana_GENE_401
OG0000024,Canis_lupus_familiaris_GENE_609,Loxodonta_africana_GENE_609
