Orthogroup,Canis,Xenopus
OG0000010,Canis_lupus_familiaris_GENE_1086,Xenopus_Silurana_tropicalis_GENE_1086
OG0000011,Canis_lupus_familiaris_GENE_1093,Xenopus_Silurana_tropicalis_GENE_1093
OG0000000,Canis_lupus_familiaris_GENE_1433,Xenopus_Silurana_tropicalis_GENE_1433
OG0000027,Canis_lupus_familiaris_GENE_1465,Xenopus_Silurana_tropicalis_GENE_1465
OG0000055,Canis_lupus_familiaris_GENE_17,Xenopus_Silurana_tropicalis_GENE_17
OG0000029,Canis_lupus_familiaris_GENE_1724,Xenopus_Silurana_tropicalis_GENE_1724
OG0000031,Canis_lupus_familiaris_GENE_2024,Xenopus_Silurana_tropicalis_GENE_2024
OG0000016,Canis_lupus_familiaris_GENE_2244,Xenopus_Silurana_tropicalis_GENE_2244
OG0000032,Canis_lupus_familiaris_GENE_2274,Xenopus_Silurana_tropicalis_GENE_2274
OG0000034,Canis_lupus_familiaris_GENE_248,Xenopus_Silurana_tropicalis_GENE_248
OG0000048,Canis_lupus_familiaris_GENE_2498,Xenopus_Silurana_tropicalis_GENE_2498
OG0000035,Canis_lupus_familiaris_GENE_2537,Xenopus_Silurana_tropicalis_GENE_2537
OG0000018,Canis_lupus_familiaris_GENE_2772,Xenopus_Silurana_tropicalis_GENE_2772
OG0000036,Canis_lupus_familiaris_GENE_2869,Xenopus_Silurana_tropicalis_GENE_2869
OG0000019,Canis_lupus_familiaris_GENE_2903,Xenopus_Silurana_tropicalis_GENE_2903
OG0000002,Canis_lupus_familiaris_GENE_3026,Xenopus_Silurana_tropicalis_GENE_3026
OG0000049,Canis_lupus_familiaris_GENE_3058,Xenopus_Silurana_tropicalis_GENE_3058
OG0000037,Canis_lupus_familiaris_GENE_3089,Xenopus_Silurana_tropicalis_GENE_3089
OG0000038,Canis_lupus_familiaris_GENE_3150,Xenopus_Silurana_tropicalis_GENE_3150
OG0000050,Canis_lupus_familiaris_GENE_3210,Xenopus_Silurana_tropicalis_GENE_3210
OG0000039,Canis_lupus_familiaris_GENE_3290,Xenopus_Silurana_tropicalis_GENE_3290
OG0000021,Canis_lupus_familiaris_GENE_3458,Xenopus_Silurana_tropicalis_GENE_3458
OG0000007,Canis_lupus_familiaris_GENE_3907,Xenopus_Silurana_tropicalis_GENE_3907
OG0000042,Canis_lupus_familiaris_GENE_3912,Xenopus_Silurana_tropicalis_GENE_3912
OG0000043,Canis_lupus_familiaris_GENE_401,Xenopus_Silurana_tropicalis_GENE_401
OG0000008,Canis_lupus_familiaris_GENE_541,Xenopus_Silurana_tropicalis_GENE_541
OG0000044,Canis_lupus_familiaris_GENE_583,Xenopus_Silurana_tropicalis_GENE_583
OG0000054,Canis_lupus_familiaris_GENE_634,Xenopus_Silurana_tropicalis_GENE_634
OG0000009,Canis_lupus_familiaris_GENE_730,Xenopus_Silurana_tropicalis_GENE_730
OG0000045,Canis_lupus_familiaris_GENE_952,Xenopus_Silurana_tropicalis_GENE_952
OG0000026,Canis_lupus_familiaris_GENE_974,Xenopus_Silurana_tropicalis_GENE_974
