Orthogroup,Canis,Monodelphis
OG0000012,Canis_lupus_familiaris_GENE_1206,Monodelphis_domestica_GENE_1206
OG0000013,Canis_lupus_familiaris_GENE_1224,Monodelphis_domestica_GENE_1224
OG0000027,Canis_lupus_familiaris_GENE_1465,Monodelphis_domestica_GENE_1465
OG0000014,Canis_lupus_familiaris_GENE_1646,Monodelphis_domestica_GENE_1646
OG0000028,Canis_lupus_familiaris_GENE_1671,Monodelphis_domestica_GENE_1671
OG0000031,Canis_lupus_familiaris_GENE_2024,Monodelphis_domestica_GENE_2024
OG0000015,Canis_lupus_familiaris_GENE_2194,Monodelphis_domestica_GENE_2194
OG0000016,Canis_lupus_familiaris_GENE_2244,Monodelphis_domestica_GENE_2244
OG0000032,Canis_lupus_familiaris_GENE_2274,Monodelphis_domestica_GENE_2274
OG0000048,Canis_lupus_familiaris_GENE_2498,Monodelphis_domestica_GENE_2498
OG0000035,Canis_lupus_familiaris_GENE_2537,Monodelphis_domestica_GENE_2537
OG0000037,Canis_lupus_familiaris_GENE_3089,Monodelphis_domestica_GENE_3089
OG0000004,Canis_lupus_familiaris_GENE_343,Monodelphis_domestica_GENE_343
OG0000021,Canis_lupus_familiaris_GENE_3458,Monodelphis_domestica_GENE_3458
OG0000022,Canis_lupus_familiaris_GENE_3508,Monodelphis_domestica_GENE_3508
OG0000005,Canis_lupus_familiaris_GENE_3570,Monodelphis_domestica_GENE_3570
OG0000046,Canis_lupus_familiaris_GENE_368,Monodelphis_domestica_GENE_368
OG0000006,Canis_lupus_familiaris_GENE_3818,Monodelphis_domestica_GENE_3818
OG0000041,Canis_lupus_familiaris_GENE_39,Monodelphis_domestica_GENE_39
OG0000043,Canis_lupus_familiaris_GENE_401,Monodelphis_domestica_GENE_401
OG0000054,Canis_lupus_familiaris_GENE_634,Monodelphis_domestica_GENE_634
OG0000025,Canis_lupus_familiaris_GENE_697,Monodelphis_domestica_GENE_697
OG0000009,Canis_lupus_familiaris_GENE_730,Monodelphis_domestica_GENE_730
