Orthogroup,Taeniopygia,Lepisosteus
OG0000000,Taeniopygia_guttata_GENE_1433,Lepisosteus_oculatus_GENE_1433
OG0000055,Taeniopygia_guttata_GENE_17,Lepisosteus_oculatus_GENE_17
OG0000029,Taeniopygia_guttata_GENE_1724,Lepisosteus_oculatus_GENE_1724
OG0000047,Taeniopygia_guttata_GENE_2063,Lepisosteus_oculatus_GENE_2063
OG0000016,Taeniopygia_guttata_GENE_2244,Lepisosteus_oculatus_GENE_2244
OG0000017,Taeniopygia_guttata_GENE_2459,Lepisosteus_oculatus_GENE_2459
OG0000048,Taeniopygia_guttata_GENE_2498,Lepisosteus_oculatus_GENE_2498
OG0000018,Taeniopygia_guttata_GENE_2772,Lepisosteus_oculatus_GENE_2772
OG0000019,Taeniopygia_guttata_GENE_2903,Lepisosteus_oculatus_GENE_2903
OG0000002,Taeniopygia_guttata_GENE_3026,Lepisosteus_oculatus_GENE_3026
OG0000050,Taeniopygia_guttata_GENE_3210,Lepisosteus_oculatus_GENE_3210
OG0000052,Taeniopygia_guttata_GENE_3317,Lepisosteus_oculatus_GENE_3317
OG0000020,Taeniopygia_guttata_GENE_3353,Lepisosteus_oculatus_GENE_3353
OG0000022,Taeniopygia_guttata_GENE_3508,Lepisosteus_oculatus_GENE_3508
OG0000005,Taeniopygia_guttata_GENE_3570,Lepisosteus_oculatus_GENE_3570
OG0000041,Taeniopygia_guttata_GENE_39,Lepisosteus_oculatus_GENE_39
OG0000007,Taeniopygia_guttata_GENE_3907,Lepisosteus_oculatus_GENE_3907
OG0000043,Taeniopygia_guttata_GENE_401,Lepisosteus_oculatus_GENE_401
OG0000008,Taeniopygia_guttata_GENE_541,Lepisosteus_oculatus_GENE_541
OG0000026,Taeniopygia_guttata_GENE_974,Lepisosteus_oculatus_GENE_974
