Orthogroup,Taeniopygia,Dasypus
OG0000027,Taeniopygia_guttata_GENE_1465,Dasypus_novemcinctus_GENE_1465
OG0000031,Taeniopygia_guttata_GENE_2024,Dasypus_novemcinctus_GENE_2024
OG0000047,Taeniopygia_guttata_GENE_2063,Dasypus_novemcinctus_GENE_2063
OG0000016,Taeniopygia_guttata_GENE_2244,Dasypus_novemcinctus_GENE_2244
OG0000001,Taeniopygia_guttata_GENE_2421,Dasypus_novemcinctus_GENE_2421
OG0000019,Taeniopygia_guttata_GENE_2903,Dasypus_novemcinctus_GENE_2903
OG0000052,Taeniopygia_guttata_GENE_3317,Dasypus_novemcinctus_GENE_3317
OG0000021,Taeniopygia_guttata_GENE_3458,Dasypus_novemcinctus_GENE_3458
OG0000040,Taeniopygia_guttata_GENE_3515,Dasypus_novemcinctus_GENE_3515
OG0000006,Taeniopygia_guttata_GENE_3818,Dasypus_novemcinctus_GENE_3818
OG0000041,Taeniopygia_guttata_GENE_39,Dasypus_novemcinctus_GENE_39
OG0000007,Taeniopygia_guttata_GENE_3907,Dasypus_novemcinctus_GENE_3907
OG0000023,Taeniopygia_guttata_GENE_3942,Dasypus_novemcinctus_GENE_3942
OG0000043,Taeniopygia_guttata_GENE_401,Dasypus_novemcinctus_GENE_401
OG0000044,Taeniopygia_guttata_GENE_583,Dasypus_novemcinctus_GENE_583
OG0000024,Taeniopygia_guttata_GENE_609,Dasypus_novemcinctus_GENE_609
OG0000009,Taeniopygia_guttata_GENE_730,Dasypus_novemcinctus_GENE_730
OG0000026,Taeniopygia_guttata_GENE_974,Dasypus_novemcinctus_GENE_974
