Orthogroup,Taeniopygia,Ornithorhynchus
OG0000027,Taeniopygia_guttata_GENE_1465,Ornithorhynchus_anatinus_GENE_1465
OG0000016,Taeniopygia_guttata_GENE_2244,Ornithorhynchus_anatinus_GENE_2244
OG0000048,Taeniopygia_guttata_GENE_2498,Ornithorhynchus_anatinus_GENE_2498
OG0000019,Taeniopygia_guttata_GENE_2903,Ornithorhynchus_anatinus_GENE_2903
OG0000051,Taeniopygia_guttata_GENE_3283,Ornithorhynchus_anatinus_GENE_3283
OG0000021,Taeniopygia_guttata_GENE_3458,Ornithorhynchus_anatinus_GENE_3458
OG0000046,Taeniopygia_guttata_GENE_368,Ornithorhynchus_anatinus_GENE_368
OG0000006,Taeniopygia_guttata_GENE_3818,Ornithorhynchus_anatinus_GENE_3818
OG0000041,Taeniopygia_guttata_GENE_39,Ornithorhynchus_anatinus_GENE_39
OG0000007,Taeniopygia_guttata_GENE_3907,Ornithorhynchus_anatinus_GENE_3907
OG0000043,Taeniopygia_guttata_GENE_401,Ornithorhynchus_anatinus_GENE_401
OG0000024,Taeniopygia_guttata_GENE_609,Ornithorhynchus_anatinus_GENE_609
OG0000009,Taeniopygia_guttata_GENE_730,Ornithorhynchus_anatinus_GENE_730
