Orthogroup,Taeniopygia,Canis
OG0000027,Taeniopygia_guttata_GENE_1465,Canis_lupus_familiaris_GENE_1465
OG0000031,Taeniopygia_guttata_GENE_2024,Canis_lupus_familiaris_GENE_2024
OG0000001,Taeniopygia_guttata_GENE_2421,Canis_lupus_familiaris_GENE_2421
OG0000048,Taeniopygia_guttata_GENE_2498,Canis_lupus_familiaris_GENE_2498
OG0000019,Taeniopygia_guttata_GENE_2903,Canis_lupus_familiaris_GENE_2903
OG0000037,Taeniopygia_guttata_GENE_3089,Canis_lupus_familiaris_GENE_3089
OG0000050,Taeniopygia_guttata_GENE_3210,Canis_lupus_familiaris_GENE_3210
OG0000021,Taeniopygia_guttata_GENE_3458,Canis_lupus_familiaris_GENE_3458
OG0000040,Taeniopygia_guttata_GENE_3515,Canis_lupus_familiaris_GENE_3515
OG0000006,Taeniopygia_guttata_GENE_3818,Canis_lupus_familiaris_GENE_3818
OG0000041,Taeniopygia_guttata_GENE_39,Canis_lupus_familiaris_GENE_39
OG0000007,Taeniopygia_guttata_GENE_3907,Canis_lupus_familiaris_GENE_3907
OG0000053,Taeniopygia_guttata_GENE_3913,Canis_lupus_familiaris_GENE_3913
OG0000023,Taeniopygia_guttata_GENE_3942,Canis_lupus_familiaris_GENE_3942
OG0000043,Taeniopygia_guttata_GENE_401,Canis_lupus_familiaris_GENE_401
OG0000044,Taeniopygia_guttata_GENE_583,Canis_lupus_familiaris_GENE_583
OG0000024,Taeniopygia_guttata_GENE_609,Canis_lupus_familiaris_GENE_609
OG0000009,Taeniopygia_guttata_GENE_730,Canis_lupus_familiaris_GENE_730
