Orthogroup,Taeniopygia,Oreochromis
OG0000012,Taeniopygia_guttata_GENE_1206,Oreochromis_niloticus_GENE_1206
OG0000000,Taeniopygia_guttata_GENE_1433,Oreochromis_niloticus_GENE_1433
OG0000055,Taeniopygia_guttata_GENE_17,Oreochromis_niloticus_GENE_17
OG0000047,Taeniopygia_guttata_GENE_2063,Oreochromis_niloticus_GENE_2063
OG0000016,Taeniopygia_guttata_GENE_2244,Oreochromis_niloticus_GENE_2244
OG0000017,Taeniopygia_guttata_GENE_2459,Oreochromis_niloticus_GENE_2459
OG0000018,Taeniopygia_guttata_GENE_2772,Oreochromis_niloticus_GENE_2772
OG0000019,Taeniopygia_guttata_GENE_2903,Oreochromis_niloticus_GENE_2903
OG0000002,Taeniopygia_guttata_GENE_3026,Oreochromis_niloticus_GENE_3026
OG0000050,Taeniopygia_guttata_GENE_3210,Oreochromis_niloticus_GENE_3210
OG0000052,Taeniopygia_guttata_GENE_3317,Oreochromis_niloticus_GENE_3317
OG0000020,Taeniopygia_guttata_GENE_3353,Oreochromis_niloticus_GENE_3353
OG0000022,Taeniopygia_guttata_GENE_3508,Oreochromis_niloticus_GENE_3508
OG0000005,Taeniopygia_guttata_GENE_3570,Oreochromis_niloticus_GENE_3570
OG0000041,Taeniopygia_guttata_GENE_39,Oreochromis_niloticus_GENE_39
OG0000007,Taeniopygia_guttata_GENE_3907,Oreochromis_niloticus_GENE_3907
OG0000008,Taeniopygia_guttata_GENE_541,Oreochromis_niloticus_GENE_541
OG0000026,Taeniopygia_guttata_GENE_974,Oreochromis_niloticus_GENE_974
