Orthogroup,Taeniopygia,Homo
OG0000027,Taeniopygia_guttata_GENE_1465,Homo_sapiens_GENE_1465
OG0000031,Taeniopygia_guttata_GENE_2024,Homo_sapiens_GENE_2024
OG0000001,Taeniopygia_guttata_GENE_2421,Homo_sapiens_GENE_2421
OG0000017,Taeniopygia_guttata_GENE_2459,Homo_sapiens_GENE_2459
OG0000048,Taeniopygia_guttata_GENE_2498,Homo_sapiens_GENE_2498
OG0000019,Taeniopygia_guttata_GENE_2903,Homo_sapiens_GENE_2903
OG0000037,Taeniopygia_guttata_GENE_3089,Homo_sapiens_GENE_3089
OG0000050,Taeniopygia_guttata_GENE_3210,Homo_sapiens_GENE_3210
OG0000052,Taeniopygia_guttata_GENE_3317,Homo_sapiens_GENE_3317
OG0000021,Taeniopygia_guttata_GENE_3458,Homo_sapiens_GENE_3458
OG0000040,Taeniopygia_guttata_GENE_3515,Homo_sapiens_GENE_3515
OG0000006,Taeniopygia_guttata_GENE_3818,Homo_sapiens_GENE_3818
OG0000041,Taeniopygia_guttata_GENE_39,Homo_sapiens_GENE_39
OG0000007,Taeniopygia_guttata_GENE_3907,Homo_sapiens_GENE_3907
OG0000023,Taeniopygia_guttata_GENE_3942,Homo_sapiens_GENE_3942
OG0000043,Taeniopygia_guttata_GENE_401,Homo_sapiens_GENE_401
OG0000044,Taeniopygia_guttata_GENE_583,Homo_sapiens_GENE_583
OG0000024,Taeniopygia_guttata_GENE_609,Homo_sapiens_GENE_609
OG0000009,Taeniopygia_guttata_GENE_730,Homo_sapiens_GENE_730
OG0000026,Taeniopygia_guttata_GENE_974,Homo_sapiens_GENE_974
