Orthogroup,Taeniopygia,Monodelphis
OG0000000,Taeniopygia_guttata_GENE_1433,Monodelphis_domestica_GENE_1433
OG0000027,Taeniopygia_guttata_GENE_1465,Monodelphis_domestica_GENE_1465
OG0000031,Taeniopygia_guttata_GENE_2024,Monodelphis_domestica_GENE_2024
OG0000047,Taeniopygia_guttata_GENE_2063,Monodelphis_domestica_GENE_2063
OG0000017,Taeniopygia_guttata_GENE_2459,Monodelphis_domestica_GENE_2459
OG0000048,Taeniopygia_guttata_GENE_2498,Monodelphis_domestica_GENE_2498
OG0000018,Taeniopygia_guttata_GENE_2772,Monodelphis_domestica_GENE_2772
OG0000037,Taeniopygia_guttata_GENE_3089,Monodelphis_domestica_GENE_3089
OG0000052,Taeniopygia_guttata_GENE_3317,Monodelphis_domestica_GENE_3317
OG0000021,Taeniopygia_guttata_GENE_3458,Monodelphis_domestica_GENE_3458
OG0000040,Taeniopygia_guttata_GENE_3515,Monodelphis_domestica_GENE_3515
OG0000006,Taeniopygia_guttata_GENE_3818,Monodelphis_domestica_GENE_3818
OG0000041,Taeniopygia_guttata_GENE_39,Monodelphis_domestica_GENE_39
OG0000007,Taeniopygia_guttata_GENE_3907,Monodelphis_domestica_GENE_3907
OG0000043,Taeniopygia_guttata_GENE_401,Monodelphis_domestica_GENE_401
OG0000044,Taeniopygia_guttata_GENE_583,Monodelphis_domestica_GENE_583
OG0000024,Taeniopygia_guttata_GENE_609,Monodelphis_domestica_GENE_609
OG0000009,Taeniopygia_guttata_GENE_730,Monodelphis_domestica_GENE_730
