Orthogroup,Taeniopygia,Callorhinchus
OG0000000,Taeniopygia_guttata_GENE_1433,Callorhinchus_milii_GENE_1433
OG0000055,Taeniopygia_guttata_GENE_17,Callorhinchus_milii_GENE_17
OG0000029,Taeniopygia_guttata_GENE_1724,Callorhinchus_milii_GENE_1724
OG0000016,Taeniopygia_guttata_GENE_2244,Callorhinchus_milii_GENE_2244
OG0000017,Taeniopygia_guttata_GENE_2459,Callorhinchus_milii_GENE_2459
OG0000018,Taeniopygia_guttata_GENE_2772,Callorhinchus_milii_GENE_2772
OG0000019,Taeniopygia_guttata_GENE_2903,Callorhinchus_milii_GENE_2903
OG0000002,Taeniopygia_guttata_GENE_3026,Callorhinchus_milii_GENE_3026
OG0000038,Taeniopygia_guttata_GENE_3150,Callorhinchus_milii_GENE_3150
OG0000050,Taeniopygia_guttata_GENE_3210,Callorhinchus_milii_GENE_3210
OG0000052,Taeniopygia_guttata_GENE_3317,Callorhinchus_milii_GENE_3317
OG0000020,Taeniopygia_guttata_GENE_3353,Callorhinchus_milii_GENE_3353
OG0000022,Taeniopygia_guttata_GENE_3508,Callorhinchus_milii_GENE_3508
OG0000005,Taeniopygia_guttata_GENE_3570,Callorhinchus_milii_GENE_3570
OG0000046,Taeniopygia_guttata_GENE_368,Callorhinchus_milii_GENE_368
OG0000006,Taeniopygia_guttata_GENE_3818,Callorhinchus_milii_GENE_3818
OG0000007,Taeniopygia_guttata_GENE_3907,Callorhinchus_milii_GENE_3907
OG0000043,Taeniopygia_guttata_GENE_401,Callorhinchus_milii_GENE_401
OG0000008,Taeniopygia_guttata_GENE_541,Callorhinchus_milii_GENE_541
OG0000044,Taeniopygia_guttata_GENE_583,Callorhinchus_milii_GENE_583
OG0000009,Taeniopygia_guttata_GENE_730,Callorhinchus_milii_GENE_730
OG0000026,Taeniopygia_guttata_GENE_974,Callorhinchus_milii_GENE_974
