Orthogroup,Taeniopygia,Protopterus
OG0000000,Taeniopygia_guttata_GENE_1433,Protopterus_annectens_GENE_1433
OG0000027,Taeniopygia_guttata_GENE_1465,Protopterus_annectens_GENE_1465
OG0000014,Taeniopygia_guttata_GENE_1646,Protopterus_annectens_GENE_1646
OG0000055,Taeniopygia_guttata_GENE_17,Protopterus_annectens_GENE_17
OG0000029,Taeniopygia_guttata_GENE_1724,Protopterus_annectens_GENE_1724
OG0000016,Taeniopygia_guttata_GENE_2244,Protopterus_annectens_GENE_2244
OG0000017,Taeniopygia_guttata_GENE_2459,Protopterus_annectens_GENE_2459
OG0000048,Taeniopygia_guttata_GENE_2498,Protopterus_annectens_GENE_2498
OG0000018,Taeniopygia_guttata_GENE_2772,Protopterus_annectens_GENE_2772
OG0000019,Taeniopygia_guttata_GENE_2903,Protopterus_annectens_GENE_2903
OG0000002,Taeniopygia_guttata_GENE_3026,Protopterus_annectens_GENE_3026
OG0000050,Taeniopygia_guttata_GENE_3210,Protopterus_annectens_GENE_3210
OG0000052,Taeniopygia_guttata_GENE_3317,Protopterus_annectens_GENE_3317
OG0000020,Taeniopygia_guttata_GENE_3353,Protopterus_annectens_GENE_3353
OG0000040,Taeniopygia_guttata_GENE_3515,Protopterus_annectens_GENE_3515
OG0000005,Taeniopygia_guttata_GENE_3570,Protopterus_annectens_GENE_3570
OG0000007,Taeniopygia_guttata_GENE_3907,Protopterus_annectens_GENE_3907
OG0000043,Taeniopygia_guttata_GENE_401,Protopterus_annectens_GENE_401
OG0000008,Taeniopygia_guttata_GENE_541,Protopterus_annectens_GENE_541
OG0000024,Taeniopygia_guttata_GENE_609,Protopterus_annectens_GENE_609
OG0000026,Taeniopygia_guttata_GENE_974,Protopterus_annectens_GENE_974
