Orthogroup,Taeniopygia,Danio
OG0000012,Taeniopygia_guttata_GENE_1206,Danio_rerio_GENE_1206
OG0000000,Taeniopygia_guttata_GENE_1433,Danio_rerio_GENE_1433
OG0000055,Taeniopygia_guttata_GENE_17,Danio_rerio_GENE_17
OG0000029,Taeniopygia_guttata_GENE_1724,Danio_rerio_GENE_1724
OG0000047,Taeniopygia_guttata_GENE_2063,Danio_rerio_GENE_2063
OG0000016,Taeniopygia_guttata_GENE_2244,Danio_rerio_GENE_2244
OG0000017,Taeniopygia_guttata_GENE_2459,Danio_rerio_GENE_2459
OG0000048,Taeniopygia_guttata_GENE_2498,Danio_rerio_GENE_2498
OG0000018,Taeniopygia_guttata_GENE_2772,Danio_rerio_GENE_2772
OG0000019,Taeniopygia_guttata_GENE_2903,Danio_rerio_GENE_2903
OG0000002,Taeniopygia_guttata_GENE_3026,Danio_rerio_GENE_3026
OG0000050,Taeniopygia_guttata_GENE_3210,Danio_rerio_GENE_3210
OG0000052,Taeniopygia_guttata_GENE_3317,Danio_rerio_GENE_3317
OG0000005,Taeniopygia_guttata_GENE_3570,Danio_rerio_GENE_3570
OG0000041,Taeniopygia_guttata_GENE_39,Danio_rerio_GENE_39
OG0000007,Taeniopygia_guttata_GENE_3907,Danio_rerio_GENE_3907
OG0000043,Taeniopygia_guttata_GENE_401,Danio_rerio_GENE_401
OG0000008,Taeniopygia_guttata_GENE_541,Danio_rerio_GENE_541
OG0000026,Taeniopygia_guttata_GENE_974,Danio_rerio_GENE_974
