Orthogroup,Taeniopygia,Xenopus
OG0000011,Taeniopygia_guttata_GENE_1093,Xenopus_Silurana_tropicalis_GENE_1093
OG0000000,Taeniopygia_guttata_GENE_1433,Xenopus_Silurana_tropicalis_GENE_1433
OG0000027,Taeniopygia_guttata_GENE_1465,Xenopus_Silurana_tropicalis_GENE_1465
OG0000055,Taeniopygia_guttata_GENE_17,Xenopus_Silurana_tropicalis_GENE_17
OG0000029,Taeniopygia_guttata_GENE_1724,Xenopus_Silurana_tropicalis_GENE_1724
OG0000030,Taeniopygia_guttata_GENE_1984,Xenopus_Silurana_tropicalis_GENE_1984
OG0000031,Taeniopygia_guttata_GENE_2024,Xenopus_Silurana_tropicalis_GENE_2024
OG0000047,Taeniopygia_guttata_GENE_2063,Xenopus_Silurana_tropicalis_GENE_2063
OG0000016,Taeniopygia_guttata_GENE_2244,Xenopus_Silurana_tropicalis_GENE_2244
OG0000048,Taeniopygia_guttata_GENE_2498,Xenopus_Silurana_tropicalis_GENE_2498
OG0000018,Taeniopygia_guttata_GENE_2772,Xenopus_Silurana_tropicalis_GENE_2772
OG0000019,Taeniopygia_guttata_GENE_2903,Xenopus_Silurana_tropicalis_GENE_2903
OG0000002,Taeniopygia_guttata_GENE_3026,Xenopus_Silurana_tropicalis_GENE_3026
OG0000049,Taeniopygia_guttata_GENE_3058,Xenopus_Silurana_tropicalis_GENE_3058
OG0000037,Taeniopygia_guttata_GENE_3089,Xenopus_Silurana_tropicalis_GENE_3089
OG0000038,Taeniopygia_guttata_GENE_3150,Xenopus_Silurana_tropicalis_GENE_3150
OG0000050,Taeniopygia_guttata_GENE_3210,Xenopus_Silurana_tropicalis_GENE_3210
OG0000004,Taeniopygia_guttata_GENE_343,Xenopus_Silurana_tropicalis_GENE_343
OG0000021,Taeniopygia_guttata_GENE_3458,Xenopus_Silurana_tropicalis_GENE_3458
OG0000022,Taeniopygia_guttata_GENE_3508,Xenopus_Silurana_tropicalis_GENE_3508
OG0000005,Taeniopygia_guttata_GENE_3570,Xenopus_Silurana_tropicalis_GENE_3570
OG0000007,Taeniopygia_guttata_GENE_3907,Xenopus_Silurana_tropicalis_GENE_3907
OG0000043,Taeniopygia_guttata_GENE_401,Xenopus_Silurana_tropicalis_GENE_401
OG0000008,Taeniopygia_guttata_GENE_541,Xenopus_Silurana_tropicalis_GENE_541
OG0000044,Taeniopygia_guttata_GENE_583,Xenopus_Silurana_tropicalis_GENE_583
OG0000009,Taeniopygia_guttata_GENE_730,Xenopus_Silurana_tropicalis_GENE_730
OG0000026,Taeniopygia_guttata_GENE_974,Xenopus_Silurana_tropicalis_GENE_974
