Orthogroup,Taeniopygia,Gallus
OG0000000,Taeniopygia_guttata_GENE_1433,Gallus_gallus_GENE_1433
OG0000027,Taeniopygia_guttata_GENE_1465,Gallus_gallus_GENE_1465
OG0000055,Taeniopygia_guttata_GENE_17,Gallus_gallus_GENE_17
OG0000029,Taeniopygia_guttata_GENE_1724,Gallus_gallus_GENE_1724
OG0000030,Taeniopygia_guttata_GENE_1984,Gallus_gallus_GENE_1984
OG0000031,Taeniopygia_guttata_GENE_2024,Gallus_gallus_GENE_2024
OG0000047,Taeniopygia_guttata_GENE_2063,Gallus_gallus_GENE_2063
OG0000016,Taeniopygia_guttata_GENE_2244,Gallus_gallus_GENE_2244
OG0000017,Taeniopygia_guttata_GENE_2459,Gallus_gallus_GENE_2459
OG0000048,Taeniopygia_guttata_GENE_2498,Gallus_gallus_GENE_2498
OG0000018,Taeniopygia_guttata_GENE_2772,Gallus_gallus_GENE_2772
OG0000019,Taeniopygia_guttata_GENE_2903,Gallus_gallus_GENE_2903
OG0000002,Taeniopygia_guttata_GENE_3026,Gallus_gallus_GENE_3026
OG0000037,Taeniopygia_guttata_GENE_3089,Gallus_gallus_GENE_3089
OG0000038,Taeniopygia_guttata_GENE_3150,Gallus_gallus_GENE_3150
OG0000050,Taeniopygia_guttata_GENE_3210,Gallus_gallus_GENE_3210
OG0000052,Taeniopygia_guttata_GENE_3317,Gallus_gallus_GENE_3317
OG0000020,Taeniopygia_guttata_GENE_3353,Gallus_gallus_GENE_3353
OG0000004,Taeniopygia_guttata_GENE_343,Gallus_gallus_GENE_343
OG0000021,Taeniopygia_guttata_GENE_3458,Gallus_gallus_GENE_3458
OG0000022,Taeniopygia_guttata_GENE_3508,Gallus_gallus_GENE_3508
OG0000040,Taeniopygia_guttata_GENE_3515,Gallus_gallus_GENE_3515
OG0000005,Taeniopygia_guttata_GENE_3570,Gallus_gallus_GENE_3570
OG0000046,Taeniopygia_guttata_GENE_368,Gallus_gallus_GENE_368
OG0000007,Taeniopygia_guttata_GENE_3907,Gallus_gallus_GENE_3907
OG0000053,Taeniopygia_guttata_GENE_3913,Gallus_gallus_GENE_3913
OG0000043,Taeniopygia_guttata_GENE_401,Gallus_gallus_GENE_401
OG0000008,Taeniopygia_guttata_GENE_541,Gallus_gallus_GENE_541
OG0000024,Taeniopygia_guttata_GENE_609,Gallus_gallus_GENE_609
OG0000025,Taeniopygia_guttata_GENE_697,Gallus_gallus_GENE_697
OG0000009,Taeniopygia_guttata_GENE_730,Gallus_gallus_GENE_730
OG0000026,Taeniopygia_guttata_GENE_974,Gallus_gallus_GENE_974
