Orthogroup,Taeniopygia,Latimeria
OG0000000,Taeniopygia_guttata_GENE_1433,Latimeria_chalumnae_GENE_1433
OG0000055,Taeniopygia_guttata_GENE_17,Latimeria_chalumnae_GENE_17
OG0000029,Taeniopygia_guttata_GENE_1724,Latimeria_chalumnae_GENE_1724
OG0000016,Taeniopygia_guttata_GENE_2244,Latimeria_chalumnae_GENE_2244
OG0000017,Taeniopygia_guttata_GENE_2459,Latimeria_chalumnae_GENE_2459
OG0000018,Taeniopygia_guttata_GENE_2772,Latimeria_chalumnae_GENE_2772
OG0000019,Taeniopygia_guttata_GENE_2903,Latimeria_chalumnae_GENE_2903
OG0000002,Taeniopygia_guttata_GENE_3026,Latimeria_chalumnae_GENE_3026
OG0000050,Taeniopygia_guttata_GENE_3210,Latimeria_chalumnae_GENE_3210
OG0000052,Taeniopygia_guttata_GENE_3317,Latimeria_chalumnae_GENE_3317
OG0000022,Taeniopygia_guttata_GENE_3508,Latimeria_chalumnae_GENE_3508
OG0000005,Taeniopygia_guttata_GENE_3570,Latimeria_chalumnae_GENE_3570
OG0000007,Taeniopygia_guttata_GENE_3907,Latimeria_chalumnae_GENE_3907
OG0000043,Taeniopygia_guttata_GENE_401,Latimeria_chalumnae_GENE_401
OG0000008,Taeniopygia_guttata_GENE_541,Latimeria_chalumnae_GENE_541
OG0000026,Taeniopygia_guttata_GENE_974,Latimeria_chalumnae_GENE_974
