Orthogroup,Taeniopygia,Lepidosiren
OG0000000,Taeniopygia_guttata_GENE_1433,Lepidosiren_paradoxa_GENE_1433
OG0000027,Taeniopygia_guttata_GENE_1465,Lepidosiren_paradoxa_GENE_1465
OG0000055,Taeniopygia_guttata_GENE_17,Lepidosiren_paradoxa_GENE_17
OG0000029,Taeniopygia_guttata_GENE_1724,Lepidosiren_paradoxa_GENE_1724
OG0000016,Taeniopygia_guttata_GENE_2244,Lepidosiren_paradoxa_GENE_2244
OG0000017,Taeniopygia_guttata_GENE_2459,Lepidosiren_paradoxa_GENE_2459
OG0000048,Taeniopygia_guttata_GENE_2498,Lepidosiren_paradoxa_GENE_2498
OG0000018,Taeniopygia_guttata_GENE_2772,Lepidosiren_paradoxa_GENE_2772
OG0000019,Taeniopygia_guttata_GENE_2903,Lepidosiren_paradoxa_GENE_2903
OG0000002,Taeniopygia_guttata_GENE_3026,Lepidosiren_paradoxa_GENE_3026
OG0000050,Taeniopygia_guttata_GENE_3210,Lepidosiren_paradoxa_GENE_3210
OG0000052,Taeniopygia_guttata_GENE_3317,Lepidosiren_paradoxa_GENE_3317
OG0000020,Taeniopygia_guttata_GENE_3353,Lepidosiren_paradoxa_GENE_3353
OG0000040,Taeniopygia_guttata_GENE_3515,Lepidosiren_paradoxa_GENE_3515
OG0000007,Taeniopygia_guttata_GENE_3907,Lepidosiren_paradoxa_GENE_3907
OG0000043,Taeniopygia_guttata_GENE_401,Lepidosiren_paradoxa_GENE_401
OG0000008,Taeniopygia_guttata_GENE_541,Lepidosiren_paradoxa_GENE_541
OG0000024,Taeniopygia_guttata_GENE_609,Lepidosiren_paradoxa_GENE_609
OG0000026,Taeniopygia_guttata_GENE_974,Lepidosiren_paradoxa_GENE_974
