Orthogroup,Taeniopygia,Anolis
OG0000027,Taeniopygia_guttata_GENE_1465,Anolis_carolinensis_GENE_1465
OG0000029,Taeniopygia_guttata_GENE_1724,Anolis_carolinensis_GENE_1724
OG0000030,Taeniopygia_guttata_GENE_1984,Anolis_carolinensis_GENE_1984
OG0000031,Taeniopygia_guttata_GENE_2024,Anolis_carolinensis_GENE_2024
OG0000047,Taeniopygia_guttata_GENE_2063,Anolis_carolinensis_GENE_2063
OG0000016,Taeniopygia_guttata_GENE_2244,Anolis_carolinensis_GENE_2244
OG0000017,Taeniopygia_guttata_GENE_2459,Anolis_carolinensis_GENE_2459
OG0000048,Taeniopygia_guttata_GENE_2498,Anolis_carolinensis_GENE_2498
OG0000019,Taeniopygia_guttata_GENE_2903,Anolis_carolinensis_GENE_2903
OG0000050,Taeniopygia_guttata_GENE_3210,Anolis_carolinensis_GENE_3210
OG0000051,Taeniopygia_guttata_GENE_3283,Anolis_carolinensis_GENE_3283
OG0000052,Taeniopygia_guttata_GENE_3317,Anolis_carolinensis_GENE_3317
OG0000021,Taeniopygia_guttata_GENE_3458,Anolis_carolinensis_GENE_3458
OG0000005,Taeniopygia_guttata_GENE_3570,Anolis_carolinensis_GENE_3570
OG0000041,Taeniopygia_guttata_GENE_39,Anolis_carolinensis_GENE_39
OG0000007,Taeniopygia_guttata_GENE_3907,Anolis_carolinensis_GENE_3907
OG0000053,Taeniopygia_guttata_GENE_3913,Anolis_carolinensis_GENE_3913
OG0000043,Taeniopygia_guttata_GENE_401,Anolis_carolinensis_GENE_401
OG0000024,Taeniopygia_guttata_GENE_609,Anolis_carolinensis_GENE_609
OG0000009,Taeniopygia_guttata_GENE_730,Anolis_carolinensis_GENE_730
