Orthogroup,Taeniopygia,Neoceratodus
OG0000000,Taeniopygia_guttata_GENE_1433,Neoceratodus_forsteri_GENE_1433
OG0000027,Taeniopygia_guttata_GENE_1465,Neoceratodus_forsteri_GENE_1465
OG0000028,Taeniopygia_guttata_GENE_1671,Neoceratodus_forsteri_GENE_1671
OG0000055,Taeniopygia_guttata_GENE_17,Neoceratodus_forsteri_GENE_17
OG0000029,Taeniopygia_guttata_GENE_1724,Neoceratodus_forsteri_GENE_1724
OG0000016,Taeniopygia_guttata_GENE_2244,Neoceratodus_forsteri_GENE_2244
OG0000017,Taeniopygia_guttata_GENE_2459,Neoceratodus_forsteri_GENE_2459
OG0000048,Taeniopygia_guttata_GENE_2498,Neoceratodus_forsteri_GENE_2498
OG0000018,Taeniopygia_guttata_GENE_2772,Neoceratodus_forsteri_GENE_2772
OG0000019,Taeniopygia_guttata_GENE_2903,Neoceratodus_forsteri_GENE_2903
OG0000002,Taeniopygia_guttata_GENE_3026,Neoceratodus_forsteri_GENE_3026
OG0000050,Taeniopygia_guttata_GENE_3210,Neoceratodus_forsteri_GENE_3210
OG0000052,Taeniopygia_guttata_GENE_3317,Neoceratodus_forsteri_GENE_3317
OG0000020,Taeniopygia_guttata_GENE_3353,Neoceratodus_forsteri_GENE_3353
OG0000005,Taeniopygia_guttata_GENE_3570,Neoceratodus_forsteri_GENE_3570
OG0000007,Taeniopygia_guttata_GENE_3907,Neoceratodus_forsteri_GENE_3907
OG0000043,Taeniopygia_guttata_GENE_401,Neoceratodus_forsteri_GENE_401
OG0000008,Taeniopygia_guttata_GENE_541,Neoceratodus_forsteri_GENE_541
OG0000024,Taeniopygia_guttata_GENE_609,Neoceratodus_forsteri_GENE_609
OG0000026,Taeniopygia_guttata_GENE_974,Neoceratodus_forsteri_GENE_974
