Orthogroup,Taeniopygia,Macropus
OG0000027,Taeniopygia_guttata_GENE_1465,Macropus_eugenii_GENE_1465
OG0000055,Taeniopygia_guttata_GENE_17,Macropus_eugenii_GENE_17
OG0000029,Taeniopygia_guttata_GENE_1724,Macropus_eugenii_GENE_1724
OG0000047,Taeniopygia_guttata_GENE_2063,Macropus_eugenii_GENE_2063
OG0000001,Taeniopygia_guttata_GENE_2421,Macropus_eugenii_GENE_2421
OG0000048,Taeniopygia_guttata_GENE_2498,Macropus_eugenii_GENE_2498
OG0000019,Taeniopygia_guttata_GENE_2903,Macropus_eugenii_GENE_2903
OG0000049,Taeniopygia_guttata_GENE_3058,Macropus_eugenii_GENE_3058
OG0000037,Taeniopygia_guttata_GENE_3089,Macropus_eugenii_GENE_3089
OG0000050,Taeniopygia_guttata_GENE_3210,Macropus_eugenii_GENE_3210
OG0000052,Taeniopygia_guttata_GENE_3317,Macropus_eugenii_GENE_3317
OG0000021,Taeniopygia_guttata_GENE_3458,Macropus_eugenii_GENE_3458
OG0000040,Taeniopygia_guttata_GENE_3515,Macropus_eugenii_GENE_3515
OG0000006,Taeniopygia_guttata_GENE_3818,Macropus_eugenii_GENE_3818
OG0000007,Taeniopygia_guttata_GENE_3907,Macropus_eugenii_GENE_3907
OG0000043,Taeniopygia_guttata_GENE_401,Macropus_eugenii_GENE_401
OG0000044,Taeniopygia_guttata_GENE_583,Macropus_eugenii_GENE_583
OG0000024,Taeniopygia_guttata_GENE_609,Macropus_eugenii_GENE_609
OG0000009,Taeniopygia_guttata_GENE_730,Macropus_eugenii_GENE_730
