Orthogroup,Taeniopygia,Pelodiscus
OG0000012,Taeniopygia_guttata_GENE_1206,Pelodiscus_sinensis_GENE_1206
OG0000027,Taeniopygia_guttata_GENE_1465,Pelodiscus_sinensis_GENE_1465
OG0000055,Taeniopygia_guttata_GENE_17,Pelodiscus_sinensis_GENE_17
OG0000029,Taeniopygia_guttata_GENE_1724,Pelodiscus_sinensis_GENE_1724
OG0000030,Taeniopygia_guttata_GENE_1984,Pelodiscus_sinensis_GENE_1984
OG0000047,Taeniopygia_guttata_GENE_2063,Pelodiscus_sinensis_GENE_2063
OG0000016,Taeniopygia_guttata_GENE_2244,Pelodiscus_sinensis_GENE_2244
OG0000001,Taeniopygia_guttata_GENE_2421,Pelodiscus_sinensis_GENE_2421
OG0000048,Taeniopygia_guttata_GENE_2498,Pelodiscus_sinensis_GENE_2498
OG0000018,Taeniopygia_guttata_GENE_2772,Pelodiscus_sinensis_GENE_2772
OG0000019,Taeniopygia_guttata_GENE_2903,Pelodiscus_sinensis_GENE_2903
OG0000038,Taeniopygia_guttata_GENE_3150,Pelodiscus_sinensis_GENE_3150
OG0000051,Taeniopygia_guttata_GENE_3283,Pelodiscus_sinensis_GENE_3283
OG0000052,Taeniopygia_guttata_GENE_3317,Pelodiscus_sinensis_GENE_3317
OG0000021,Taeniopygia_guttata_GENE_3458,Pelodiscus_sinensis_GENE_3458
OG0000005,Taeniopygia_guttata_GENE_3570,Pelodiscus_sinensis_GENE_3570
OG0000041,Taeniopygia_guttata_GENE_39,Pelodiscus_sinensis_GENE_39
OG0000007,Taeniopygia_guttata_GENE_3907,Pelodiscus_sinensis_GENE_3907
OG0000043,Taeniopygia_guttata_GENE_401,Pelodiscus_sinensis_GENE_401
OG0000044,Taeniopygia_guttata_GENE_583,Pelodiscus_sinensis_GENE_583
OG0000024,Taeniopygia_guttata_GENE_609,Pelodiscus_sinensis_GENE_609
OG0000025,Taeniopygia_guttata_GENE_697,Pelodiscus_sinensis_GENE_697
OG0000009,Taeniopygia_guttata_GENE_730,Pelodiscus_sinensis_GENE_730
