Orthogroup,Taeniopygia,Meleagris
OG0000012,Taeniopygia_guttata_GENE_1206,Meleagris_gallopavo_GENE_1206
OG0000027,Taeniopygia_guttata_GENE_1465,Meleagris_gallopavo_GENE_1465
OG0000055,Taeniopygia_guttata_GENE_17,Meleagris_gallopavo_GENE_17
OG0000029,Taeniopygia_guttata_GENE_1724,Meleagris_gallopavo_GENE_1724
OG0000030,Taeniopygia_guttata_GENE_1984,Meleagris_gallopavo_GENE_1984
OG0000031,Taeniopygia_guttata_GENE_2024,Meleagris_gallopavo_GENE_2024
OG0000047,Taeniopygia_guttata_GENE_2063,Meleagris_gallopavo_GENE_2063
OG0000001,Taeniopygia_guttata_GENE_2421,Meleagris_gallopavo_GENE_2421
OG0000048,Taeniopygia_guttata_GENE_2498,Meleagris_gallopavo_GENE_2498
OG0000018,Taeniopygia_guttata_GENE_2772,Meleagris_gallopavo_GENE_2772
OG0000019,Taeniopygia_guttata_GENE_2903,Meleagris_gallopavo_GENE_2903
OG0000002,Taeniopygia_guttata_GENE_3026,Meleagris_gallopavo_GENE_3026
OG0000038,Taeniopygia_guttata_GENE_3150,Meleagris_gallopavo_GENE_3150
OG0000050,Taeniopygia_guttata_GENE_3210,Meleagris_gallopavo_GENE_3210
OG0000052,Taeniopygia_guttata_GENE_3317,Meleagris_gallopavo_GENE_3317
OG0000004,Taeniopygia_guttata_GENE_343,Meleagris_gallopavo_GENE_343
OG0000021,Taeniopygia_guttata_GENE_3458,Meleagris_gallopavo_GENE_3458
OG0000022,Taeniopygia_guttata_GENE_3508,Meleagris_gallopavo_GENE_3508
OG0000040,Taeniopygia_guttata_GENE_3515,Meleagris_gallopavo_GENE_3515
OG0000005,Taeniopygia_guttata_GENE_3570,Meleagris_gallopavo_GENE_3570
OG0000046,Taeniopygia_guttata_GENE_368,Meleagris_gallopavo_GENE_368
OG0000041,Taeniopygia_guttata_GENE_39,Meleagris_gallopavo_GENE_39
OG0000007,Taeniopygia_guttata_GENE_3907,Meleagris_gallopavo_GENE_3907
OG0000053,Taeniopygia_guttata_GENE_3913,Meleagris_gallopavo_GENE_3913
OG0000043,Taeniopygia_guttata_GENE_401,Meleagris_gallopavo_GENE_401
OG0000008,Taeniopygia_guttata_GENE_541,Meleagris_gallopavo_GENE_541
OG0000024,Taeniopygia_guttata_GENE_609,Meleagris_gallopavo_GENE_609
OG0000025,Taeniopygia_guttata_GENE_697,Meleagris_gallopavo_GENE_697
OG0000026,Taeniopygia_guttata_GENE_974,Meleagris_gallopavo_GENE_974
