Orthogroup,Dasypus,Anolis
OG0000010,Dasypus_novemcinctus_GENE_1086,Anolis_carolinensis_GENE_1086
OG0000012,Dasypus_novemcinctus_GENE_1206,Anolis_carolinensis_GENE_1206
OG0000027,Dasypus_novemcinctus_GENE_1465,Anolis_carolinensis_GENE_1465
OG0000028,Dasypus_novemcinctus_GENE_1671,Anolis_carolinensis_GENE_1671
OG0000031,Dasypus_novemcinctus_GENE_2024,Anolis_carolinensis_GENE_2024
OG0000047,Dasypus_novemcinctus_GENE_2063,Anolis_carolinensis_GENE_2063
OG0000016,Dasypus_novemcinctus_GENE_2244,Anolis_carolinensis_GENE_2244
OG0000032,Dasypus_novemcinctus_GENE_2274,Anolis_carolinensis_GENE_2274
OG0000035,Dasypus_novemcinctus_GENE_2537,Anolis_carolinensis_GENE_2537
OG0000036,Dasypus_novemcinctus_GENE_2869,Anolis_carolinensis_GENE_2869
OG0000019,Dasypus_novemcinctus_GENE_2903,Anolis_carolinensis_GENE_2903
OG0000038,Dasypus_novemcinctus_GENE_3150,Anolis_carolinensis_GENE_3150
OG0000039,Dasypus_novemcinctus_GENE_3290,Anolis_carolinensis_GENE_3290
OG0000052,Dasypus_novemcinctus_GENE_3317,Anolis_carolinensis_GENE_3317
OG0000021,Dasypus_novemcinctus_GENE_3458,Anolis_carolinensis_GENE_3458
OG0000022,Dasypus_novemcinctus_GENE_3508,Anolis_carolinensis_GENE_3508
OG0000040,Dasypus_novemcinctus_GENE_3515,Anolis_carolinensis_GENE_3515
OG0000006,Dasypus_novemcinctus_GENE_3818,Anolis_carolinensis_GENE_3818
OG0000041,Dasypus_novemcinctus_GENE_39,Anolis_carolinensis_GENE_39
OG0000007,Dasypus_novemcinctus_GENE_3907,Anolis_carolinensis_GENE_3907
OG0000042,Dasypus_novemcinctus_GENE_3912,Anolis_carolinensis_GENE_3912
OG0000043,Dasypus_novemcinctus_GENE_401,Anolis_carolinensis_GENE_401
OG0000024,Dasypus_novemcinctus_GENE_609,Anolis_carolinensis_GENE_609
OG0000054,Dasypus_novemcinctus_GENE_634,Anolis_carolinensis_GENE_634
OG0000009,Dasypus_novemcinctus_GENE_730,Anolis_carolinensis_GENE_730
