Orthogroup,Dasypus,Canis
OG0000012,Dasypus_novemcinctus_GENE_1206,Canis_lupus_familiaris_GENE_1206
OG0000013,Dasypus_novemcinctus_GENE_1224,Canis_lupus_familiaris_GENE_1224
OG0000028,Dasypus_novemcinctus_GENE_1671,Canis_lupus_familiaris_GENE_1671
OG0000030,Dasypus_novemcinctus_GENE_1984,Canis_lupus_familiaris_GENE_1984
OG0000031,Dasypus_novemcinctus_GENE_2024,Canis_lupus_familiaris_GENE_2024
OG0000035,Dasypus_novemcinctus_GENE_2537,Canis_lupus_familiaris_GENE_2537
OG0000019,Dasypus_novemcinctus_GENE_2903,Canis_lupus_familiaris_GENE_2903
OG0000051,Dasypus_novemcinctus_GENE_3283,Canis_lupus_familiaris_GENE_3283
OG0000039,Dasypus_novemcinctus_GENE_3290,Canis_lupus_familiaris_GENE_3290
OG0000020,Dasypus_novemcinctus_GENE_3353,Canis_lupus_familiaris_GENE_3353
OG0000021,Dasypus_novemcinctus_GENE_3458,Canis_lupus_familiaris_GENE_3458
OG0000005,Dasypus_novemcinctus_GENE_3570,Canis_lupus_familiaris_GENE_3570
OG0000006,Dasypus_novemcinctus_GENE_3818,Canis_lupus_familiaris_GENE_3818
OG0000043,Dasypus_novemcinctus_GENE_401,Canis_lupus_familiaris_GENE_401
OG0000024,Dasypus_novemcinctus_GENE_609,Canis_lupus_familiaris_GENE_609
