Orthogroup,Dasypus,Lepisosteus
OG0000013,Dasypus_novemcinctus_GENE_1224,Lepisosteus_oculatus_GENE_1224
OG0000000,Dasypus_novemcinctus_GENE_1433,Lepisosteus_oculatus_GENE_1433
OG0000055,Dasypus_novemcinctus_GENE_17,Lepisosteus_oculatus_GENE_17
OG0000029,Dasypus_novemcinctus_GENE_1724,Lepisosteus_oculatus_GENE_1724
OG0000047,Dasypus_novemcinctus_GENE_2063,Lepisosteus_oculatus_GENE_2063
OG0000016,Dasypus_novemcinctus_GENE_2244,Lepisosteus_oculatus_GENE_2244
OG0000032,Dasypus_novemcinctus_GENE_2274,Lepisosteus_oculatus_GENE_2274
OG0000035,Dasypus_novemcinctus_GENE_2537,Lepisosteus_oculatus_GENE_2537
OG0000018,Dasypus_novemcinctus_GENE_2772,Lepisosteus_oculatus_GENE_2772
OG0000036,Dasypus_novemcinctus_GENE_2869,Lepisosteus_oculatus_GENE_2869
OG0000019,Dasypus_novemcinctus_GENE_2903,Lepisosteus_oculatus_GENE_2903
OG0000002,Dasypus_novemcinctus_GENE_3026,Lepisosteus_oculatus_GENE_3026
OG0000052,Dasypus_novemcinctus_GENE_3317,Lepisosteus_oculatus_GENE_3317
OG0000041,Dasypus_novemcinctus_GENE_39,Lepisosteus_oculatus_GENE_39
OG0000007,Dasypus_novemcinctus_GENE_3907,Lepisosteus_oculatus_GENE_3907
OG0000053,Dasypus_novemcinctus_GENE_3913,Lepisosteus_oculatus_GENE_3913
OG0000043,Dasypus_novemcinctus_GENE_401,Lepisosteus_oculatus_GENE_401
OG0000008,Dasypus_novemcinctus_GENE_541,Lepisosteus_oculatus_GENE_541
OG0000054,Dasypus_novemcinctus_GENE_634,Lepisosteus_oculatus_GENE_634
OG0000026,Dasypus_novemcinctus_GENE_974,Lepisosteus_oculatus_GENE_974
