Orthogroup,Dasypus,Pelodiscus
OG0000010,Dasypus_novemcinctus_GENE_1086,Pelodiscus_sinensis_GENE_1086
OG0000013,Dasypus_novemcinctus_GENE_1224,Pelodiscus_sinensis_GENE_1224
OG0000027,Dasypus_novemcinctus_GENE_1465,Pelodiscus_sinensis_GENE_1465
OG0000028,Dasypus_novemcinctus_GENE_1671,Pelodiscus_sinensis_GENE_1671
OG0000047,Dasypus_novemcinctus_GENE_2063,Pelodiscus_sinensis_GENE_2063
OG0000016,Dasypus_novemcinctus_GENE_2244,Pelodiscus_sinensis_GENE_2244
OG0000032,Dasypus_novemcinctus_GENE_2274,Pelodiscus_sinensis_GENE_2274
OG0000001,Dasypus_novemcinctus_GENE_2421,Pelodiscus_sinensis_GENE_2421
OG0000035,Dasypus_novemcinctus_GENE_2537,Pelodiscus_sinensis_GENE_2537
OG0000036,Dasypus_novemcinctus_GENE_2869,Pelodiscus_sinensis_GENE_2869
OG0000019,Dasypus_novemcinctus_GENE_2903,Pelodiscus_sinensis_GENE_2903
OG0000039,Dasypus_novemcinctus_GENE_3290,Pelodiscus_sinensis_GENE_3290
OG0000052,Dasypus_novemcinctus_GENE_3317,Pelodiscus_sinensis_GENE_3317
OG0000003,Dasypus_novemcinctus_GENE_3380,Pelodiscus_sinensis_GENE_3380
OG0000021,Dasypus_novemcinctus_GENE_3458,Pelodiscus_sinensis_GENE_3458
OG0000040,Dasypus_novemcinctus_GENE_3515,Pelodiscus_sinensis_GENE_3515
OG0000006,Dasypus_novemcinctus_GENE_3818,Pelodiscus_sinensis_GENE_3818
OG0000041,Dasypus_novemcinctus_GENE_39,Pelodiscus_sinensis_GENE_39
OG0000007,Dasypus_novemcinctus_GENE_3907,Pelodiscus_sinensis_GENE_3907
OG0000043,Dasypus_novemcinctus_GENE_401,Pelodiscus_sinensis_GENE_401
OG0000044,Dasypus_novemcinctus_GENE_583,Pelodiscus_sinensis_GENE_583
OG0000024,Dasypus_novemcinctus_GENE_609,Pelodiscus_sinensis_GENE_609
OG0000009,Dasypus_novemcinctus_GENE_730,Pelodiscus_sinensis_GENE_730
