Orthogroup,Dasypus,Loxodonta
OG0000012,Dasypus_novemcinctus_GENE_1206,Loxodonta_africana_GENE_1206
OG0000027,Dasypus_novemcinctus_GENE_1465,Loxodonta_africana_GENE_1465
OG0000014,Dasypus_novemcinctus_GENE_1646,Loxodonta_africana_GENE_1646
OG0000028,Dasypus_novemcinctus_GENE_1671,Loxodonta_africana_GENE_1671
OG0000055,Dasypus_novemcinctus_GENE_17,Loxodonta_africana_GENE_17
OG0000031,Dasypus_novemcinctus_GENE_2024,Loxodonta_africana_GENE_2024
OG0000047,Dasypus_novemcinctus_GENE_2063,Loxodonta_africana_GENE_2063
OG0000035,Dasypus_novemcinctus_GENE_2537,Loxodonta_africana_GENE_2537
OG0000018,Dasypus_novemcinctus_GENE_2772,Loxodonta_africana_GENE_2772
OG0000019,Dasypus_novemcinctus_GENE_2903,Loxodonta_africana_GENE_2903
OG0000049,Dasypus_novemcinctus_GENE_3058,Loxodonta_africana_GENE_3058
OG0000038,Dasypus_novemcinctus_GENE_3150,Loxodonta_africana_GENE_3150
OG0000051,Dasypus_novemcinctus_GENE_3283,Loxodonta_africana_GENE_3283
OG0000021,Dasypus_novemcinctus_GENE_3458,Loxodonta_africana_GENE_3458
OG0000022,Dasypus_novemcinctus_GENE_3508,Loxodonta_africana_GENE_3508
OG0000005,Dasypus_novemcinctus_GENE_3570,Loxodonta_africana_GENE_3570
OG0000046,Dasypus_novemcinctus_GENE_368,Loxodonta_africana_GENE_368
OG0000053,Dasypus_novemcinctus_GENE_3913,Loxodonta_africana_GENE_3913
OG0000043,Dasypus_novemcinctus_GENE_401,Loxodonta_africana_GENE_401
OG0000008,Dasypus_novemcinctus_GENE_541,Loxodonta_africana_GENE_541
OG0000044,Dasypus_novemcinctus_GENE_583,Loxodonta_africana_GENE_583
OG0000024,Dasypus_novemcinctus_GENE_609,Loxodonta_africana_GENE_609
OG0000009,Dasypus_novemcinctus_GENE_730,Loxodonta_africana_GENE_730
