Orthogroup,Dasypus,Danio
OG0000012,Dasypus_novemcinctus_GENE_1206,Danio_rerio_GENE_1206
OG0000013,Dasypus_novemcinctus_GENE_1224,Danio_rerio_GENE_1224
OG0000000,Dasypus_novemcinctus_GENE_1433,Danio_rerio_GENE_1433
OG0000055,Dasypus_novemcinctus_GENE_17,Danio_rerio_GENE_17
OG0000029,Dasypus_novemcinctus_GENE_1724,Danio_rerio_GENE_1724
OG0000047,Dasypus_novemcinctus_GENE_2063,Danio_rerio_GENE_2063
OG0000016,Dasypus_novemcinctus_GENE_2244,Danio_rerio_GENE_2244
OG0000032,Dasypus_novemcinctus_GENE_2274,Danio_rerio_GENE_2274
OG0000035,Dasypus_novemcinctus_GENE_2537,Danio_rerio_GENE_2537
OG0000018,Dasypus_novemcinctus_GENE_2772,Danio_rerio_GENE_2772
OG0000036,Dasypus_novemcinctus_GENE_2869,Danio_rerio_GENE_2869
OG0000019,Dasypus_novemcinctus_GENE_2903,Danio_rerio_GENE_2903
OG0000002,Dasypus_novemcinctus_GENE_3026,Danio_rerio_GENE_3026
OG0000052,Dasypus_novemcinctus_GENE_3317,Danio_rerio_GENE_3317
OG0000041,Dasypus_novemcinctus_GENE_39,Danio_rerio_GENE_39
OG0000007,Dasypus_novemcinctus_GENE_3907,Danio_rerio_GENE_3907
OG0000043,Dasypus_novemcinctus_GENE_401,Danio_rerio_GENE_401
OG0000008,Dasypus_novemcinctus_GENE_541,Danio_rerio_GENE_541
OG0000054,Dasypus_novemcinctus_GENE_634,Danio_rerio_GENE_634
OG0000026,Dasypus_novemcinctus_GENE_974,Danio_rerio_GENE_974
