Orthogroup,Dasypus,Protopterus
OG0000013,Dasypus_novemcinctus_GENE_1224,Protopterus_annectens_GENE_1224
OG0000000,Dasypus_novemcinctus_GENE_1433,Protopterus_annectens_GENE_1433
OG0000027,Dasypus_novemcinctus_GENE_1465,Protopterus_annectens_GENE_1465
OG0000055,Dasypus_novemcinctus_GENE_17,Protopterus_annectens_GENE_17
OG0000029,Dasypus_novemcinctus_GENE_1724,Protopterus_annectens_GENE_1724
OG0000016,Dasypus_novemcinctus_GENE_2244,Protopterus_annectens_GENE_2244
OG0000032,Dasypus_novemcinctus_GENE_2274,Protopterus_annectens_GENE_2274
OG0000018,Dasypus_novemcinctus_GENE_2772,Protopterus_annectens_GENE_2772
OG0000036,Dasypus_novemcinctus_GENE_2869,Protopterus_annectens_GENE_2869
OG0000019,Dasypus_novemcinctus_GENE_2903,Protopterus_annectens_GENE_2903
OG0000002,Dasypus_novemcinctus_GENE_3026,Protopterus_annectens_GENE_3026
OG0000052,Dasypus_novemcinctus_GENE_3317,Protopterus_annectens_GENE_3317
OG0000040,Dasypus_novemcinctus_GENE_3515,Protopterus_annectens_GENE_3515
OG0000007,Dasypus_novemcinctus_GENE_3907,Protopterus_annectens_GENE_3907
OG0000053,Dasypus_novemcinctus_GENE_3913,Protopterus_annectens_GENE_3913
OG0000043,Dasypus_novemcinctus_GENE_401,Protopterus_annectens_GENE_401
OG0000008,Dasypus_novemcinctus_GENE_541,Protopterus_annectens_GENE_541
OG0000024,Dasypus_novemcinctus_GENE_609,Protopterus_annectens_GENE_609
OG0000054,Dasypus_novemcinctus_GENE_634,Protopterus_annectens_GENE_634
OG0000026,Dasypus_novemcinctus_GENE_974,Protopterus_annectens_GENE_974
