Orthogroup,Dasypus,Macropus
OG0000012,Dasypus_novemcinctus_GENE_1206,Macropus_eugenii_GENE_1206
OG0000013,Dasypus_novemcinctus_GENE_1224,Macropus_eugenii_GENE_1224
OG0000027,Dasypus_novemcinctus_GENE_1465,Macropus_eugenii_GENE_1465
OG0000014,Dasypus_novemcinctus_GENE_1646,Macropus_eugenii_GENE_1646
OG0000028,Dasypus_novemcinctus_GENE_1671,Macropus_eugenii_GENE_1671
OG0000047,Dasypus_novemcinctus_GENE_2063,Macropus_eugenii_GENE_2063
OG0000015,Dasypus_novemcinctus_GENE_2194,Macropus_eugenii_GENE_2194
OG0000001,Dasypus_novemcinctus_GENE_2421,Macropus_eugenii_GENE_2421
OG0000017,Dasypus_novemcinctus_GENE_2459,Macropus_eugenii_GENE_2459
OG0000035,Dasypus_novemcinctus_GENE_2537,Macropus_eugenii_GENE_2537
OG0000019,Dasypus_novemcinctus_GENE_2903,Macropus_eugenii_GENE_2903
OG0000052,Dasypus_novemcinctus_GENE_3317,Macropus_eugenii_GENE_3317
OG0000004,Dasypus_novemcinctus_GENE_343,Macropus_eugenii_GENE_343
OG0000021,Dasypus_novemcinctus_GENE_3458,Macropus_eugenii_GENE_3458
OG0000022,Dasypus_novemcinctus_GENE_3508,Macropus_eugenii_GENE_3508
OG0000005,Dasypus_novemcinctus_GENE_3570,Macropus_eugenii_GENE_3570
OG0000046,Dasypus_novemcinctus_GENE_368,Macropus_eugenii_GENE_368
OG0000006,Dasypus_novemcinctus_GENE_3818,Macropus_eugenii_GENE_3818
OG0000042,Dasypus_novemcinctus_GENE_3912,Macropus_eugenii_GENE_3912
OG0000043,Dasypus_novemcinctus_GENE_401,Macropus_eugenii_GENE_401
OG0000044,Dasypus_novemcinctus_GENE_583,Macropus_eugenii_GENE_583
OG0000054,Dasypus_novemcinctus_GENE_634,Macropus_eugenii_GENE_634
OG0000009,Dasypus_novemcinctus_GENE_730,Macropus_eugenii_GENE_730
