Orthogroup,Dasypus,Homo
OG0000012,Dasypus_novemcinctus_GENE_1206,Homo_sapiens_GENE_1206
OG0000027,Dasypus_novemcinctus_GENE_1465,Homo_sapiens_GENE_1465
OG0000028,Dasypus_novemcinctus_GENE_1671,Homo_sapiens_GENE_1671
OG0000030,Dasypus_novemcinctus_GENE_1984,Homo_sapiens_GENE_1984
OG0000031,Dasypus_novemcinctus_GENE_2024,Homo_sapiens_GENE_2024
OG0000035,Dasypus_novemcinctus_GENE_2537,Homo_sapiens_GENE_2537
OG0000019,Dasypus_novemcinctus_GENE_2903,Homo_sapiens_GENE_2903
OG0000002,Dasypus_novemcinctus_GENE_3026,Homo_sapiens_GENE_3026
OG0000051,Dasypus_novemcinctus_GENE_3283,Homo_sapiens_GENE_3283
OG0000039,Dasypus_novemcinctus_GENE_3290,Homo_sapiens_GENE_3290
OG0000021,Dasypus_novemcinctus_GENE_3458,Homo_sapiens_GENE_3458
OG0000022,Dasypus_novemcinctus_GENE_3508,Homo_sapiens_GENE_3508
OG0000005,Dasypus_novemcinctus_GENE_3570,Homo_sapiens_GENE_3570
OG0000046,Dasypus_novemcinctus_GENE_368,Homo_sapiens_GENE_368
OG0000053,Dasypus_novemcinctus_GENE_3913,Homo_sapiens_GENE_3913
OG0000023,Dasypus_novemcinctus_GENE_3942,Homo_sapiens_GENE_3942
OG0000043,Dasypus_novemcinctus_GENE_401,Homo_sapiens_GENE_401
OG0000024,Dasypus_novemcinctus_GENE_609,Homo_sapiens_GENE_609
OG0000009,Dasypus_novemcinctus_GENE_730,Homo_sapiens_GENE_730
