Orthogroup,Dasypus,Mus
OG0000012,Dasypus_novemcinctus_GENE_1206,Mus_musculus_GENE_1206
OG0000027,Dasypus_novemcinctus_GENE_1465,Mus_musculus_GENE_1465
OG0000014,Dasypus_novemcinctus_GENE_1646,Mus_musculus_GENE_1646
OG0000055,Dasypus_novemcinctus_GENE_17,Mus_musculus_GENE_17
OG0000029,Dasypus_novemcinctus_GENE_1724,Mus_musculus_GENE_1724
OG0000030,Dasypus_novemcinctus_GENE_1984,Mus_musculus_GENE_1984
OG0000031,Dasypus_novemcinctus_GENE_2024,Mus_musculus_GENE_2024
OG0000047,Dasypus_novemcinctus_GENE_2063,Mus_musculus_GENE_2063
OG0000035,Dasypus_novemcinctus_GENE_2537,Mus_musculus_GENE_2537
OG0000018,Dasypus_novemcinctus_GENE_2772,Mus_musculus_GENE_2772
OG0000019,Dasypus_novemcinctus_GENE_2903,Mus_musculus_GENE_2903
OG0000002,Dasypus_novemcinctus_GENE_3026,Mus_musculus_GENE_3026
OG0000049,Dasypus_novemcinctus_GENE_3058,Mus_musculus_GENE_3058
OG0000039,Dasypus_novemcinctus_GENE_3290,Mus_musculus_GENE_3290
OG0000052,Dasypus_novemcinctus_GENE_3317,Mus_musculus_GENE_3317
OG0000004,Dasypus_novemcinctus_GENE_343,Mus_musculus_GENE_343
OG0000021,Dasypus_novemcinctus_GENE_3458,Mus_musculus_GENE_3458
OG0000022,Dasypus_novemcinctus_GENE_3508,Mus_musculus_GENE_3508
OG0000006,Dasypus_novemcinctus_GENE_3818,Mus_musculus_GENE_3818
OG0000042,Dasypus_novemcinctus_GENE_3912,Mus_musculus_GENE_3912
OG0000053,Dasypus_novemcinctus_GENE_3913,Mus_musculus_GENE_3913
OG0000043,Dasypus_novemcinctus_GENE_401,Mus_musculus_GENE_401
OG0000008,Dasypus_novemcinctus_GENE_541,Mus_musculus_GENE_541
OG0000044,Dasypus_novemcinctus_GENE_583,Mus_musculus_GENE_583
OG0000024,Dasypus_novemcinctus_GENE_609,Mus_musculus_GENE_609
OG0000009,Dasypus_novemcinctus_GENE_730,Mus_musculus_GENE_730
