Orthogroup,Dasypus,Monodelphis
OG0000012,Dasypus_novemcinctus_GENE_1206,Monodelphis_domestica_GENE_1206
OG0000013,Dasypus_novemcinctus_GENE_1224,Monodelphis_domestica_GENE_1224
OG0000027,Dasypus_novemcinctus_GENE_1465,Monodelphis_domestica_GENE_1465
OG0000014,Dasypus_novemcinctus_GENE_1646,Monodelphis_domestica_GENE_1646
OG0000028,Dasypus_novemcinctus_GENE_1671,Monodelphis_domestica_GENE_1671
OG0000031,Dasypus_novemcinctus_GENE_2024,Monodelphis_domestica_GENE_2024
OG0000047,Dasypus_novemcinctus_GENE_2063,Monodelphis_domestica_GENE_2063
OG0000015,Dasypus_novemcinctus_GENE_2194,Monodelphis_domestica_GENE_2194
OG0000035,Dasypus_novemcinctus_GENE_2537,Monodelphis_domestica_GENE_2537
OG0000052,Dasypus_novemcinctus_GENE_3317,Monodelphis_domestica_GENE_3317
OG0000004,Dasypus_novemcinctus_GENE_343,Monodelphis_domestica_GENE_343
OG0000021,Dasypus_novemcinctus_GENE_3458,Monodelphis_domestica_GENE_3458
OG0000022,Dasypus_novemcinctus_GENE_3508,Monodelphis_domestica_GENE_3508
OG0000005,Dasypus_novemcinctus_GENE_3570,Monodelphis_domestica_GENE_3570
OG0000046,Dasypus_novemcinctus_GENE_368,Monodelphis_domestica_GENE_368
OG0000006,Dasypus_novemcinctus_GENE_3818,Monodelphis_domestica_GENE_3818
OG0000041,Dasypus_novemcinctus_GENE_39,Monodelphis_domestica_GENE_39
OG0000053,Dasypus_novemcinctus_GENE_3913,Monodelphis_domestica_GENE_3913
OG0000043,Dasypus_novemcinctus_GENE_401,Monodelphis_domestica_GENE_401
OG0000054,Dasypus_novemcinctus_GENE_634,Monodelphis_domestica_GENE_634
OG0000009,Dasypus_novemcinctus_GENE_730,Monodelphis_domestica_GENE_730
