Orthogroup,Dasypus,Xenopus
OG0000010,Dasypus_novemcinctus_GENE_1086,Xenopus_Silurana_tropicalis_GENE_1086
OG0000000,Dasypus_novemcinctus_GENE_1433,Xenopus_Silurana_tropicalis_GENE_1433
OG0000027,Dasypus_novemcinctus_GENE_1465,Xenopus_Silurana_tropicalis_GENE_1465
OG0000055,Dasypus_novemcinctus_GENE_17,Xenopus_Silurana_tropicalis_GENE_17
OG0000029,Dasypus_novemcinctus_GENE_1724,Xenopus_Silurana_tropicalis_GENE_1724
OG0000031,Dasypus_novemcinctus_GENE_2024,Xenopus_Silurana_tropicalis_GENE_2024
OG0000047,Dasypus_novemcinctus_GENE_2063,Xenopus_Silurana_tropicalis_GENE_2063
OG0000016,Dasypus_novemcinctus_GENE_2244,Xenopus_Silurana_tropicalis_GENE_2244
OG0000032,Dasypus_novemcinctus_GENE_2274,Xenopus_Silurana_tropicalis_GENE_2274
OG0000017,Dasypus_novemcinctus_GENE_2459,Xenopus_Silurana_tropicalis_GENE_2459
OG0000035,Dasypus_novemcinctus_GENE_2537,Xenopus_Silurana_tropicalis_GENE_2537
OG0000018,Dasypus_novemcinctus_GENE_2772,Xenopus_Silurana_tropicalis_GENE_2772
OG0000036,Dasypus_novemcinctus_GENE_2869,Xenopus_Silurana_tropicalis_GENE_2869
OG0000019,Dasypus_novemcinctus_GENE_2903,Xenopus_Silurana_tropicalis_GENE_2903
OG0000002,Dasypus_novemcinctus_GENE_3026,Xenopus_Silurana_tropicalis_GENE_3026
OG0000049,Dasypus_novemcinctus_GENE_3058,Xenopus_Silurana_tropicalis_GENE_3058
OG0000038,Dasypus_novemcinctus_GENE_3150,Xenopus_Silurana_tropicalis_GENE_3150
OG0000039,Dasypus_novemcinctus_GENE_3290,Xenopus_Silurana_tropicalis_GENE_3290
OG0000021,Dasypus_novemcinctus_GENE_3458,Xenopus_Silurana_tropicalis_GENE_3458
OG0000007,Dasypus_novemcinctus_GENE_3907,Xenopus_Silurana_tropicalis_GENE_3907
OG0000042,Dasypus_novemcinctus_GENE_3912,Xenopus_Silurana_tropicalis_GENE_3912
OG0000043,Dasypus_novemcinctus_GENE_401,Xenopus_Silurana_tropicalis_GENE_401
OG0000008,Dasypus_novemcinctus_GENE_541,Xenopus_Silurana_tropicalis_GENE_541
OG0000044,Dasypus_novemcinctus_GENE_583,Xenopus_Silurana_tropicalis_GENE_583
OG0000054,Dasypus_novemcinctus_GENE_634,Xenopus_Silurana_tropicalis_GENE_634
OG0000009,Dasypus_novemcinctus_GENE_730,Xenopus_Silurana_tropicalis_GENE_730
OG0000045,Dasypus_novemcinctus_GENE_952,Xenopus_Silurana_tropicalis_GENE_952
OG0000026,Dasypus_novemcinctus_GENE_974,Xenopus_Silurana_tropicalis_GENE_974
