Orthogroup,Dasypus,Callorhinchus
OG0000013,Dasypus_novemcinctus_GENE_1224,Callorhinchus_milii_GENE_1224
OG0000000,Dasypus_novemcinctus_GENE_1433,Callorhinchus_milii_GENE_1433
OG0000055,Dasypus_novemcinctus_GENE_17,Callorhinchus_milii_GENE_17
OG0000029,Dasypus_novemcinctus_GENE_1724,Callorhinchus_milii_GENE_1724
OG0000016,Dasypus_novemcinctus_GENE_2244,Callorhinchus_milii_GENE_2244
OG0000032,Dasypus_novemcinctus_GENE_2274,Callorhinchus_milii_GENE_2274
OG0000018,Dasypus_novemcinctus_GENE_2772,Callorhinchus_milii_GENE_2772
OG0000036,Dasypus_novemcinctus_GENE_2869,Callorhinchus_milii_GENE_2869
OG0000019,Dasypus_novemcinctus_GENE_2903,Callorhinchus_milii_GENE_2903
OG0000002,Dasypus_novemcinctus_GENE_3026,Callorhinchus_milii_GENE_3026
OG0000038,Dasypus_novemcinctus_GENE_3150,Callorhinchus_milii_GENE_3150
OG0000052,Dasypus_novemcinctus_GENE_3317,Callorhinchus_milii_GENE_3317
OG0000046,Dasypus_novemcinctus_GENE_368,Callorhinchus_milii_GENE_368
OG0000006,Dasypus_novemcinctus_GENE_3818,Callorhinchus_milii_GENE_3818
OG0000007,Dasypus_novemcinctus_GENE_3907,Callorhinchus_milii_GENE_3907
OG0000053,Dasypus_novemcinctus_GENE_3913,Callorhinchus_milii_GENE_3913
OG0000043,Dasypus_novemcinctus_GENE_401,Callorhinchus_milii_GENE_401
OG0000008,Dasypus_novemcinctus_GENE_541,Callorhinchus_milii_GENE_541
OG0000044,Dasypus_novemcinctus_GENE_583,Callorhinchus_milii_GENE_583
OG0000054,Dasypus_novemcinctus_GENE_634,Callorhinchus_milii_GENE_634
OG0000009,Dasypus_novemcinctus_GENE_730,Callorhinchus_milii_GENE_730
OG0000026,Dasypus_novemcinctus_GENE_974,Callorhinchus_milii_GENE_974
