Orthogroup,Dasypus,Gallus
OG0000010,Dasypus_novemcinctus_GENE_1086,Gallus_gallus_GENE_1086
OG0000027,Dasypus_novemcinctus_GENE_1465,Gallus_gallus_GENE_1465
OG0000028,Dasypus_novemcinctus_GENE_1671,Gallus_gallus_GENE_1671
OG0000031,Dasypus_novemcinctus_GENE_2024,Gallus_gallus_GENE_2024
OG0000047,Dasypus_novemcinctus_GENE_2063,Gallus_gallus_GENE_2063
OG0000016,Dasypus_novemcinctus_GENE_2244,Gallus_gallus_GENE_2244
OG0000032,Dasypus_novemcinctus_GENE_2274,Gallus_gallus_GENE_2274
OG0000001,Dasypus_novemcinctus_GENE_2421,Gallus_gallus_GENE_2421
OG0000035,Dasypus_novemcinctus_GENE_2537,Gallus_gallus_GENE_2537
OG0000036,Dasypus_novemcinctus_GENE_2869,Gallus_gallus_GENE_2869
OG0000019,Dasypus_novemcinctus_GENE_2903,Gallus_gallus_GENE_2903
OG0000039,Dasypus_novemcinctus_GENE_3290,Gallus_gallus_GENE_3290
OG0000052,Dasypus_novemcinctus_GENE_3317,Gallus_gallus_GENE_3317
OG0000021,Dasypus_novemcinctus_GENE_3458,Gallus_gallus_GENE_3458
OG0000040,Dasypus_novemcinctus_GENE_3515,Gallus_gallus_GENE_3515
OG0000006,Dasypus_novemcinctus_GENE_3818,Gallus_gallus_GENE_3818
OG0000007,Dasypus_novemcinctus_GENE_3907,Gallus_gallus_GENE_3907
OG0000043,Dasypus_novemcinctus_GENE_401,Gallus_gallus_GENE_401
OG0000024,Dasypus_novemcinctus_GENE_609,Gallus_gallus_GENE_609
OG0000009,Dasypus_novemcinctus_GENE_730,Gallus_gallus_GENE_730
OG0000026,Dasypus_novemcinctus_GENE_974,Gallus_gallus_GENE_974
