Orthogroup,Dasypus,Ornithorhynchus
OG0000010,Dasypus_novemcinctus_GENE_1086,Ornithorhynchus_anatinus_GENE_1086
OG0000012,Dasypus_novemcinctus_GENE_1206,Ornithorhynchus_anatinus_GENE_1206
OG0000027,Dasypus_novemcinctus_GENE_1465,Ornithorhynchus_anatinus_GENE_1465
OG0000028,Dasypus_novemcinctus_GENE_1671,Ornithorhynchus_anatinus_GENE_1671
OG0000030,Dasypus_novemcinctus_GENE_1984,Ornithorhynchus_anatinus_GENE_1984
OG0000016,Dasypus_novemcinctus_GENE_2244,Ornithorhynchus_anatinus_GENE_2244
OG0000019,Dasypus_novemcinctus_GENE_2903,Ornithorhynchus_anatinus_GENE_2903
OG0000038,Dasypus_novemcinctus_GENE_3150,Ornithorhynchus_anatinus_GENE_3150
OG0000003,Dasypus_novemcinctus_GENE_3380,Ornithorhynchus_anatinus_GENE_3380
OG0000021,Dasypus_novemcinctus_GENE_3458,Ornithorhynchus_anatinus_GENE_3458
OG0000022,Dasypus_novemcinctus_GENE_3508,Ornithorhynchus_anatinus_GENE_3508
OG0000005,Dasypus_novemcinctus_GENE_3570,Ornithorhynchus_anatinus_GENE_3570
OG0000042,Dasypus_novemcinctus_GENE_3912,Ornithorhynchus_anatinus_GENE_3912
OG0000043,Dasypus_novemcinctus_GENE_401,Ornithorhynchus_anatinus_GENE_401
OG0000024,Dasypus_novemcinctus_GENE_609,Ornithorhynchus_anatinus_GENE_609
OG0000054,Dasypus_novemcinctus_GENE_634,Ornithorhynchus_anatinus_GENE_634
OG0000009,Dasypus_novemcinctus_GENE_730,Ornithorhynchus_anatinus_GENE_730
