Orthogroup,Dasypus,Taeniopygia
OG0000027,Dasypus_novemcinctus_GENE_1465,Taeniopygia_guttata_GENE_1465
OG0000031,Dasypus_novemcinctus_GENE_2024,Taeniopygia_guttata_GENE_2024
OG0000047,Dasypus_novemcinctus_GENE_2063,Taeniopygia_guttata_GENE_2063
OG0000016,Dasypus_novemcinctus_GENE_2244,Taeniopygia_guttata_GENE_2244
OG0000001,Dasypus_novemcinctus_GENE_2421,Taeniopygia_guttata_GENE_2421
OG0000019,Dasypus_novemcinctus_GENE_2903,Taeniopygia_guttata_GENE_2903
OG0000052,Dasypus_novemcinctus_GENE_3317,Taeniopygia_guttata_GENE_3317
OG0000021,Dasypus_novemcinctus_GENE_3458,Taeniopygia_guttata_GENE_3458
OG0000040,Dasypus_novemcinctus_GENE_3515,Taeniopygia_guttata_GENE_3515
OG0000006,Dasypus_novemcinctus_GENE_3818,Taeniopygia_guttata_GENE_3818
OG0000041,Dasypus_novemcinctus_GENE_39,Taeniopygia_guttata_GENE_39
OG0000007,Dasypus_novemcinctus_GENE_3907,Taeniopygia_guttata_GENE_3907
OG0000023,Dasypus_novemcinctus_GENE_3942,Taeniopygia_guttata_GENE_3942
OG0000043,Dasypus_novemcinctus_GENE_401,Taeniopygia_guttata_GENE_401
OG0000044,Dasypus_novemcinctus_GENE_583,Taeniopygia_guttata_GENE_583
OG0000024,Dasypus_novemcinctus_GENE_609,Taeniopygia_guttata_GENE_609
OG0000009,Dasypus_novemcinctus_GENE_730,Taeniopygia_guttata_GENE_730
OG0000026,Dasypus_novemcinctus_GENE_974,Taeniopygia_guttata_GENE_974
