Orthogroup,Dasypus,Latimeria
OG0000000,Dasypus_novemcinctus_GENE_1433,Latimeria_chalumnae_GENE_1433
OG0000029,Dasypus_novemcinctus_GENE_1724,Latimeria_chalumnae_GENE_1724
OG0000016,Dasypus_novemcinctus_GENE_2244,Latimeria_chalumnae_GENE_2244
OG0000032,Dasypus_novemcinctus_GENE_2274,Latimeria_chalumnae_GENE_2274
OG0000036,Dasypus_novemcinctus_GENE_2869,Latimeria_chalumnae_GENE_2869
OG0000019,Dasypus_novemcinctus_GENE_2903,Latimeria_chalumnae_GENE_2903
OG0000002,Dasypus_novemcinctus_GENE_3026,Latimeria_chalumnae_GENE_3026
OG0000052,Dasypus_novemcinctus_GENE_3317,Latimeria_chalumnae_GENE_3317
OG0000007,Dasypus_novemcinctus_GENE_3907,Latimeria_chalumnae_GENE_3907
OG0000053,Dasypus_novemcinctus_GENE_3913,Latimeria_chalumnae_GENE_3913
OG0000043,Dasypus_novemcinctus_GENE_401,Latimeria_chalumnae_GENE_401
OG0000008,Dasypus_novemcinctus_GENE_541,Latimeria_chalumnae_GENE_541
OG0000054,Dasypus_novemcinctus_GENE_634,Latimeria_chalumnae_GENE_634
OG0000026,Dasypus_novemcinctus_GENE_974,Latimeria_chalumnae_GENE_974
