Orthogroup,Takifugu,Loxodonta
OG0000012,Takifugu_rubripes_GENE_1206,Loxodonta_africana_GENE_1206
OG0000013,Takifugu_rubripes_GENE_1224,Loxodonta_africana_GENE_1224
OG0000000,Takifugu_rubripes_GENE_1433,Loxodonta_africana_GENE_1433
OG0000055,Takifugu_rubripes_GENE_17,Loxodonta_africana_GENE_17
OG0000016,Takifugu_rubripes_GENE_2244,Loxodonta_africana_GENE_2244
OG0000032,Takifugu_rubripes_GENE_2274,Loxodonta_africana_GENE_2274
OG0000017,Takifugu_rubripes_GENE_2459,Loxodonta_africana_GENE_2459
OG0000035,Takifugu_rubripes_GENE_2537,Loxodonta_africana_GENE_2537
OG0000018,Takifugu_rubripes_GENE_2772,Loxodonta_africana_GENE_2772
OG0000036,Takifugu_rubripes_GENE_2869,Loxodonta_africana_GENE_2869
OG0000019,Takifugu_rubripes_GENE_2903,Loxodonta_africana_GENE_2903
OG0000002,Takifugu_rubripes_GENE_3026,Loxodonta_africana_GENE_3026
OG0000052,Takifugu_rubripes_GENE_3317,Loxodonta_africana_GENE_3317
OG0000041,Takifugu_rubripes_GENE_39,Loxodonta_africana_GENE_39
OG0000007,Takifugu_rubripes_GENE_3907,Loxodonta_africana_GENE_3907
OG0000008,Takifugu_rubripes_GENE_541,Loxodonta_africana_GENE_541
OG0000054,Takifugu_rubripes_GENE_634,Loxodonta_africana_GENE_634
OG0000026,Takifugu_rubripes_GENE_974,Loxodonta_africana_GENE_974
