Orthogroup,Takifugu,Danio
OG0000011,Takifugu_rubripes_GENE_1093,Danio_rerio_GENE_1093
OG0000012,Takifugu_rubripes_GENE_1206,Danio_rerio_GENE_1206
OG0000000,Takifugu_rubripes_GENE_1433,Danio_rerio_GENE_1433
OG0000014,Takifugu_rubripes_GENE_1646,Danio_rerio_GENE_1646
OG0000055,Takifugu_rubripes_GENE_17,Danio_rerio_GENE_17
OG0000031,Takifugu_rubripes_GENE_2024,Danio_rerio_GENE_2024
OG0000015,Takifugu_rubripes_GENE_2194,Danio_rerio_GENE_2194
OG0000016,Takifugu_rubripes_GENE_2244,Danio_rerio_GENE_2244
OG0000017,Takifugu_rubripes_GENE_2459,Danio_rerio_GENE_2459
OG0000035,Takifugu_rubripes_GENE_2537,Danio_rerio_GENE_2537
OG0000036,Takifugu_rubripes_GENE_2869,Danio_rerio_GENE_2869
OG0000019,Takifugu_rubripes_GENE_2903,Danio_rerio_GENE_2903
OG0000038,Takifugu_rubripes_GENE_3150,Danio_rerio_GENE_3150
OG0000050,Takifugu_rubripes_GENE_3210,Danio_rerio_GENE_3210
OG0000052,Takifugu_rubripes_GENE_3317,Danio_rerio_GENE_3317
OG0000003,Takifugu_rubripes_GENE_3380,Danio_rerio_GENE_3380
OG0000004,Takifugu_rubripes_GENE_343,Danio_rerio_GENE_343
OG0000046,Takifugu_rubripes_GENE_368,Danio_rerio_GENE_368
OG0000006,Takifugu_rubripes_GENE_3818,Danio_rerio_GENE_3818
OG0000041,Takifugu_rubripes_GENE_39,Danio_rerio_GENE_39
OG0000007,Takifugu_rubripes_GENE_3907,Danio_rerio_GENE_3907
OG0000042,Takifugu_rubripes_GENE_3912,Danio_rerio_GENE_3912
OG0000008,Takifugu_rubripes_GENE_541,Danio_rerio_GENE_541
OG0000054,Takifugu_rubripes_GENE_634,Danio_rerio_GENE_634
OG0000009,Takifugu_rubripes_GENE_730,Danio_rerio_GENE_730
OG0000026,Takifugu_rubripes_GENE_974,Danio_rerio_GENE_974
