Orthogroup,Takifugu,Lepisosteus
OG0000010,Takifugu_rubripes_GENE_1086,Lepisosteus_oculatus_GENE_1086
OG0000013,Takifugu_rubripes_GENE_1224,Lepisosteus_oculatus_GENE_1224
OG0000000,Takifugu_rubripes_GENE_1433,Lepisosteus_oculatus_GENE_1433
OG0000027,Takifugu_rubripes_GENE_1465,Lepisosteus_oculatus_GENE_1465
OG0000028,Takifugu_rubripes_GENE_1671,Lepisosteus_oculatus_GENE_1671
OG0000030,Takifugu_rubripes_GENE_1984,Lepisosteus_oculatus_GENE_1984
OG0000031,Takifugu_rubripes_GENE_2024,Lepisosteus_oculatus_GENE_2024
OG0000015,Takifugu_rubripes_GENE_2194,Lepisosteus_oculatus_GENE_2194
OG0000016,Takifugu_rubripes_GENE_2244,Lepisosteus_oculatus_GENE_2244
OG0000033,Takifugu_rubripes_GENE_2443,Lepisosteus_oculatus_GENE_2443
OG0000017,Takifugu_rubripes_GENE_2459,Lepisosteus_oculatus_GENE_2459
OG0000034,Takifugu_rubripes_GENE_248,Lepisosteus_oculatus_GENE_248
OG0000035,Takifugu_rubripes_GENE_2537,Lepisosteus_oculatus_GENE_2537
OG0000018,Takifugu_rubripes_GENE_2772,Lepisosteus_oculatus_GENE_2772
OG0000036,Takifugu_rubripes_GENE_2869,Lepisosteus_oculatus_GENE_2869
OG0000019,Takifugu_rubripes_GENE_2903,Lepisosteus_oculatus_GENE_2903
OG0000049,Takifugu_rubripes_GENE_3058,Lepisosteus_oculatus_GENE_3058
OG0000038,Takifugu_rubripes_GENE_3150,Lepisosteus_oculatus_GENE_3150
OG0000051,Takifugu_rubripes_GENE_3283,Lepisosteus_oculatus_GENE_3283
OG0000039,Takifugu_rubripes_GENE_3290,Lepisosteus_oculatus_GENE_3290
OG0000052,Takifugu_rubripes_GENE_3317,Lepisosteus_oculatus_GENE_3317
OG0000020,Takifugu_rubripes_GENE_3353,Lepisosteus_oculatus_GENE_3353
OG0000021,Takifugu_rubripes_GENE_3458,Lepisosteus_oculatus_GENE_3458
OG0000022,Takifugu_rubripes_GENE_3508,Lepisosteus_oculatus_GENE_3508
OG0000041,Takifugu_rubripes_GENE_39,Lepisosteus_oculatus_GENE_39
OG0000044,Takifugu_rubripes_GENE_583,Lepisosteus_oculatus_GENE_583
OG0000054,Takifugu_rubripes_GENE_634,Lepisosteus_oculatus_GENE_634
OG0000045,Takifugu_rubripes_GENE_952,Lepisosteus_oculatus_GENE_952
