Orthogroup,Takifugu,Protopterus
OG0000011,Takifugu_rubripes_GENE_1093,Protopterus_annectens_GENE_1093
OG0000013,Takifugu_rubripes_GENE_1224,Protopterus_annectens_GENE_1224
OG0000055,Takifugu_rubripes_GENE_17,Protopterus_annectens_GENE_17
OG0000016,Takifugu_rubripes_GENE_2244,Protopterus_annectens_GENE_2244
OG0000001,Takifugu_rubripes_GENE_2421,Protopterus_annectens_GENE_2421
OG0000018,Takifugu_rubripes_GENE_2772,Protopterus_annectens_GENE_2772
OG0000036,Takifugu_rubripes_GENE_2869,Protopterus_annectens_GENE_2869
OG0000019,Takifugu_rubripes_GENE_2903,Protopterus_annectens_GENE_2903
OG0000049,Takifugu_rubripes_GENE_3058,Protopterus_annectens_GENE_3058
OG0000052,Takifugu_rubripes_GENE_3317,Protopterus_annectens_GENE_3317
OG0000020,Takifugu_rubripes_GENE_3353,Protopterus_annectens_GENE_3353
OG0000021,Takifugu_rubripes_GENE_3458,Protopterus_annectens_GENE_3458
OG0000005,Takifugu_rubripes_GENE_3570,Protopterus_annectens_GENE_3570
OG0000007,Takifugu_rubripes_GENE_3907,Protopterus_annectens_GENE_3907
OG0000008,Takifugu_rubripes_GENE_541,Protopterus_annectens_GENE_541
OG0000044,Takifugu_rubripes_GENE_583,Protopterus_annectens_GENE_583
OG0000054,Takifugu_rubripes_GENE_634,Protopterus_annectens_GENE_634
OG0000026,Takifugu_rubripes_GENE_974,Protopterus_annectens_GENE_974
