Orthogroup,Takifugu,Taeniopygia
OG0000012,Takifugu_rubripes_GENE_1206,Taeniopygia_guttata_GENE_1206
OG0000000,Takifugu_rubripes_GENE_1433,Taeniopygia_guttata_GENE_1433
OG0000055,Takifugu_rubripes_GENE_17,Taeniopygia_guttata_GENE_17
OG0000016,Takifugu_rubripes_GENE_2244,Taeniopygia_guttata_GENE_2244
OG0000017,Takifugu_rubripes_GENE_2459,Taeniopygia_guttata_GENE_2459
OG0000018,Takifugu_rubripes_GENE_2772,Taeniopygia_guttata_GENE_2772
OG0000019,Takifugu_rubripes_GENE_2903,Taeniopygia_guttata_GENE_2903
OG0000002,Takifugu_rubripes_GENE_3026,Taeniopygia_guttata_GENE_3026
OG0000050,Takifugu_rubripes_GENE_3210,Taeniopygia_guttata_GENE_3210
OG0000052,Takifugu_rubripes_GENE_3317,Taeniopygia_guttata_GENE_3317
OG0000020,Takifugu_rubripes_GENE_3353,Taeniopygia_guttata_GENE_3353
OG0000022,Takifugu_rubripes_GENE_3508,Taeniopygia_guttata_GENE_3508
OG0000005,Takifugu_rubripes_GENE_3570,Taeniopygia_guttata_GENE_3570
OG0000041,Takifugu_rubripes_GENE_39,Taeniopygia_guttata_GENE_39
OG0000007,Takifugu_rubripes_GENE_3907,Taeniopygia_guttata_GENE_3907
OG0000008,Takifugu_rubripes_GENE_541,Taeniopygia_guttata_GENE_541
OG0000026,Takifugu_rubripes_GENE_974,Taeniopygia_guttata_GENE_974
