Orthogroup,Takifugu,Macropus
OG0000012,Takifugu_rubripes_GENE_1206,Macropus_eugenii_GENE_1206
OG0000013,Takifugu_rubripes_GENE_1224,Macropus_eugenii_GENE_1224
OG0000000,Takifugu_rubripes_GENE_1433,Macropus_eugenii_GENE_1433
OG0000055,Takifugu_rubripes_GENE_17,Macropus_eugenii_GENE_17
OG0000032,Takifugu_rubripes_GENE_2274,Macropus_eugenii_GENE_2274
OG0000035,Takifugu_rubripes_GENE_2537,Macropus_eugenii_GENE_2537
OG0000018,Takifugu_rubripes_GENE_2772,Macropus_eugenii_GENE_2772
OG0000036,Takifugu_rubripes_GENE_2869,Macropus_eugenii_GENE_2869
OG0000019,Takifugu_rubripes_GENE_2903,Macropus_eugenii_GENE_2903
OG0000002,Takifugu_rubripes_GENE_3026,Macropus_eugenii_GENE_3026
OG0000050,Takifugu_rubripes_GENE_3210,Macropus_eugenii_GENE_3210
OG0000052,Takifugu_rubripes_GENE_3317,Macropus_eugenii_GENE_3317
OG0000007,Takifugu_rubripes_GENE_3907,Macropus_eugenii_GENE_3907
OG0000008,Takifugu_rubripes_GENE_541,Macropus_eugenii_GENE_541
OG0000054,Takifugu_rubripes_GENE_634,Macropus_eugenii_GENE_634
