Orthogroup,Takifugu,Callorhinchus
OG0000010,Takifugu_rubripes_GENE_1086,Callorhinchus_milii_GENE_1086
OG0000011,Takifugu_rubripes_GENE_1093,Callorhinchus_milii_GENE_1093
OG0000000,Takifugu_rubripes_GENE_1433,Callorhinchus_milii_GENE_1433
OG0000027,Takifugu_rubripes_GENE_1465,Callorhinchus_milii_GENE_1465
OG0000055,Takifugu_rubripes_GENE_17,Callorhinchus_milii_GENE_17
OG0000031,Takifugu_rubripes_GENE_2024,Callorhinchus_milii_GENE_2024
OG0000015,Takifugu_rubripes_GENE_2194,Callorhinchus_milii_GENE_2194
OG0000016,Takifugu_rubripes_GENE_2244,Callorhinchus_milii_GENE_2244
OG0000018,Takifugu_rubripes_GENE_2772,Callorhinchus_milii_GENE_2772
OG0000036,Takifugu_rubripes_GENE_2869,Callorhinchus_milii_GENE_2869
OG0000019,Takifugu_rubripes_GENE_2903,Callorhinchus_milii_GENE_2903
OG0000002,Takifugu_rubripes_GENE_3026,Callorhinchus_milii_GENE_3026
OG0000052,Takifugu_rubripes_GENE_3317,Callorhinchus_milii_GENE_3317
OG0000003,Takifugu_rubripes_GENE_3380,Callorhinchus_milii_GENE_3380
OG0000021,Takifugu_rubripes_GENE_3458,Callorhinchus_milii_GENE_3458
OG0000022,Takifugu_rubripes_GENE_3508,Callorhinchus_milii_GENE_3508
OG0000007,Takifugu_rubripes_GENE_3907,Callorhinchus_milii_GENE_3907
OG0000024,Takifugu_rubripes_GENE_609,Callorhinchus_milii_GENE_609
OG0000045,Takifugu_rubripes_GENE_952,Callorhinchus_milii_GENE_952
