Orthogroup,Takifugu,Meleagris
OG0000012,Takifugu_rubripes_GENE_1206,Meleagris_gallopavo_GENE_1206
OG0000000,Takifugu_rubripes_GENE_1433,Meleagris_gallopavo_GENE_1433
OG0000055,Takifugu_rubripes_GENE_17,Meleagris_gallopavo_GENE_17
OG0000016,Takifugu_rubripes_GENE_2244,Meleagris_gallopavo_GENE_2244
OG0000032,Takifugu_rubripes_GENE_2274,Meleagris_gallopavo_GENE_2274
OG0000035,Takifugu_rubripes_GENE_2537,Meleagris_gallopavo_GENE_2537
OG0000018,Takifugu_rubripes_GENE_2772,Meleagris_gallopavo_GENE_2772
OG0000036,Takifugu_rubripes_GENE_2869,Meleagris_gallopavo_GENE_2869
OG0000019,Takifugu_rubripes_GENE_2903,Meleagris_gallopavo_GENE_2903
OG0000002,Takifugu_rubripes_GENE_3026,Meleagris_gallopavo_GENE_3026
OG0000050,Takifugu_rubripes_GENE_3210,Meleagris_gallopavo_GENE_3210
OG0000052,Takifugu_rubripes_GENE_3317,Meleagris_gallopavo_GENE_3317
OG0000022,Takifugu_rubripes_GENE_3508,Meleagris_gallopavo_GENE_3508
OG0000005,Takifugu_rubripes_GENE_3570,Meleagris_gallopavo_GENE_3570
OG0000041,Takifugu_rubripes_GENE_39,Meleagris_gallopavo_GENE_39
OG0000007,Takifugu_rubripes_GENE_3907,Meleagris_gallopavo_GENE_3907
OG0000008,Takifugu_rubripes_GENE_541,Meleagris_gallopavo_GENE_541
OG0000026,Takifugu_rubripes_GENE_974,Meleagris_gallopavo_GENE_974
