Orthogroup,Takifugu,Lepidosiren
OG0000011,Takifugu_rubripes_GENE_1093,Lepidosiren_paradoxa_GENE_1093
OG0000013,Takifugu_rubripes_GENE_1224,Lepidosiren_paradoxa_GENE_1224
OG0000000,Takifugu_rubripes_GENE_1433,Lepidosiren_paradoxa_GENE_1433
OG0000055,Takifugu_rubripes_GENE_17,Lepidosiren_paradoxa_GENE_17
OG0000016,Takifugu_rubripes_GENE_2244,Lepidosiren_paradoxa_GENE_2244
OG0000001,Takifugu_rubripes_GENE_2421,Lepidosiren_paradoxa_GENE_2421
OG0000018,Takifugu_rubripes_GENE_2772,Lepidosiren_paradoxa_GENE_2772
OG0000036,Takifugu_rubripes_GENE_2869,Lepidosiren_paradoxa_GENE_2869
OG0000019,Takifugu_rubripes_GENE_2903,Lepidosiren_paradoxa_GENE_2903
OG0000049,Takifugu_rubripes_GENE_3058,Lepidosiren_paradoxa_GENE_3058
OG0000039,Takifugu_rubripes_GENE_3290,Lepidosiren_paradoxa_GENE_3290
OG0000052,Takifugu_rubripes_GENE_3317,Lepidosiren_paradoxa_GENE_3317
OG0000020,Takifugu_rubripes_GENE_3353,Lepidosiren_paradoxa_GENE_3353
OG0000021,Takifugu_rubripes_GENE_3458,Lepidosiren_paradoxa_GENE_3458
OG0000007,Takifugu_rubripes_GENE_3907,Lepidosiren_paradoxa_GENE_3907
OG0000008,Takifugu_rubripes_GENE_541,Lepidosiren_paradoxa_GENE_541
OG0000044,Takifugu_rubripes_GENE_583,Lepidosiren_paradoxa_GENE_583
OG0000054,Takifugu_rubripes_GENE_634,Lepidosiren_paradoxa_GENE_634
OG0000026,Takifugu_rubripes_GENE_974,Lepidosiren_paradoxa_GENE_974
