Orthogroup,Takifugu,Oreochromis
OG0000010,Takifugu_rubripes_GENE_1086,Oreochromis_niloticus_GENE_1086
OG0000011,Takifugu_rubripes_GENE_1093,Oreochromis_niloticus_GENE_1093
OG0000012,Takifugu_rubripes_GENE_1206,Oreochromis_niloticus_GENE_1206
OG0000013,Takifugu_rubripes_GENE_1224,Oreochromis_niloticus_GENE_1224
OG0000000,Takifugu_rubripes_GENE_1433,Oreochromis_niloticus_GENE_1433
OG0000014,Takifugu_rubripes_GENE_1646,Oreochromis_niloticus_GENE_1646
OG0000028,Takifugu_rubripes_GENE_1671,Oreochromis_niloticus_GENE_1671
OG0000055,Takifugu_rubripes_GENE_17,Oreochromis_niloticus_GENE_17
OG0000031,Takifugu_rubripes_GENE_2024,Oreochromis_niloticus_GENE_2024
OG0000015,Takifugu_rubripes_GENE_2194,Oreochromis_niloticus_GENE_2194
OG0000016,Takifugu_rubripes_GENE_2244,Oreochromis_niloticus_GENE_2244
OG0000032,Takifugu_rubripes_GENE_2274,Oreochromis_niloticus_GENE_2274
OG0000033,Takifugu_rubripes_GENE_2443,Oreochromis_niloticus_GENE_2443
OG0000017,Takifugu_rubripes_GENE_2459,Oreochromis_niloticus_GENE_2459
OG0000034,Takifugu_rubripes_GENE_248,Oreochromis_niloticus_GENE_248
OG0000035,Takifugu_rubripes_GENE_2537,Oreochromis_niloticus_GENE_2537
OG0000018,Takifugu_rubripes_GENE_2772,Oreochromis_niloticus_GENE_2772
OG0000036,Takifugu_rubripes_GENE_2869,Oreochromis_niloticus_GENE_2869
OG0000019,Takifugu_rubripes_GENE_2903,Oreochromis_niloticus_GENE_2903
OG0000002,Takifugu_rubripes_GENE_3026,Oreochromis_niloticus_GENE_3026
OG0000049,Takifugu_rubripes_GENE_3058,Oreochromis_niloticus_GENE_3058
OG0000038,Takifugu_rubripes_GENE_3150,Oreochromis_niloticus_GENE_3150
OG0000050,Takifugu_rubripes_GENE_3210,Oreochromis_niloticus_GENE_3210
OG0000051,Takifugu_rubripes_GENE_3283,Oreochromis_niloticus_GENE_3283
OG0000039,Takifugu_rubripes_GENE_3290,Oreochromis_niloticus_GENE_3290
OG0000052,Takifugu_rubripes_GENE_3317,Oreochromis_niloticus_GENE_3317
OG0000020,Takifugu_rubripes_GENE_3353,Oreochromis_niloticus_GENE_3353
OG0000003,Takifugu_rubripes_GENE_3380,Oreochromis_niloticus_GENE_3380
OG0000004,Takifugu_rubripes_GENE_343,Oreochromis_niloticus_GENE_343
OG0000021,Takifugu_rubripes_GENE_3458,Oreochromis_niloticus_GENE_3458
OG0000022,Takifugu_rubripes_GENE_3508,Oreochromis_niloticus_GENE_3508
OG0000005,Takifugu_rubripes_GENE_3570,Oreochromis_niloticus_GENE_3570
OG0000046,Takifugu_rubripes_GENE_368,Oreochromis_niloticus_GENE_368
OG0000006,Takifugu_rubripes_GENE_3818,Oreochromis_niloticus_GENE_3818
OG0000041,Takifugu_rubripes_GENE_39,Oreochromis_niloticus_GENE_39
OG0000007,Takifugu_rubripes_GENE_3907,Oreochromis_niloticus_GENE_3907
OG0000042,Takifugu_rubripes_GENE_3912,Oreochromis_niloticus_GENE_3912
OG0000023,Takifugu_rubripes_GENE_3942,Oreochromis_niloticus_GENE_3942
OG0000008,Takifugu_rubripes_GENE_541,Oreochromis_niloticus_GENE_541
OG0000054,Takifugu_rubripes_GENE_634,Oreochromis_niloticus_GENE_634
OG0000009,Takifugu_rubripes_GENE_730,Oreochromis_niloticus_GENE_730
OG0000045,Takifugu_rubripes_GENE_952,Oreochromis_niloticus_GENE_952
OG0000026,Takifugu_rubripes_GENE_974,Oreochromis_niloticus_GENE_974
