Orthogroup,Takifugu,Ornithorhynchus
OG0000012,Takifugu_rubripes_GENE_1206,Ornithorhynchus_anatinus_GENE_1206
OG0000013,Takifugu_rubripes_GENE_1224,Ornithorhynchus_anatinus_GENE_1224
OG0000000,Takifugu_rubripes_GENE_1433,Ornithorhynchus_anatinus_GENE_1433
OG0000016,Takifugu_rubripes_GENE_2244,Ornithorhynchus_anatinus_GENE_2244
OG0000017,Takifugu_rubripes_GENE_2459,Ornithorhynchus_anatinus_GENE_2459
OG0000019,Takifugu_rubripes_GENE_2903,Ornithorhynchus_anatinus_GENE_2903
OG0000002,Takifugu_rubripes_GENE_3026,Ornithorhynchus_anatinus_GENE_3026
OG0000050,Takifugu_rubripes_GENE_3210,Ornithorhynchus_anatinus_GENE_3210
OG0000041,Takifugu_rubripes_GENE_39,Ornithorhynchus_anatinus_GENE_39
OG0000007,Takifugu_rubripes_GENE_3907,Ornithorhynchus_anatinus_GENE_3907
OG0000008,Takifugu_rubripes_GENE_541,Ornithorhynchus_anatinus_GENE_541
OG0000044,Takifugu_rubripes_GENE_583,Ornithorhynchus_anatinus_GENE_583
OG0000054,Takifugu_rubripes_GENE_634,Ornithorhynchus_anatinus_GENE_634
OG0000026,Takifugu_rubripes_GENE_974,Ornithorhynchus_anatinus_GENE_974
