Orthogroup,Lepidosiren,Anolis
OG0000013,Lepidosiren_paradoxa_GENE_1224,Anolis_carolinensis_GENE_1224
OG0000000,Lepidosiren_paradoxa_GENE_1433,Anolis_carolinensis_GENE_1433
OG0000027,Lepidosiren_paradoxa_GENE_1465,Anolis_carolinensis_GENE_1465
OG0000029,Lepidosiren_paradoxa_GENE_1724,Anolis_carolinensis_GENE_1724
OG0000016,Lepidosiren_paradoxa_GENE_2244,Anolis_carolinensis_GENE_2244
OG0000032,Lepidosiren_paradoxa_GENE_2274,Anolis_carolinensis_GENE_2274
OG0000017,Lepidosiren_paradoxa_GENE_2459,Anolis_carolinensis_GENE_2459
OG0000048,Lepidosiren_paradoxa_GENE_2498,Anolis_carolinensis_GENE_2498
OG0000018,Lepidosiren_paradoxa_GENE_2772,Anolis_carolinensis_GENE_2772
OG0000036,Lepidosiren_paradoxa_GENE_2869,Anolis_carolinensis_GENE_2869
OG0000019,Lepidosiren_paradoxa_GENE_2903,Anolis_carolinensis_GENE_2903
OG0000002,Lepidosiren_paradoxa_GENE_3026,Anolis_carolinensis_GENE_3026
OG0000050,Lepidosiren_paradoxa_GENE_3210,Anolis_carolinensis_GENE_3210
OG0000052,Lepidosiren_paradoxa_GENE_3317,Anolis_carolinensis_GENE_3317
OG0000003,Lepidosiren_paradoxa_GENE_3380,Anolis_carolinensis_GENE_3380
OG0000040,Lepidosiren_paradoxa_GENE_3515,Anolis_carolinensis_GENE_3515
OG0000007,Lepidosiren_paradoxa_GENE_3907,Anolis_carolinensis_GENE_3907
OG0000043,Lepidosiren_paradoxa_GENE_401,Anolis_carolinensis_GENE_401
OG0000008,Lepidosiren_paradoxa_GENE_541,Anolis_carolinensis_GENE_541
OG0000024,Lepidosiren_paradoxa_GENE_609,Anolis_carolinensis_GENE_609
OG0000054,Lepidosiren_paradoxa_GENE_634,Anolis_carolinensis_GENE_634
OG0000026,Lepidosiren_paradoxa_GENE_974,Anolis_carolinensis_GENE_974
