Orthogroup,Lepidosiren,Xenopus
OG0000012,Lepidosiren_paradoxa_GENE_1206,Xenopus_Silurana_tropicalis_GENE_1206
OG0000027,Lepidosiren_paradoxa_GENE_1465,Xenopus_Silurana_tropicalis_GENE_1465
OG0000055,Lepidosiren_paradoxa_GENE_17,Xenopus_Silurana_tropicalis_GENE_17
OG0000016,Lepidosiren_paradoxa_GENE_2244,Xenopus_Silurana_tropicalis_GENE_2244
OG0000048,Lepidosiren_paradoxa_GENE_2498,Xenopus_Silurana_tropicalis_GENE_2498
OG0000018,Lepidosiren_paradoxa_GENE_2772,Xenopus_Silurana_tropicalis_GENE_2772
OG0000036,Lepidosiren_paradoxa_GENE_2869,Xenopus_Silurana_tropicalis_GENE_2869
OG0000019,Lepidosiren_paradoxa_GENE_2903,Xenopus_Silurana_tropicalis_GENE_2903
OG0000002,Lepidosiren_paradoxa_GENE_3026,Xenopus_Silurana_tropicalis_GENE_3026
OG0000043,Lepidosiren_paradoxa_GENE_401,Xenopus_Silurana_tropicalis_GENE_401
