Orthogroup,Lepidosiren,Taeniopygia
OG0000000,Lepidosiren_paradoxa_GENE_1433,Taeniopygia_guttata_GENE_1433
OG0000027,Lepidosiren_paradoxa_GENE_1465,Taeniopygia_guttata_GENE_1465
OG0000055,Lepidosiren_paradoxa_GENE_17,Taeniopygia_guttata_GENE_17
OG0000029,Lepidosiren_paradoxa_GENE_1724,Taeniopygia_guttata_GENE_1724
OG0000016,Lepidosiren_paradoxa_GENE_2244,Taeniopygia_guttata_GENE_2244
OG0000017,Lepidosiren_paradoxa_GENE_2459,Taeniopygia_guttata_GENE_2459
OG0000048,Lepidosiren_paradoxa_GENE_2498,Taeniopygia_guttata_GENE_2498
OG0000018,Lepidosiren_paradoxa_GENE_2772,Taeniopygia_guttata_GENE_2772
OG0000019,Lepidosiren_paradoxa_GENE_2903,Taeniopygia_guttata_GENE_2903
OG0000002,Lepidosiren_paradoxa_GENE_3026,Taeniopygia_guttata_GENE_3026
OG0000050,Lepidosiren_paradoxa_GENE_3210,Taeniopygia_guttata_GENE_3210
OG0000052,Lepidosiren_paradoxa_GENE_3317,Taeniopygia_guttata_GENE_3317
OG0000020,Lepidosiren_paradoxa_GENE_3353,Taeniopygia_guttata_GENE_3353
OG0000040,Lepidosiren_paradoxa_GENE_3515,Taeniopygia_guttata_GENE_3515
OG0000007,Lepidosiren_paradoxa_GENE_3907,Taeniopygia_guttata_GENE_3907
OG0000043,Lepidosiren_paradoxa_GENE_401,Taeniopygia_guttata_GENE_401
OG0000008,Lepidosiren_paradoxa_GENE_541,Taeniopygia_guttata_GENE_541
OG0000024,Lepidosiren_paradoxa_GENE_609,Taeniopygia_guttata_GENE_609
OG0000026,Lepidosiren_paradoxa_GENE_974,Taeniopygia_guttata_GENE_974
