Orthogroup,Lepidosiren,Protopterus
OG0000010,Lepidosiren_paradoxa_GENE_1086,Protopterus_annectens_GENE_1086
OG0000011,Lepidosiren_paradoxa_GENE_1093,Protopterus_annectens_GENE_1093
OG0000012,Lepidosiren_paradoxa_GENE_1206,Protopterus_annectens_GENE_1206
OG0000013,Lepidosiren_paradoxa_GENE_1224,Protopterus_annectens_GENE_1224
OG0000027,Lepidosiren_paradoxa_GENE_1465,Protopterus_annectens_GENE_1465
OG0000028,Lepidosiren_paradoxa_GENE_1671,Protopterus_annectens_GENE_1671
OG0000055,Lepidosiren_paradoxa_GENE_17,Protopterus_annectens_GENE_17
OG0000029,Lepidosiren_paradoxa_GENE_1724,Protopterus_annectens_GENE_1724
OG0000030,Lepidosiren_paradoxa_GENE_1984,Protopterus_annectens_GENE_1984
OG0000031,Lepidosiren_paradoxa_GENE_2024,Protopterus_annectens_GENE_2024
OG0000047,Lepidosiren_paradoxa_GENE_2063,Protopterus_annectens_GENE_2063
OG0000015,Lepidosiren_paradoxa_GENE_2194,Protopterus_annectens_GENE_2194
OG0000032,Lepidosiren_paradoxa_GENE_2274,Protopterus_annectens_GENE_2274
OG0000001,Lepidosiren_paradoxa_GENE_2421,Protopterus_annectens_GENE_2421
OG0000033,Lepidosiren_paradoxa_GENE_2443,Protopterus_annectens_GENE_2443
OG0000017,Lepidosiren_paradoxa_GENE_2459,Protopterus_annectens_GENE_2459
OG0000034,Lepidosiren_paradoxa_GENE_248,Protopterus_annectens_GENE_248
OG0000048,Lepidosiren_paradoxa_GENE_2498,Protopterus_annectens_GENE_2498
OG0000035,Lepidosiren_paradoxa_GENE_2537,Protopterus_annectens_GENE_2537
OG0000018,Lepidosiren_paradoxa_GENE_2772,Protopterus_annectens_GENE_2772
OG0000036,Lepidosiren_paradoxa_GENE_2869,Protopterus_annectens_GENE_2869
OG0000019,Lepidosiren_paradoxa_GENE_2903,Protopterus_annectens_GENE_2903
OG0000002,Lepidosiren_paradoxa_GENE_3026,Protopterus_annectens_GENE_3026
OG0000049,Lepidosiren_paradoxa_GENE_3058,Protopterus_annectens_GENE_3058
OG0000037,Lepidosiren_paradoxa_GENE_3089,Protopterus_annectens_GENE_3089
OG0000038,Lepidosiren_paradoxa_GENE_3150,Protopterus_annectens_GENE_3150
OG0000050,Lepidosiren_paradoxa_GENE_3210,Protopterus_annectens_GENE_3210
OG0000051,Lepidosiren_paradoxa_GENE_3283,Protopterus_annectens_GENE_3283
OG0000052,Lepidosiren_paradoxa_GENE_3317,Protopterus_annectens_GENE_3317
OG0000020,Lepidosiren_paradoxa_GENE_3353,Protopterus_annectens_GENE_3353
OG0000004,Lepidosiren_paradoxa_GENE_343,Protopterus_annectens_GENE_343
OG0000021,Lepidosiren_paradoxa_GENE_3458,Protopterus_annectens_GENE_3458
OG0000022,Lepidosiren_paradoxa_GENE_3508,Protopterus_annectens_GENE_3508
OG0000040,Lepidosiren_paradoxa_GENE_3515,Protopterus_annectens_GENE_3515
OG0000046,Lepidosiren_paradoxa_GENE_368,Protopterus_annectens_GENE_368
OG0000006,Lepidosiren_paradoxa_GENE_3818,Protopterus_annectens_GENE_3818
OG0000041,Lepidosiren_paradoxa_GENE_39,Protopterus_annectens_GENE_39
OG0000007,Lepidosiren_paradoxa_GENE_3907,Protopterus_annectens_GENE_3907
OG0000053,Lepidosiren_paradoxa_GENE_3913,Protopterus_annectens_GENE_3913
OG0000023,Lepidosiren_paradoxa_GENE_3942,Protopterus_annectens_GENE_3942
OG0000043,Lepidosiren_paradoxa_GENE_401,Protopterus_annectens_GENE_401
OG0000008,Lepidosiren_paradoxa_GENE_541,Protopterus_annectens_GENE_541
OG0000044,Lepidosiren_paradoxa_GENE_583,Protopterus_annectens_GENE_583
OG0000024,Lepidosiren_paradoxa_GENE_609,Protopterus_annectens_GENE_609
OG0000054,Lepidosiren_paradoxa_GENE_634,Protopterus_annectens_GENE_634
OG0000009,Lepidosiren_paradoxa_GENE_730,Protopterus_annectens_GENE_730
OG0000045,Lepidosiren_paradoxa_GENE_952,Protopterus_annectens_GENE_952
OG0000026,Lepidosiren_paradoxa_GENE_974,Protopterus_annectens_GENE_974
