Orthogroup,Lepidosiren,Danio
OG0000011,Lepidosiren_paradoxa_GENE_1093,Danio_rerio_GENE_1093
OG0000000,Lepidosiren_paradoxa_GENE_1433,Danio_rerio_GENE_1433
OG0000055,Lepidosiren_paradoxa_GENE_17,Danio_rerio_GENE_17
OG0000029,Lepidosiren_paradoxa_GENE_1724,Danio_rerio_GENE_1724
OG0000016,Lepidosiren_paradoxa_GENE_2244,Danio_rerio_GENE_2244
OG0000032,Lepidosiren_paradoxa_GENE_2274,Danio_rerio_GENE_2274
OG0000048,Lepidosiren_paradoxa_GENE_2498,Danio_rerio_GENE_2498
OG0000018,Lepidosiren_paradoxa_GENE_2772,Danio_rerio_GENE_2772
OG0000036,Lepidosiren_paradoxa_GENE_2869,Danio_rerio_GENE_2869
OG0000019,Lepidosiren_paradoxa_GENE_2903,Danio_rerio_GENE_2903
OG0000037,Lepidosiren_paradoxa_GENE_3089,Danio_rerio_GENE_3089
OG0000052,Lepidosiren_paradoxa_GENE_3317,Danio_rerio_GENE_3317
OG0000007,Lepidosiren_paradoxa_GENE_3907,Danio_rerio_GENE_3907
OG0000043,Lepidosiren_paradoxa_GENE_401,Danio_rerio_GENE_401
OG0000008,Lepidosiren_paradoxa_GENE_541,Danio_rerio_GENE_541
OG0000054,Lepidosiren_paradoxa_GENE_634,Danio_rerio_GENE_634
OG0000026,Lepidosiren_paradoxa_GENE_974,Danio_rerio_GENE_974
