Orthogroup,Lepidosiren,Takifugu
OG0000011,Lepidosiren_paradoxa_GENE_1093,Takifugu_rubripes_GENE_1093
OG0000013,Lepidosiren_paradoxa_GENE_1224,Takifugu_rubripes_GENE_1224
OG0000000,Lepidosiren_paradoxa_GENE_1433,Takifugu_rubripes_GENE_1433
OG0000055,Lepidosiren_paradoxa_GENE_17,Takifugu_rubripes_GENE_17
OG0000016,Lepidosiren_paradoxa_GENE_2244,Takifugu_rubripes_GENE_2244
OG0000001,Lepidosiren_paradoxa_GENE_2421,Takifugu_rubripes_GENE_2421
OG0000018,Lepidosiren_paradoxa_GENE_2772,Takifugu_rubripes_GENE_2772
OG0000036,Lepidosiren_paradoxa_GENE_2869,Takifugu_rubripes_GENE_2869
OG0000019,Lepidosiren_paradoxa_GENE_2903,Takifugu_rubripes_GENE_2903
OG0000049,Lepidosiren_paradoxa_GENE_3058,Takifugu_rubripes_GENE_3058
OG0000039,Lepidosiren_paradoxa_GENE_3290,Takifugu_rubripes_GENE_3290
OG0000052,Lepidosiren_paradoxa_GENE_3317,Takifugu_rubripes_GENE_3317
OG0000020,Lepidosiren_paradoxa_GENE_3353,Takifugu_rubripes_GENE_3353
OG0000021,Lepidosiren_paradoxa_GENE_3458,Takifugu_rubripes_GENE_3458
OG0000007,Lepidosiren_paradoxa_GENE_3907,Takifugu_rubripes_GENE_3907
OG0000008,Lepidosiren_paradoxa_GENE_541,Takifugu_rubripes_GENE_541
OG0000044,Lepidosiren_paradoxa_GENE_583,Takifugu_rubripes_GENE_583
OG0000054,Lepidosiren_paradoxa_GENE_634,Takifugu_rubripes_GENE_634
OG0000026,Lepidosiren_paradoxa_GENE_974,Takifugu_rubripes_GENE_974
