Orthogroup,Lepidosiren,Macropus
OG0000013,Lepidosiren_paradoxa_GENE_1224,Macropus_eugenii_GENE_1224
OG0000000,Lepidosiren_paradoxa_GENE_1433,Macropus_eugenii_GENE_1433
OG0000027,Lepidosiren_paradoxa_GENE_1465,Macropus_eugenii_GENE_1465
OG0000055,Lepidosiren_paradoxa_GENE_17,Macropus_eugenii_GENE_17
OG0000029,Lepidosiren_paradoxa_GENE_1724,Macropus_eugenii_GENE_1724
OG0000032,Lepidosiren_paradoxa_GENE_2274,Macropus_eugenii_GENE_2274
OG0000048,Lepidosiren_paradoxa_GENE_2498,Macropus_eugenii_GENE_2498
OG0000018,Lepidosiren_paradoxa_GENE_2772,Macropus_eugenii_GENE_2772
OG0000036,Lepidosiren_paradoxa_GENE_2869,Macropus_eugenii_GENE_2869
OG0000019,Lepidosiren_paradoxa_GENE_2903,Macropus_eugenii_GENE_2903
OG0000002,Lepidosiren_paradoxa_GENE_3026,Macropus_eugenii_GENE_3026
OG0000050,Lepidosiren_paradoxa_GENE_3210,Macropus_eugenii_GENE_3210
OG0000052,Lepidosiren_paradoxa_GENE_3317,Macropus_eugenii_GENE_3317
OG0000040,Lepidosiren_paradoxa_GENE_3515,Macropus_eugenii_GENE_3515
OG0000005,Lepidosiren_paradoxa_GENE_3570,Macropus_eugenii_GENE_3570
OG0000007,Lepidosiren_paradoxa_GENE_3907,Macropus_eugenii_GENE_3907
OG0000043,Lepidosiren_paradoxa_GENE_401,Macropus_eugenii_GENE_401
OG0000008,Lepidosiren_paradoxa_GENE_541,Macropus_eugenii_GENE_541
OG0000024,Lepidosiren_paradoxa_GENE_609,Macropus_eugenii_GENE_609
OG0000054,Lepidosiren_paradoxa_GENE_634,Macropus_eugenii_GENE_634
