Orthogroup,Lepidosiren,Neoceratodus
OG0000010,Lepidosiren_paradoxa_GENE_1086,Neoceratodus_forsteri_GENE_1086
OG0000011,Lepidosiren_paradoxa_GENE_1093,Neoceratodus_forsteri_GENE_1093
OG0000012,Lepidosiren_paradoxa_GENE_1206,Neoceratodus_forsteri_GENE_1206
OG0000013,Lepidosiren_paradoxa_GENE_1224,Neoceratodus_forsteri_GENE_1224
OG0000000,Lepidosiren_paradoxa_GENE_1433,Neoceratodus_forsteri_GENE_1433
OG0000027,Lepidosiren_paradoxa_GENE_1465,Neoceratodus_forsteri_GENE_1465
OG0000014,Lepidosiren_paradoxa_GENE_1646,Neoceratodus_forsteri_GENE_1646
OG0000055,Lepidosiren_paradoxa_GENE_17,Neoceratodus_forsteri_GENE_17
OG0000029,Lepidosiren_paradoxa_GENE_1724,Neoceratodus_forsteri_GENE_1724
OG0000030,Lepidosiren_paradoxa_GENE_1984,Neoceratodus_forsteri_GENE_1984
OG0000047,Lepidosiren_paradoxa_GENE_2063,Neoceratodus_forsteri_GENE_2063
OG0000015,Lepidosiren_paradoxa_GENE_2194,Neoceratodus_forsteri_GENE_2194
OG0000016,Lepidosiren_paradoxa_GENE_2244,Neoceratodus_forsteri_GENE_2244
OG0000032,Lepidosiren_paradoxa_GENE_2274,Neoceratodus_forsteri_GENE_2274
OG0000017,Lepidosiren_paradoxa_GENE_2459,Neoceratodus_forsteri_GENE_2459
OG0000034,Lepidosiren_paradoxa_GENE_248,Neoceratodus_forsteri_GENE_248
OG0000048,Lepidosiren_paradoxa_GENE_2498,Neoceratodus_forsteri_GENE_2498
OG0000035,Lepidosiren_paradoxa_GENE_2537,Neoceratodus_forsteri_GENE_2537
OG0000018,Lepidosiren_paradoxa_GENE_2772,Neoceratodus_forsteri_GENE_2772
OG0000036,Lepidosiren_paradoxa_GENE_2869,Neoceratodus_forsteri_GENE_2869
OG0000019,Lepidosiren_paradoxa_GENE_2903,Neoceratodus_forsteri_GENE_2903
OG0000002,Lepidosiren_paradoxa_GENE_3026,Neoceratodus_forsteri_GENE_3026
OG0000037,Lepidosiren_paradoxa_GENE_3089,Neoceratodus_forsteri_GENE_3089
OG0000038,Lepidosiren_paradoxa_GENE_3150,Neoceratodus_forsteri_GENE_3150
OG0000039,Lepidosiren_paradoxa_GENE_3290,Neoceratodus_forsteri_GENE_3290
OG0000052,Lepidosiren_paradoxa_GENE_3317,Neoceratodus_forsteri_GENE_3317
OG0000020,Lepidosiren_paradoxa_GENE_3353,Neoceratodus_forsteri_GENE_3353
OG0000004,Lepidosiren_paradoxa_GENE_343,Neoceratodus_forsteri_GENE_343
OG0000021,Lepidosiren_paradoxa_GENE_3458,Neoceratodus_forsteri_GENE_3458
OG0000046,Lepidosiren_paradoxa_GENE_368,Neoceratodus_forsteri_GENE_368
OG0000006,Lepidosiren_paradoxa_GENE_3818,Neoceratodus_forsteri_GENE_3818
OG0000041,Lepidosiren_paradoxa_GENE_39,Neoceratodus_forsteri_GENE_39
OG0000007,Lepidosiren_paradoxa_GENE_3907,Neoceratodus_forsteri_GENE_3907
OG0000053,Lepidosiren_paradoxa_GENE_3913,Neoceratodus_forsteri_GENE_3913
OG0000023,Lepidosiren_paradoxa_GENE_3942,Neoceratodus_forsteri_GENE_3942
OG0000043,Lepidosiren_paradoxa_GENE_401,Neoceratodus_forsteri_GENE_401
OG0000008,Lepidosiren_paradoxa_GENE_541,Neoceratodus_forsteri_GENE_541
OG0000044,Lepidosiren_paradoxa_GENE_583,Neoceratodus_forsteri_GENE_583
OG0000024,Lepidosiren_paradoxa_GENE_609,Neoceratodus_forsteri_GENE_609
OG0000054,Lepidosiren_paradoxa_GENE_634,Neoceratodus_forsteri_GENE_634
OG0000009,Lepidosiren_paradoxa_GENE_730,Neoceratodus_forsteri_GENE_730
OG0000045,Lepidosiren_paradoxa_GENE_952,Neoceratodus_forsteri_GENE_952
