Orthogroup,Lepidosiren,Ornithorhynchus
OG0000013,Lepidosiren_paradoxa_GENE_1224,Ornithorhynchus_anatinus_GENE_1224
OG0000000,Lepidosiren_paradoxa_GENE_1433,Ornithorhynchus_anatinus_GENE_1433
OG0000027,Lepidosiren_paradoxa_GENE_1465,Ornithorhynchus_anatinus_GENE_1465
OG0000029,Lepidosiren_paradoxa_GENE_1724,Ornithorhynchus_anatinus_GENE_1724
OG0000016,Lepidosiren_paradoxa_GENE_2244,Ornithorhynchus_anatinus_GENE_2244
OG0000017,Lepidosiren_paradoxa_GENE_2459,Ornithorhynchus_anatinus_GENE_2459
OG0000048,Lepidosiren_paradoxa_GENE_2498,Ornithorhynchus_anatinus_GENE_2498
OG0000019,Lepidosiren_paradoxa_GENE_2903,Ornithorhynchus_anatinus_GENE_2903
OG0000002,Lepidosiren_paradoxa_GENE_3026,Ornithorhynchus_anatinus_GENE_3026
OG0000050,Lepidosiren_paradoxa_GENE_3210,Ornithorhynchus_anatinus_GENE_3210
OG0000005,Lepidosiren_paradoxa_GENE_3570,Ornithorhynchus_anatinus_GENE_3570
OG0000007,Lepidosiren_paradoxa_GENE_3907,Ornithorhynchus_anatinus_GENE_3907
OG0000043,Lepidosiren_paradoxa_GENE_401,Ornithorhynchus_anatinus_GENE_401
OG0000008,Lepidosiren_paradoxa_GENE_541,Ornithorhynchus_anatinus_GENE_541
OG0000044,Lepidosiren_paradoxa_GENE_583,Ornithorhynchus_anatinus_GENE_583
OG0000024,Lepidosiren_paradoxa_GENE_609,Ornithorhynchus_anatinus_GENE_609
OG0000054,Lepidosiren_paradoxa_GENE_634,Ornithorhynchus_anatinus_GENE_634
OG0000026,Lepidosiren_paradoxa_GENE_974,Ornithorhynchus_anatinus_GENE_974
