Orthogroup,Lepidosiren,Dasypus
OG0000013,Lepidosiren_paradoxa_GENE_1224,Dasypus_novemcinctus_GENE_1224
OG0000000,Lepidosiren_paradoxa_GENE_1433,Dasypus_novemcinctus_GENE_1433
OG0000027,Lepidosiren_paradoxa_GENE_1465,Dasypus_novemcinctus_GENE_1465
OG0000055,Lepidosiren_paradoxa_GENE_17,Dasypus_novemcinctus_GENE_17
OG0000029,Lepidosiren_paradoxa_GENE_1724,Dasypus_novemcinctus_GENE_1724
OG0000016,Lepidosiren_paradoxa_GENE_2244,Dasypus_novemcinctus_GENE_2244
OG0000032,Lepidosiren_paradoxa_GENE_2274,Dasypus_novemcinctus_GENE_2274
OG0000018,Lepidosiren_paradoxa_GENE_2772,Dasypus_novemcinctus_GENE_2772
OG0000036,Lepidosiren_paradoxa_GENE_2869,Dasypus_novemcinctus_GENE_2869
OG0000019,Lepidosiren_paradoxa_GENE_2903,Dasypus_novemcinctus_GENE_2903
OG0000002,Lepidosiren_paradoxa_GENE_3026,Dasypus_novemcinctus_GENE_3026
OG0000052,Lepidosiren_paradoxa_GENE_3317,Dasypus_novemcinctus_GENE_3317
OG0000040,Lepidosiren_paradoxa_GENE_3515,Dasypus_novemcinctus_GENE_3515
OG0000005,Lepidosiren_paradoxa_GENE_3570,Dasypus_novemcinctus_GENE_3570
OG0000007,Lepidosiren_paradoxa_GENE_3907,Dasypus_novemcinctus_GENE_3907
OG0000053,Lepidosiren_paradoxa_GENE_3913,Dasypus_novemcinctus_GENE_3913
OG0000043,Lepidosiren_paradoxa_GENE_401,Dasypus_novemcinctus_GENE_401
OG0000008,Lepidosiren_paradoxa_GENE_541,Dasypus_novemcinctus_GENE_541
OG0000024,Lepidosiren_paradoxa_GENE_609,Dasypus_novemcinctus_GENE_609
OG0000054,Lepidosiren_paradoxa_GENE_634,Dasypus_novemcinctus_GENE_634
OG0000026,Lepidosiren_paradoxa_GENE_974,Dasypus_novemcinctus_GENE_974
