Orthogroup,Meleagris,Danio
OG0000012,Meleagris_gallopavo_GENE_1206,Danio_rerio_GENE_1206
OG0000000,Meleagris_gallopavo_GENE_1433,Danio_rerio_GENE_1433
OG0000055,Meleagris_gallopavo_GENE_17,Danio_rerio_GENE_17
OG0000029,Meleagris_gallopavo_GENE_1724,Danio_rerio_GENE_1724
OG0000047,Meleagris_gallopavo_GENE_2063,Danio_rerio_GENE_2063
OG0000016,Meleagris_gallopavo_GENE_2244,Danio_rerio_GENE_2244
OG0000032,Meleagris_gallopavo_GENE_2274,Danio_rerio_GENE_2274
OG0000048,Meleagris_gallopavo_GENE_2498,Danio_rerio_GENE_2498
OG0000035,Meleagris_gallopavo_GENE_2537,Danio_rerio_GENE_2537
OG0000018,Meleagris_gallopavo_GENE_2772,Danio_rerio_GENE_2772
OG0000036,Meleagris_gallopavo_GENE_2869,Danio_rerio_GENE_2869
OG0000019,Meleagris_gallopavo_GENE_2903,Danio_rerio_GENE_2903
OG0000002,Meleagris_gallopavo_GENE_3026,Danio_rerio_GENE_3026
OG0000050,Meleagris_gallopavo_GENE_3210,Danio_rerio_GENE_3210
OG0000052,Meleagris_gallopavo_GENE_3317,Danio_rerio_GENE_3317
OG0000005,Meleagris_gallopavo_GENE_3570,Danio_rerio_GENE_3570
OG0000041,Meleagris_gallopavo_GENE_39,Danio_rerio_GENE_39
OG0000007,Meleagris_gallopavo_GENE_3907,Danio_rerio_GENE_3907
OG0000043,Meleagris_gallopavo_GENE_401,Danio_rerio_GENE_401
OG0000008,Meleagris_gallopavo_GENE_541,Danio_rerio_GENE_541
OG0000026,Meleagris_gallopavo_GENE_974,Danio_rerio_GENE_974
