Orthogroup,Meleagris,Homo
OG0000010,Meleagris_gallopavo_GENE_1086,Homo_sapiens_GENE_1086
OG0000027,Meleagris_gallopavo_GENE_1465,Homo_sapiens_GENE_1465
OG0000031,Meleagris_gallopavo_GENE_2024,Homo_sapiens_GENE_2024
OG0000032,Meleagris_gallopavo_GENE_2274,Homo_sapiens_GENE_2274
OG0000001,Meleagris_gallopavo_GENE_2421,Homo_sapiens_GENE_2421
OG0000048,Meleagris_gallopavo_GENE_2498,Homo_sapiens_GENE_2498
OG0000035,Meleagris_gallopavo_GENE_2537,Homo_sapiens_GENE_2537
OG0000036,Meleagris_gallopavo_GENE_2869,Homo_sapiens_GENE_2869
OG0000019,Meleagris_gallopavo_GENE_2903,Homo_sapiens_GENE_2903
OG0000037,Meleagris_gallopavo_GENE_3089,Homo_sapiens_GENE_3089
OG0000050,Meleagris_gallopavo_GENE_3210,Homo_sapiens_GENE_3210
OG0000039,Meleagris_gallopavo_GENE_3290,Homo_sapiens_GENE_3290
OG0000052,Meleagris_gallopavo_GENE_3317,Homo_sapiens_GENE_3317
OG0000021,Meleagris_gallopavo_GENE_3458,Homo_sapiens_GENE_3458
OG0000040,Meleagris_gallopavo_GENE_3515,Homo_sapiens_GENE_3515
OG0000006,Meleagris_gallopavo_GENE_3818,Homo_sapiens_GENE_3818
OG0000041,Meleagris_gallopavo_GENE_39,Homo_sapiens_GENE_39
OG0000007,Meleagris_gallopavo_GENE_3907,Homo_sapiens_GENE_3907
OG0000043,Meleagris_gallopavo_GENE_401,Homo_sapiens_GENE_401
OG0000024,Meleagris_gallopavo_GENE_609,Homo_sapiens_GENE_609
OG0000009,Meleagris_gallopavo_GENE_730,Homo_sapiens_GENE_730
OG0000026,Meleagris_gallopavo_GENE_974,Homo_sapiens_GENE_974
