Orthogroup,Meleagris,Pelodiscus
OG0000012,Meleagris_gallopavo_GENE_1206,Pelodiscus_sinensis_GENE_1206
OG0000027,Meleagris_gallopavo_GENE_1465,Pelodiscus_sinensis_GENE_1465
OG0000055,Meleagris_gallopavo_GENE_17,Pelodiscus_sinensis_GENE_17
OG0000029,Meleagris_gallopavo_GENE_1724,Pelodiscus_sinensis_GENE_1724
OG0000030,Meleagris_gallopavo_GENE_1984,Pelodiscus_sinensis_GENE_1984
OG0000047,Meleagris_gallopavo_GENE_2063,Pelodiscus_sinensis_GENE_2063
OG0000015,Meleagris_gallopavo_GENE_2194,Pelodiscus_sinensis_GENE_2194
OG0000016,Meleagris_gallopavo_GENE_2244,Pelodiscus_sinensis_GENE_2244
OG0000032,Meleagris_gallopavo_GENE_2274,Pelodiscus_sinensis_GENE_2274
OG0000001,Meleagris_gallopavo_GENE_2421,Pelodiscus_sinensis_GENE_2421
OG0000048,Meleagris_gallopavo_GENE_2498,Pelodiscus_sinensis_GENE_2498
OG0000035,Meleagris_gallopavo_GENE_2537,Pelodiscus_sinensis_GENE_2537
OG0000018,Meleagris_gallopavo_GENE_2772,Pelodiscus_sinensis_GENE_2772
OG0000019,Meleagris_gallopavo_GENE_2903,Pelodiscus_sinensis_GENE_2903
OG0000049,Meleagris_gallopavo_GENE_3058,Pelodiscus_sinensis_GENE_3058
OG0000038,Meleagris_gallopavo_GENE_3150,Pelodiscus_sinensis_GENE_3150
OG0000039,Meleagris_gallopavo_GENE_3290,Pelodiscus_sinensis_GENE_3290
OG0000052,Meleagris_gallopavo_GENE_3317,Pelodiscus_sinensis_GENE_3317
OG0000020,Meleagris_gallopavo_GENE_3353,Pelodiscus_sinensis_GENE_3353
OG0000021,Meleagris_gallopavo_GENE_3458,Pelodiscus_sinensis_GENE_3458
OG0000005,Meleagris_gallopavo_GENE_3570,Pelodiscus_sinensis_GENE_3570
OG0000041,Meleagris_gallopavo_GENE_39,Pelodiscus_sinensis_GENE_39
OG0000007,Meleagris_gallopavo_GENE_3907,Pelodiscus_sinensis_GENE_3907
OG0000043,Meleagris_gallopavo_GENE_401,Pelodiscus_sinensis_GENE_401
OG0000024,Meleagris_gallopavo_GENE_609,Pelodiscus_sinensis_GENE_609
OG0000025,Meleagris_gallopavo_GENE_697,Pelodiscus_sinensis_GENE_697
OG0000009,Meleagris_gallopavo_GENE_730,Pelodiscus_sinensis_GENE_730
