Orthogroup,Meleagris,Lepidosiren
OG0000000,Meleagris_gallopavo_GENE_1433,Lepidosiren_paradoxa_GENE_1433
OG0000027,Meleagris_gallopavo_GENE_1465,Lepidosiren_paradoxa_GENE_1465
OG0000055,Meleagris_gallopavo_GENE_17,Lepidosiren_paradoxa_GENE_17
OG0000029,Meleagris_gallopavo_GENE_1724,Lepidosiren_paradoxa_GENE_1724
OG0000016,Meleagris_gallopavo_GENE_2244,Lepidosiren_paradoxa_GENE_2244
OG0000032,Meleagris_gallopavo_GENE_2274,Lepidosiren_paradoxa_GENE_2274
OG0000048,Meleagris_gallopavo_GENE_2498,Lepidosiren_paradoxa_GENE_2498
OG0000018,Meleagris_gallopavo_GENE_2772,Lepidosiren_paradoxa_GENE_2772
OG0000036,Meleagris_gallopavo_GENE_2869,Lepidosiren_paradoxa_GENE_2869
OG0000019,Meleagris_gallopavo_GENE_2903,Lepidosiren_paradoxa_GENE_2903
OG0000002,Meleagris_gallopavo_GENE_3026,Lepidosiren_paradoxa_GENE_3026
OG0000050,Meleagris_gallopavo_GENE_3210,Lepidosiren_paradoxa_GENE_3210
OG0000052,Meleagris_gallopavo_GENE_3317,Lepidosiren_paradoxa_GENE_3317
OG0000040,Meleagris_gallopavo_GENE_3515,Lepidosiren_paradoxa_GENE_3515
OG0000007,Meleagris_gallopavo_GENE_3907,Lepidosiren_paradoxa_GENE_3907
OG0000043,Meleagris_gallopavo_GENE_401,Lepidosiren_paradoxa_GENE_401
OG0000008,Meleagris_gallopavo_GENE_541,Lepidosiren_paradoxa_GENE_541
OG0000024,Meleagris_gallopavo_GENE_609,Lepidosiren_paradoxa_GENE_609
OG0000026,Meleagris_gallopavo_GENE_974,Lepidosiren_paradoxa_GENE_974
