Orthogroup,Meleagris,Latimeria
OG0000013,Meleagris_gallopavo_GENE_1224,Latimeria_chalumnae_GENE_1224
OG0000000,Meleagris_gallopavo_GENE_1433,Latimeria_chalumnae_GENE_1433
OG0000055,Meleagris_gallopavo_GENE_17,Latimeria_chalumnae_GENE_17
OG0000029,Meleagris_gallopavo_GENE_1724,Latimeria_chalumnae_GENE_1724
OG0000016,Meleagris_gallopavo_GENE_2244,Latimeria_chalumnae_GENE_2244
OG0000032,Meleagris_gallopavo_GENE_2274,Latimeria_chalumnae_GENE_2274
OG0000018,Meleagris_gallopavo_GENE_2772,Latimeria_chalumnae_GENE_2772
OG0000036,Meleagris_gallopavo_GENE_2869,Latimeria_chalumnae_GENE_2869
OG0000019,Meleagris_gallopavo_GENE_2903,Latimeria_chalumnae_GENE_2903
OG0000002,Meleagris_gallopavo_GENE_3026,Latimeria_chalumnae_GENE_3026
OG0000050,Meleagris_gallopavo_GENE_3210,Latimeria_chalumnae_GENE_3210
OG0000052,Meleagris_gallopavo_GENE_3317,Latimeria_chalumnae_GENE_3317
OG0000022,Meleagris_gallopavo_GENE_3508,Latimeria_chalumnae_GENE_3508
OG0000005,Meleagris_gallopavo_GENE_3570,Latimeria_chalumnae_GENE_3570
OG0000007,Meleagris_gallopavo_GENE_3907,Latimeria_chalumnae_GENE_3907
OG0000043,Meleagris_gallopavo_GENE_401,Latimeria_chalumnae_GENE_401
OG0000008,Meleagris_gallopavo_GENE_541,Latimeria_chalumnae_GENE_541
OG0000026,Meleagris_gallopavo_GENE_974,Latimeria_chalumnae_GENE_974
