Orthogroup,Meleagris,Takifugu
OG0000012,Meleagris_gallopavo_GENE_1206,Takifugu_rubripes_GENE_1206
OG0000000,Meleagris_gallopavo_GENE_1433,Takifugu_rubripes_GENE_1433
OG0000055,Meleagris_gallopavo_GENE_17,Takifugu_rubripes_GENE_17
OG0000016,Meleagris_gallopavo_GENE_2244,Takifugu_rubripes_GENE_2244
OG0000032,Meleagris_gallopavo_GENE_2274,Takifugu_rubripes_GENE_2274
OG0000035,Meleagris_gallopavo_GENE_2537,Takifugu_rubripes_GENE_2537
OG0000018,Meleagris_gallopavo_GENE_2772,Takifugu_rubripes_GENE_2772
OG0000036,Meleagris_gallopavo_GENE_2869,Takifugu_rubripes_GENE_2869
OG0000019,Meleagris_gallopavo_GENE_2903,Takifugu_rubripes_GENE_2903
OG0000002,Meleagris_gallopavo_GENE_3026,Takifugu_rubripes_GENE_3026
OG0000050,Meleagris_gallopavo_GENE_3210,Takifugu_rubripes_GENE_3210
OG0000052,Meleagris_gallopavo_GENE_3317,Takifugu_rubripes_GENE_3317
OG0000022,Meleagris_gallopavo_GENE_3508,Takifugu_rubripes_GENE_3508
OG0000005,Meleagris_gallopavo_GENE_3570,Takifugu_rubripes_GENE_3570
OG0000041,Meleagris_gallopavo_GENE_39,Takifugu_rubripes_GENE_39
OG0000007,Meleagris_gallopavo_GENE_3907,Takifugu_rubripes_GENE_3907
OG0000008,Meleagris_gallopavo_GENE_541,Takifugu_rubripes_GENE_541
OG0000026,Meleagris_gallopavo_GENE_974,Takifugu_rubripes_GENE_974
