Orthogroup,Meleagris,Gallus
OG0000010,Meleagris_gallopavo_GENE_1086,Gallus_gallus_GENE_1086
OG0000011,Meleagris_gallopavo_GENE_1093,Gallus_gallus_GENE_1093
OG0000027,Meleagris_gallopavo_GENE_1465,Gallus_gallus_GENE_1465
OG0000055,Meleagris_gallopavo_GENE_17,Gallus_gallus_GENE_17
OG0000029,Meleagris_gallopavo_GENE_1724,Gallus_gallus_GENE_1724
OG0000030,Meleagris_gallopavo_GENE_1984,Gallus_gallus_GENE_1984
OG0000031,Meleagris_gallopavo_GENE_2024,Gallus_gallus_GENE_2024
OG0000047,Meleagris_gallopavo_GENE_2063,Gallus_gallus_GENE_2063
OG0000015,Meleagris_gallopavo_GENE_2194,Gallus_gallus_GENE_2194
OG0000032,Meleagris_gallopavo_GENE_2274,Gallus_gallus_GENE_2274
OG0000034,Meleagris_gallopavo_GENE_248,Gallus_gallus_GENE_248
OG0000048,Meleagris_gallopavo_GENE_2498,Gallus_gallus_GENE_2498
OG0000035,Meleagris_gallopavo_GENE_2537,Gallus_gallus_GENE_2537
OG0000018,Meleagris_gallopavo_GENE_2772,Gallus_gallus_GENE_2772
OG0000036,Meleagris_gallopavo_GENE_2869,Gallus_gallus_GENE_2869
OG0000019,Meleagris_gallopavo_GENE_2903,Gallus_gallus_GENE_2903
OG0000002,Meleagris_gallopavo_GENE_3026,Gallus_gallus_GENE_3026
OG0000049,Meleagris_gallopavo_GENE_3058,Gallus_gallus_GENE_3058
OG0000038,Meleagris_gallopavo_GENE_3150,Gallus_gallus_GENE_3150
OG0000050,Meleagris_gallopavo_GENE_3210,Gallus_gallus_GENE_3210
OG0000039,Meleagris_gallopavo_GENE_3290,Gallus_gallus_GENE_3290
OG0000052,Meleagris_gallopavo_GENE_3317,Gallus_gallus_GENE_3317
OG0000004,Meleagris_gallopavo_GENE_343,Gallus_gallus_GENE_343
OG0000021,Meleagris_gallopavo_GENE_3458,Gallus_gallus_GENE_3458
OG0000022,Meleagris_gallopavo_GENE_3508,Gallus_gallus_GENE_3508
OG0000040,Meleagris_gallopavo_GENE_3515,Gallus_gallus_GENE_3515
OG0000005,Meleagris_gallopavo_GENE_3570,Gallus_gallus_GENE_3570
OG0000046,Meleagris_gallopavo_GENE_368,Gallus_gallus_GENE_368
OG0000006,Meleagris_gallopavo_GENE_3818,Gallus_gallus_GENE_3818
OG0000007,Meleagris_gallopavo_GENE_3907,Gallus_gallus_GENE_3907
OG0000042,Meleagris_gallopavo_GENE_3912,Gallus_gallus_GENE_3912
OG0000053,Meleagris_gallopavo_GENE_3913,Gallus_gallus_GENE_3913
OG0000043,Meleagris_gallopavo_GENE_401,Gallus_gallus_GENE_401
OG0000008,Meleagris_gallopavo_GENE_541,Gallus_gallus_GENE_541
OG0000044,Meleagris_gallopavo_GENE_583,Gallus_gallus_GENE_583
OG0000024,Meleagris_gallopavo_GENE_609,Gallus_gallus_GENE_609
OG0000025,Meleagris_gallopavo_GENE_697,Gallus_gallus_GENE_697
OG0000045,Meleagris_gallopavo_GENE_952,Gallus_gallus_GENE_952
OG0000026,Meleagris_gallopavo_GENE_974,Gallus_gallus_GENE_974
