Orthogroup,Meleagris,Ornithorhynchus
OG0000010,Meleagris_gallopavo_GENE_1086,Ornithorhynchus_anatinus_GENE_1086
OG0000027,Meleagris_gallopavo_GENE_1465,Ornithorhynchus_anatinus_GENE_1465
OG0000016,Meleagris_gallopavo_GENE_2244,Ornithorhynchus_anatinus_GENE_2244
OG0000048,Meleagris_gallopavo_GENE_2498,Ornithorhynchus_anatinus_GENE_2498
OG0000019,Meleagris_gallopavo_GENE_2903,Ornithorhynchus_anatinus_GENE_2903
OG0000051,Meleagris_gallopavo_GENE_3283,Ornithorhynchus_anatinus_GENE_3283
OG0000021,Meleagris_gallopavo_GENE_3458,Ornithorhynchus_anatinus_GENE_3458
OG0000046,Meleagris_gallopavo_GENE_368,Ornithorhynchus_anatinus_GENE_368
OG0000006,Meleagris_gallopavo_GENE_3818,Ornithorhynchus_anatinus_GENE_3818
OG0000041,Meleagris_gallopavo_GENE_39,Ornithorhynchus_anatinus_GENE_39
OG0000007,Meleagris_gallopavo_GENE_3907,Ornithorhynchus_anatinus_GENE_3907
OG0000043,Meleagris_gallopavo_GENE_401,Ornithorhynchus_anatinus_GENE_401
OG0000024,Meleagris_gallopavo_GENE_609,Ornithorhynchus_anatinus_GENE_609
OG0000009,Meleagris_gallopavo_GENE_730,Ornithorhynchus_anatinus_GENE_730
