Orthogroup,Meleagris,Anolis
OG0000010,Meleagris_gallopavo_GENE_1086,Anolis_carolinensis_GENE_1086
OG0000027,Meleagris_gallopavo_GENE_1465,Anolis_carolinensis_GENE_1465
OG0000029,Meleagris_gallopavo_GENE_1724,Anolis_carolinensis_GENE_1724
OG0000030,Meleagris_gallopavo_GENE_1984,Anolis_carolinensis_GENE_1984
OG0000031,Meleagris_gallopavo_GENE_2024,Anolis_carolinensis_GENE_2024
OG0000047,Meleagris_gallopavo_GENE_2063,Anolis_carolinensis_GENE_2063
OG0000016,Meleagris_gallopavo_GENE_2244,Anolis_carolinensis_GENE_2244
OG0000032,Meleagris_gallopavo_GENE_2274,Anolis_carolinensis_GENE_2274
OG0000048,Meleagris_gallopavo_GENE_2498,Anolis_carolinensis_GENE_2498
OG0000035,Meleagris_gallopavo_GENE_2537,Anolis_carolinensis_GENE_2537
OG0000019,Meleagris_gallopavo_GENE_2903,Anolis_carolinensis_GENE_2903
OG0000049,Meleagris_gallopavo_GENE_3058,Anolis_carolinensis_GENE_3058
OG0000050,Meleagris_gallopavo_GENE_3210,Anolis_carolinensis_GENE_3210
OG0000051,Meleagris_gallopavo_GENE_3283,Anolis_carolinensis_GENE_3283
OG0000039,Meleagris_gallopavo_GENE_3290,Anolis_carolinensis_GENE_3290
OG0000052,Meleagris_gallopavo_GENE_3317,Anolis_carolinensis_GENE_3317
OG0000021,Meleagris_gallopavo_GENE_3458,Anolis_carolinensis_GENE_3458
OG0000005,Meleagris_gallopavo_GENE_3570,Anolis_carolinensis_GENE_3570
OG0000041,Meleagris_gallopavo_GENE_39,Anolis_carolinensis_GENE_39
OG0000007,Meleagris_gallopavo_GENE_3907,Anolis_carolinensis_GENE_3907
OG0000053,Meleagris_gallopavo_GENE_3913,Anolis_carolinensis_GENE_3913
OG0000043,Meleagris_gallopavo_GENE_401,Anolis_carolinensis_GENE_401
OG0000024,Meleagris_gallopavo_GENE_609,Anolis_carolinensis_GENE_609
OG0000009,Meleagris_gallopavo_GENE_730,Anolis_carolinensis_GENE_730
