Orthogroup,Meleagris,Dasypus
OG0000010,Meleagris_gallopavo_GENE_1086,Dasypus_novemcinctus_GENE_1086
OG0000027,Meleagris_gallopavo_GENE_1465,Dasypus_novemcinctus_GENE_1465
OG0000031,Meleagris_gallopavo_GENE_2024,Dasypus_novemcinctus_GENE_2024
OG0000047,Meleagris_gallopavo_GENE_2063,Dasypus_novemcinctus_GENE_2063
OG0000016,Meleagris_gallopavo_GENE_2244,Dasypus_novemcinctus_GENE_2244
OG0000032,Meleagris_gallopavo_GENE_2274,Dasypus_novemcinctus_GENE_2274
OG0000001,Meleagris_gallopavo_GENE_2421,Dasypus_novemcinctus_GENE_2421
OG0000035,Meleagris_gallopavo_GENE_2537,Dasypus_novemcinctus_GENE_2537
OG0000036,Meleagris_gallopavo_GENE_2869,Dasypus_novemcinctus_GENE_2869
OG0000019,Meleagris_gallopavo_GENE_2903,Dasypus_novemcinctus_GENE_2903
OG0000039,Meleagris_gallopavo_GENE_3290,Dasypus_novemcinctus_GENE_3290
OG0000052,Meleagris_gallopavo_GENE_3317,Dasypus_novemcinctus_GENE_3317
OG0000021,Meleagris_gallopavo_GENE_3458,Dasypus_novemcinctus_GENE_3458
OG0000040,Meleagris_gallopavo_GENE_3515,Dasypus_novemcinctus_GENE_3515
OG0000006,Meleagris_gallopavo_GENE_3818,Dasypus_novemcinctus_GENE_3818
OG0000041,Meleagris_gallopavo_GENE_39,Dasypus_novemcinctus_GENE_39
OG0000007,Meleagris_gallopavo_GENE_3907,Dasypus_novemcinctus_GENE_3907
OG0000043,Meleagris_gallopavo_GENE_401,Dasypus_novemcinctus_GENE_401
OG0000024,Meleagris_gallopavo_GENE_609,Dasypus_novemcinctus_GENE_609
OG0000009,Meleagris_gallopavo_GENE_730,Dasypus_novemcinctus_GENE_730
OG0000026,Meleagris_gallopavo_GENE_974,Dasypus_novemcinctus_GENE_974
