Orthogroup,Meleagris,Taeniopygia
OG0000012,Meleagris_gallopavo_GENE_1206,Taeniopygia_guttata_GENE_1206
OG0000027,Meleagris_gallopavo_GENE_1465,Taeniopygia_guttata_GENE_1465
OG0000055,Meleagris_gallopavo_GENE_17,Taeniopygia_guttata_GENE_17
OG0000029,Meleagris_gallopavo_GENE_1724,Taeniopygia_guttata_GENE_1724
OG0000030,Meleagris_gallopavo_GENE_1984,Taeniopygia_guttata_GENE_1984
OG0000031,Meleagris_gallopavo_GENE_2024,Taeniopygia_guttata_GENE_2024
OG0000047,Meleagris_gallopavo_GENE_2063,Taeniopygia_guttata_GENE_2063
OG0000001,Meleagris_gallopavo_GENE_2421,Taeniopygia_guttata_GENE_2421
OG0000048,Meleagris_gallopavo_GENE_2498,Taeniopygia_guttata_GENE_2498
OG0000018,Meleagris_gallopavo_GENE_2772,Taeniopygia_guttata_GENE_2772
OG0000019,Meleagris_gallopavo_GENE_2903,Taeniopygia_guttata_GENE_2903
OG0000002,Meleagris_gallopavo_GENE_3026,Taeniopygia_guttata_GENE_3026
OG0000038,Meleagris_gallopavo_GENE_3150,Taeniopygia_guttata_GENE_3150
OG0000050,Meleagris_gallopavo_GENE_3210,Taeniopygia_guttata_GENE_3210
OG0000052,Meleagris_gallopavo_GENE_3317,Taeniopygia_guttata_GENE_3317
OG0000004,Meleagris_gallopavo_GENE_343,Taeniopygia_guttata_GENE_343
OG0000021,Meleagris_gallopavo_GENE_3458,Taeniopygia_guttata_GENE_3458
OG0000022,Meleagris_gallopavo_GENE_3508,Taeniopygia_guttata_GENE_3508
OG0000040,Meleagris_gallopavo_GENE_3515,Taeniopygia_guttata_GENE_3515
OG0000005,Meleagris_gallopavo_GENE_3570,Taeniopygia_guttata_GENE_3570
OG0000046,Meleagris_gallopavo_GENE_368,Taeniopygia_guttata_GENE_368
OG0000041,Meleagris_gallopavo_GENE_39,Taeniopygia_guttata_GENE_39
OG0000007,Meleagris_gallopavo_GENE_3907,Taeniopygia_guttata_GENE_3907
OG0000053,Meleagris_gallopavo_GENE_3913,Taeniopygia_guttata_GENE_3913
OG0000043,Meleagris_gallopavo_GENE_401,Taeniopygia_guttata_GENE_401
OG0000008,Meleagris_gallopavo_GENE_541,Taeniopygia_guttata_GENE_541
OG0000024,Meleagris_gallopavo_GENE_609,Taeniopygia_guttata_GENE_609
OG0000025,Meleagris_gallopavo_GENE_697,Taeniopygia_guttata_GENE_697
OG0000026,Meleagris_gallopavo_GENE_974,Taeniopygia_guttata_GENE_974
