Orthogroup,Meleagris,Callorhinchus
OG0000000,Meleagris_gallopavo_GENE_1433,Callorhinchus_milii_GENE_1433
OG0000055,Meleagris_gallopavo_GENE_17,Callorhinchus_milii_GENE_17
OG0000029,Meleagris_gallopavo_GENE_1724,Callorhinchus_milii_GENE_1724
OG0000016,Meleagris_gallopavo_GENE_2244,Callorhinchus_milii_GENE_2244
OG0000032,Meleagris_gallopavo_GENE_2274,Callorhinchus_milii_GENE_2274
OG0000018,Meleagris_gallopavo_GENE_2772,Callorhinchus_milii_GENE_2772
OG0000036,Meleagris_gallopavo_GENE_2869,Callorhinchus_milii_GENE_2869
OG0000019,Meleagris_gallopavo_GENE_2903,Callorhinchus_milii_GENE_2903
OG0000002,Meleagris_gallopavo_GENE_3026,Callorhinchus_milii_GENE_3026
OG0000038,Meleagris_gallopavo_GENE_3150,Callorhinchus_milii_GENE_3150
OG0000050,Meleagris_gallopavo_GENE_3210,Callorhinchus_milii_GENE_3210
OG0000052,Meleagris_gallopavo_GENE_3317,Callorhinchus_milii_GENE_3317
OG0000022,Meleagris_gallopavo_GENE_3508,Callorhinchus_milii_GENE_3508
OG0000005,Meleagris_gallopavo_GENE_3570,Callorhinchus_milii_GENE_3570
OG0000046,Meleagris_gallopavo_GENE_368,Callorhinchus_milii_GENE_368
OG0000006,Meleagris_gallopavo_GENE_3818,Callorhinchus_milii_GENE_3818
OG0000007,Meleagris_gallopavo_GENE_3907,Callorhinchus_milii_GENE_3907
OG0000043,Meleagris_gallopavo_GENE_401,Callorhinchus_milii_GENE_401
OG0000008,Meleagris_gallopavo_GENE_541,Callorhinchus_milii_GENE_541
OG0000009,Meleagris_gallopavo_GENE_730,Callorhinchus_milii_GENE_730
OG0000026,Meleagris_gallopavo_GENE_974,Callorhinchus_milii_GENE_974
