Orthogroup,Meleagris,Canis
OG0000010,Meleagris_gallopavo_GENE_1086,Canis_lupus_familiaris_GENE_1086
OG0000027,Meleagris_gallopavo_GENE_1465,Canis_lupus_familiaris_GENE_1465
OG0000031,Meleagris_gallopavo_GENE_2024,Canis_lupus_familiaris_GENE_2024
OG0000032,Meleagris_gallopavo_GENE_2274,Canis_lupus_familiaris_GENE_2274
OG0000001,Meleagris_gallopavo_GENE_2421,Canis_lupus_familiaris_GENE_2421
OG0000048,Meleagris_gallopavo_GENE_2498,Canis_lupus_familiaris_GENE_2498
OG0000035,Meleagris_gallopavo_GENE_2537,Canis_lupus_familiaris_GENE_2537
OG0000036,Meleagris_gallopavo_GENE_2869,Canis_lupus_familiaris_GENE_2869
OG0000019,Meleagris_gallopavo_GENE_2903,Canis_lupus_familiaris_GENE_2903
OG0000037,Meleagris_gallopavo_GENE_3089,Canis_lupus_familiaris_GENE_3089
OG0000050,Meleagris_gallopavo_GENE_3210,Canis_lupus_familiaris_GENE_3210
OG0000039,Meleagris_gallopavo_GENE_3290,Canis_lupus_familiaris_GENE_3290
OG0000021,Meleagris_gallopavo_GENE_3458,Canis_lupus_familiaris_GENE_3458
OG0000040,Meleagris_gallopavo_GENE_3515,Canis_lupus_familiaris_GENE_3515
OG0000006,Meleagris_gallopavo_GENE_3818,Canis_lupus_familiaris_GENE_3818
OG0000041,Meleagris_gallopavo_GENE_39,Canis_lupus_familiaris_GENE_39
OG0000007,Meleagris_gallopavo_GENE_3907,Canis_lupus_familiaris_GENE_3907
OG0000053,Meleagris_gallopavo_GENE_3913,Canis_lupus_familiaris_GENE_3913
OG0000043,Meleagris_gallopavo_GENE_401,Canis_lupus_familiaris_GENE_401
OG0000024,Meleagris_gallopavo_GENE_609,Canis_lupus_familiaris_GENE_609
OG0000009,Meleagris_gallopavo_GENE_730,Canis_lupus_familiaris_GENE_730
