Orthogroup,Meleagris,Mus
OG0000010,Meleagris_gallopavo_GENE_1086,Mus_musculus_GENE_1086
OG0000027,Meleagris_gallopavo_GENE_1465,Mus_musculus_GENE_1465
OG0000031,Meleagris_gallopavo_GENE_2024,Mus_musculus_GENE_2024
OG0000047,Meleagris_gallopavo_GENE_2063,Mus_musculus_GENE_2063
OG0000032,Meleagris_gallopavo_GENE_2274,Mus_musculus_GENE_2274
OG0000001,Meleagris_gallopavo_GENE_2421,Mus_musculus_GENE_2421
OG0000048,Meleagris_gallopavo_GENE_2498,Mus_musculus_GENE_2498
OG0000035,Meleagris_gallopavo_GENE_2537,Mus_musculus_GENE_2537
OG0000036,Meleagris_gallopavo_GENE_2869,Mus_musculus_GENE_2869
OG0000019,Meleagris_gallopavo_GENE_2903,Mus_musculus_GENE_2903
OG0000037,Meleagris_gallopavo_GENE_3089,Mus_musculus_GENE_3089
OG0000050,Meleagris_gallopavo_GENE_3210,Mus_musculus_GENE_3210
OG0000039,Meleagris_gallopavo_GENE_3290,Mus_musculus_GENE_3290
OG0000052,Meleagris_gallopavo_GENE_3317,Mus_musculus_GENE_3317
OG0000021,Meleagris_gallopavo_GENE_3458,Mus_musculus_GENE_3458
OG0000040,Meleagris_gallopavo_GENE_3515,Mus_musculus_GENE_3515
OG0000006,Meleagris_gallopavo_GENE_3818,Mus_musculus_GENE_3818
OG0000041,Meleagris_gallopavo_GENE_39,Mus_musculus_GENE_39
OG0000007,Meleagris_gallopavo_GENE_3907,Mus_musculus_GENE_3907
OG0000043,Meleagris_gallopavo_GENE_401,Mus_musculus_GENE_401
OG0000024,Meleagris_gallopavo_GENE_609,Mus_musculus_GENE_609
OG0000009,Meleagris_gallopavo_GENE_730,Mus_musculus_GENE_730
OG0000026,Meleagris_gallopavo_GENE_974,Mus_musculus_GENE_974
