Orthogroup,Meleagris,Macropus
OG0000000,Meleagris_gallopavo_GENE_1433,Macropus_eugenii_GENE_1433
OG0000027,Meleagris_gallopavo_GENE_1465,Macropus_eugenii_GENE_1465
OG0000055,Meleagris_gallopavo_GENE_17,Macropus_eugenii_GENE_17
OG0000029,Meleagris_gallopavo_GENE_1724,Macropus_eugenii_GENE_1724
OG0000047,Meleagris_gallopavo_GENE_2063,Macropus_eugenii_GENE_2063
OG0000032,Meleagris_gallopavo_GENE_2274,Macropus_eugenii_GENE_2274
OG0000001,Meleagris_gallopavo_GENE_2421,Macropus_eugenii_GENE_2421
OG0000033,Meleagris_gallopavo_GENE_2443,Macropus_eugenii_GENE_2443
OG0000048,Meleagris_gallopavo_GENE_2498,Macropus_eugenii_GENE_2498
OG0000035,Meleagris_gallopavo_GENE_2537,Macropus_eugenii_GENE_2537
OG0000036,Meleagris_gallopavo_GENE_2869,Macropus_eugenii_GENE_2869
OG0000019,Meleagris_gallopavo_GENE_2903,Macropus_eugenii_GENE_2903
OG0000037,Meleagris_gallopavo_GENE_3089,Macropus_eugenii_GENE_3089
OG0000050,Meleagris_gallopavo_GENE_3210,Macropus_eugenii_GENE_3210
OG0000039,Meleagris_gallopavo_GENE_3290,Macropus_eugenii_GENE_3290
OG0000052,Meleagris_gallopavo_GENE_3317,Macropus_eugenii_GENE_3317
OG0000021,Meleagris_gallopavo_GENE_3458,Macropus_eugenii_GENE_3458
OG0000040,Meleagris_gallopavo_GENE_3515,Macropus_eugenii_GENE_3515
OG0000006,Meleagris_gallopavo_GENE_3818,Macropus_eugenii_GENE_3818
OG0000007,Meleagris_gallopavo_GENE_3907,Macropus_eugenii_GENE_3907
OG0000043,Meleagris_gallopavo_GENE_401,Macropus_eugenii_GENE_401
OG0000024,Meleagris_gallopavo_GENE_609,Macropus_eugenii_GENE_609
OG0000009,Meleagris_gallopavo_GENE_730,Macropus_eugenii_GENE_730
