Orthogroup,Meleagris,Monodelphis
OG0000010,Meleagris_gallopavo_GENE_1086,Monodelphis_domestica_GENE_1086
OG0000027,Meleagris_gallopavo_GENE_1465,Monodelphis_domestica_GENE_1465
OG0000031,Meleagris_gallopavo_GENE_2024,Monodelphis_domestica_GENE_2024
OG0000047,Meleagris_gallopavo_GENE_2063,Monodelphis_domestica_GENE_2063
OG0000032,Meleagris_gallopavo_GENE_2274,Monodelphis_domestica_GENE_2274
OG0000048,Meleagris_gallopavo_GENE_2498,Monodelphis_domestica_GENE_2498
OG0000035,Meleagris_gallopavo_GENE_2537,Monodelphis_domestica_GENE_2537
OG0000018,Meleagris_gallopavo_GENE_2772,Monodelphis_domestica_GENE_2772
OG0000036,Meleagris_gallopavo_GENE_2869,Monodelphis_domestica_GENE_2869
OG0000037,Meleagris_gallopavo_GENE_3089,Monodelphis_domestica_GENE_3089
OG0000039,Meleagris_gallopavo_GENE_3290,Monodelphis_domestica_GENE_3290
OG0000052,Meleagris_gallopavo_GENE_3317,Monodelphis_domestica_GENE_3317
OG0000021,Meleagris_gallopavo_GENE_3458,Monodelphis_domestica_GENE_3458
OG0000040,Meleagris_gallopavo_GENE_3515,Monodelphis_domestica_GENE_3515
OG0000006,Meleagris_gallopavo_GENE_3818,Monodelphis_domestica_GENE_3818
OG0000041,Meleagris_gallopavo_GENE_39,Monodelphis_domestica_GENE_39
OG0000007,Meleagris_gallopavo_GENE_3907,Monodelphis_domestica_GENE_3907
OG0000043,Meleagris_gallopavo_GENE_401,Monodelphis_domestica_GENE_401
OG0000024,Meleagris_gallopavo_GENE_609,Monodelphis_domestica_GENE_609
OG0000009,Meleagris_gallopavo_GENE_730,Monodelphis_domestica_GENE_730
