Orthogroup,Mus,Macropus
OG0000012,Mus_musculus_GENE_1206,Macropus_eugenii_GENE_1206
OG0000013,Mus_musculus_GENE_1224,Macropus_eugenii_GENE_1224
OG0000027,Mus_musculus_GENE_1465,Macropus_eugenii_GENE_1465
OG0000014,Mus_musculus_GENE_1646,Macropus_eugenii_GENE_1646
OG0000047,Mus_musculus_GENE_2063,Macropus_eugenii_GENE_2063
OG0000015,Mus_musculus_GENE_2194,Macropus_eugenii_GENE_2194
OG0000032,Mus_musculus_GENE_2274,Macropus_eugenii_GENE_2274
OG0000001,Mus_musculus_GENE_2421,Macropus_eugenii_GENE_2421
OG0000048,Mus_musculus_GENE_2498,Macropus_eugenii_GENE_2498
OG0000035,Mus_musculus_GENE_2537,Macropus_eugenii_GENE_2537
OG0000019,Mus_musculus_GENE_2903,Macropus_eugenii_GENE_2903
OG0000037,Mus_musculus_GENE_3089,Macropus_eugenii_GENE_3089
OG0000050,Mus_musculus_GENE_3210,Macropus_eugenii_GENE_3210
OG0000052,Mus_musculus_GENE_3317,Macropus_eugenii_GENE_3317
OG0000004,Mus_musculus_GENE_343,Macropus_eugenii_GENE_343
OG0000021,Mus_musculus_GENE_3458,Macropus_eugenii_GENE_3458
OG0000022,Mus_musculus_GENE_3508,Macropus_eugenii_GENE_3508
OG0000040,Mus_musculus_GENE_3515,Macropus_eugenii_GENE_3515
OG0000046,Mus_musculus_GENE_368,Macropus_eugenii_GENE_368
OG0000006,Mus_musculus_GENE_3818,Macropus_eugenii_GENE_3818
OG0000042,Mus_musculus_GENE_3912,Macropus_eugenii_GENE_3912
OG0000043,Mus_musculus_GENE_401,Macropus_eugenii_GENE_401
OG0000044,Mus_musculus_GENE_583,Macropus_eugenii_GENE_583
OG0000054,Mus_musculus_GENE_634,Macropus_eugenii_GENE_634
OG0000009,Mus_musculus_GENE_730,Macropus_eugenii_GENE_730
