Orthogroup,Mus,Oreochromis
OG0000012,Mus_musculus_GENE_1206,Oreochromis_niloticus_GENE_1206
OG0000013,Mus_musculus_GENE_1224,Oreochromis_niloticus_GENE_1224
OG0000000,Mus_musculus_GENE_1433,Oreochromis_niloticus_GENE_1433
OG0000055,Mus_musculus_GENE_17,Oreochromis_niloticus_GENE_17
OG0000047,Mus_musculus_GENE_2063,Oreochromis_niloticus_GENE_2063
OG0000016,Mus_musculus_GENE_2244,Oreochromis_niloticus_GENE_2244
OG0000032,Mus_musculus_GENE_2274,Oreochromis_niloticus_GENE_2274
OG0000017,Mus_musculus_GENE_2459,Oreochromis_niloticus_GENE_2459
OG0000035,Mus_musculus_GENE_2537,Oreochromis_niloticus_GENE_2537
OG0000018,Mus_musculus_GENE_2772,Oreochromis_niloticus_GENE_2772
OG0000036,Mus_musculus_GENE_2869,Oreochromis_niloticus_GENE_2869
OG0000019,Mus_musculus_GENE_2903,Oreochromis_niloticus_GENE_2903
OG0000002,Mus_musculus_GENE_3026,Oreochromis_niloticus_GENE_3026
OG0000050,Mus_musculus_GENE_3210,Oreochromis_niloticus_GENE_3210
OG0000052,Mus_musculus_GENE_3317,Oreochromis_niloticus_GENE_3317
OG0000041,Mus_musculus_GENE_39,Oreochromis_niloticus_GENE_39
OG0000007,Mus_musculus_GENE_3907,Oreochromis_niloticus_GENE_3907
OG0000008,Mus_musculus_GENE_541,Oreochromis_niloticus_GENE_541
OG0000054,Mus_musculus_GENE_634,Oreochromis_niloticus_GENE_634
OG0000026,Mus_musculus_GENE_974,Oreochromis_niloticus_GENE_974
