Orthogroup,Mus,Canis
OG0000012,Mus_musculus_GENE_1206,Canis_lupus_familiaris_GENE_1206
OG0000027,Mus_musculus_GENE_1465,Canis_lupus_familiaris_GENE_1465
OG0000014,Mus_musculus_GENE_1646,Canis_lupus_familiaris_GENE_1646
OG0000055,Mus_musculus_GENE_17,Canis_lupus_familiaris_GENE_17
OG0000029,Mus_musculus_GENE_1724,Canis_lupus_familiaris_GENE_1724
OG0000030,Mus_musculus_GENE_1984,Canis_lupus_familiaris_GENE_1984
OG0000031,Mus_musculus_GENE_2024,Canis_lupus_familiaris_GENE_2024
OG0000015,Mus_musculus_GENE_2194,Canis_lupus_familiaris_GENE_2194
OG0000032,Mus_musculus_GENE_2274,Canis_lupus_familiaris_GENE_2274
OG0000048,Mus_musculus_GENE_2498,Canis_lupus_familiaris_GENE_2498
OG0000035,Mus_musculus_GENE_2537,Canis_lupus_familiaris_GENE_2537
OG0000018,Mus_musculus_GENE_2772,Canis_lupus_familiaris_GENE_2772
OG0000019,Mus_musculus_GENE_2903,Canis_lupus_familiaris_GENE_2903
OG0000002,Mus_musculus_GENE_3026,Canis_lupus_familiaris_GENE_3026
OG0000049,Mus_musculus_GENE_3058,Canis_lupus_familiaris_GENE_3058
OG0000038,Mus_musculus_GENE_3150,Canis_lupus_familiaris_GENE_3150
OG0000050,Mus_musculus_GENE_3210,Canis_lupus_familiaris_GENE_3210
OG0000039,Mus_musculus_GENE_3290,Canis_lupus_familiaris_GENE_3290
OG0000004,Mus_musculus_GENE_343,Canis_lupus_familiaris_GENE_343
OG0000021,Mus_musculus_GENE_3458,Canis_lupus_familiaris_GENE_3458
OG0000022,Mus_musculus_GENE_3508,Canis_lupus_familiaris_GENE_3508
OG0000040,Mus_musculus_GENE_3515,Canis_lupus_familiaris_GENE_3515
OG0000046,Mus_musculus_GENE_368,Canis_lupus_familiaris_GENE_368
OG0000006,Mus_musculus_GENE_3818,Canis_lupus_familiaris_GENE_3818
OG0000042,Mus_musculus_GENE_3912,Canis_lupus_familiaris_GENE_3912
OG0000043,Mus_musculus_GENE_401,Canis_lupus_familiaris_GENE_401
OG0000008,Mus_musculus_GENE_541,Canis_lupus_familiaris_GENE_541
OG0000044,Mus_musculus_GENE_583,Canis_lupus_familiaris_GENE_583
OG0000024,Mus_musculus_GENE_609,Canis_lupus_familiaris_GENE_609
OG0000009,Mus_musculus_GENE_730,Canis_lupus_familiaris_GENE_730
OG0000045,Mus_musculus_GENE_952,Canis_lupus_familiaris_GENE_952
