Orthogroup,Mus,Taeniopygia
OG0000027,Mus_musculus_GENE_1465,Taeniopygia_guttata_GENE_1465
OG0000031,Mus_musculus_GENE_2024,Taeniopygia_guttata_GENE_2024
OG0000047,Mus_musculus_GENE_2063,Taeniopygia_guttata_GENE_2063
OG0000001,Mus_musculus_GENE_2421,Taeniopygia_guttata_GENE_2421
OG0000017,Mus_musculus_GENE_2459,Taeniopygia_guttata_GENE_2459
OG0000048,Mus_musculus_GENE_2498,Taeniopygia_guttata_GENE_2498
OG0000019,Mus_musculus_GENE_2903,Taeniopygia_guttata_GENE_2903
OG0000037,Mus_musculus_GENE_3089,Taeniopygia_guttata_GENE_3089
OG0000050,Mus_musculus_GENE_3210,Taeniopygia_guttata_GENE_3210
OG0000052,Mus_musculus_GENE_3317,Taeniopygia_guttata_GENE_3317
OG0000021,Mus_musculus_GENE_3458,Taeniopygia_guttata_GENE_3458
OG0000040,Mus_musculus_GENE_3515,Taeniopygia_guttata_GENE_3515
OG0000006,Mus_musculus_GENE_3818,Taeniopygia_guttata_GENE_3818
OG0000041,Mus_musculus_GENE_39,Taeniopygia_guttata_GENE_39
OG0000007,Mus_musculus_GENE_3907,Taeniopygia_guttata_GENE_3907
OG0000023,Mus_musculus_GENE_3942,Taeniopygia_guttata_GENE_3942
OG0000043,Mus_musculus_GENE_401,Taeniopygia_guttata_GENE_401
OG0000044,Mus_musculus_GENE_583,Taeniopygia_guttata_GENE_583
OG0000024,Mus_musculus_GENE_609,Taeniopygia_guttata_GENE_609
OG0000009,Mus_musculus_GENE_730,Taeniopygia_guttata_GENE_730
OG0000026,Mus_musculus_GENE_974,Taeniopygia_guttata_GENE_974
