Orthogroup,Mus,Loxodonta
OG0000010,Mus_musculus_GENE_1086,Loxodonta_africana_GENE_1086
OG0000012,Mus_musculus_GENE_1206,Loxodonta_africana_GENE_1206
OG0000027,Mus_musculus_GENE_1465,Loxodonta_africana_GENE_1465
OG0000014,Mus_musculus_GENE_1646,Loxodonta_africana_GENE_1646
OG0000055,Mus_musculus_GENE_17,Loxodonta_africana_GENE_17
OG0000029,Mus_musculus_GENE_1724,Loxodonta_africana_GENE_1724
OG0000031,Mus_musculus_GENE_2024,Loxodonta_africana_GENE_2024
OG0000047,Mus_musculus_GENE_2063,Loxodonta_africana_GENE_2063
OG0000015,Mus_musculus_GENE_2194,Loxodonta_africana_GENE_2194
OG0000016,Mus_musculus_GENE_2244,Loxodonta_africana_GENE_2244
OG0000032,Mus_musculus_GENE_2274,Loxodonta_africana_GENE_2274
OG0000048,Mus_musculus_GENE_2498,Loxodonta_africana_GENE_2498
OG0000035,Mus_musculus_GENE_2537,Loxodonta_africana_GENE_2537
OG0000018,Mus_musculus_GENE_2772,Loxodonta_africana_GENE_2772
OG0000019,Mus_musculus_GENE_2903,Loxodonta_africana_GENE_2903
OG0000002,Mus_musculus_GENE_3026,Loxodonta_africana_GENE_3026
OG0000049,Mus_musculus_GENE_3058,Loxodonta_africana_GENE_3058
OG0000052,Mus_musculus_GENE_3317,Loxodonta_africana_GENE_3317
OG0000003,Mus_musculus_GENE_3380,Loxodonta_africana_GENE_3380
OG0000004,Mus_musculus_GENE_343,Loxodonta_africana_GENE_343
OG0000021,Mus_musculus_GENE_3458,Loxodonta_africana_GENE_3458
OG0000022,Mus_musculus_GENE_3508,Loxodonta_africana_GENE_3508
OG0000006,Mus_musculus_GENE_3818,Loxodonta_africana_GENE_3818
OG0000042,Mus_musculus_GENE_3912,Loxodonta_africana_GENE_3912
OG0000053,Mus_musculus_GENE_3913,Loxodonta_africana_GENE_3913
OG0000023,Mus_musculus_GENE_3942,Loxodonta_africana_GENE_3942
OG0000043,Mus_musculus_GENE_401,Loxodonta_africana_GENE_401
OG0000008,Mus_musculus_GENE_541,Loxodonta_africana_GENE_541
OG0000044,Mus_musculus_GENE_583,Loxodonta_africana_GENE_583
OG0000024,Mus_musculus_GENE_609,Loxodonta_africana_GENE_609
OG0000009,Mus_musculus_GENE_730,Loxodonta_africana_GENE_730
OG0000026,Mus_musculus_GENE_974,Loxodonta_africana_GENE_974
