Orthogroup,Mus,Monodelphis
OG0000012,Mus_musculus_GENE_1206,Monodelphis_domestica_GENE_1206
OG0000013,Mus_musculus_GENE_1224,Monodelphis_domestica_GENE_1224
OG0000027,Mus_musculus_GENE_1465,Monodelphis_domestica_GENE_1465
OG0000014,Mus_musculus_GENE_1646,Monodelphis_domestica_GENE_1646
OG0000031,Mus_musculus_GENE_2024,Monodelphis_domestica_GENE_2024
OG0000047,Mus_musculus_GENE_2063,Monodelphis_domestica_GENE_2063
OG0000015,Mus_musculus_GENE_2194,Monodelphis_domestica_GENE_2194
OG0000032,Mus_musculus_GENE_2274,Monodelphis_domestica_GENE_2274
OG0000017,Mus_musculus_GENE_2459,Monodelphis_domestica_GENE_2459
OG0000048,Mus_musculus_GENE_2498,Monodelphis_domestica_GENE_2498
OG0000035,Mus_musculus_GENE_2537,Monodelphis_domestica_GENE_2537
OG0000037,Mus_musculus_GENE_3089,Monodelphis_domestica_GENE_3089
OG0000052,Mus_musculus_GENE_3317,Monodelphis_domestica_GENE_3317
OG0000004,Mus_musculus_GENE_343,Monodelphis_domestica_GENE_343
OG0000021,Mus_musculus_GENE_3458,Monodelphis_domestica_GENE_3458
OG0000022,Mus_musculus_GENE_3508,Monodelphis_domestica_GENE_3508
OG0000046,Mus_musculus_GENE_368,Monodelphis_domestica_GENE_368
OG0000006,Mus_musculus_GENE_3818,Monodelphis_domestica_GENE_3818
OG0000041,Mus_musculus_GENE_39,Monodelphis_domestica_GENE_39
OG0000053,Mus_musculus_GENE_3913,Monodelphis_domestica_GENE_3913
OG0000043,Mus_musculus_GENE_401,Monodelphis_domestica_GENE_401
OG0000054,Mus_musculus_GENE_634,Monodelphis_domestica_GENE_634
OG0000009,Mus_musculus_GENE_730,Monodelphis_domestica_GENE_730
