Orthogroup,Xenopus,Neoceratodus
OG0000012,Xenopus_Silurana_tropicalis_GENE_1206,Neoceratodus_forsteri_GENE_1206
OG0000027,Xenopus_Silurana_tropicalis_GENE_1465,Neoceratodus_forsteri_GENE_1465
OG0000055,Xenopus_Silurana_tropicalis_GENE_17,Neoceratodus_forsteri_GENE_17
OG0000016,Xenopus_Silurana_tropicalis_GENE_2244,Neoceratodus_forsteri_GENE_2244
OG0000048,Xenopus_Silurana_tropicalis_GENE_2498,Neoceratodus_forsteri_GENE_2498
OG0000018,Xenopus_Silurana_tropicalis_GENE_2772,Neoceratodus_forsteri_GENE_2772
OG0000036,Xenopus_Silurana_tropicalis_GENE_2869,Neoceratodus_forsteri_GENE_2869
OG0000019,Xenopus_Silurana_tropicalis_GENE_2903,Neoceratodus_forsteri_GENE_2903
OG0000002,Xenopus_Silurana_tropicalis_GENE_3026,Neoceratodus_forsteri_GENE_3026
OG0000050,Xenopus_Silurana_tropicalis_GENE_3210,Neoceratodus_forsteri_GENE_3210
OG0000043,Xenopus_Silurana_tropicalis_GENE_401,Neoceratodus_forsteri_GENE_401
OG0000026,Xenopus_Silurana_tropicalis_GENE_974,Neoceratodus_forsteri_GENE_974
