Orthogroup,Xenopus,Ornithorhynchus
OG0000010,Xenopus_Silurana_tropicalis_GENE_1086,Ornithorhynchus_anatinus_GENE_1086
OG0000011,Xenopus_Silurana_tropicalis_GENE_1093,Ornithorhynchus_anatinus_GENE_1093
OG0000000,Xenopus_Silurana_tropicalis_GENE_1433,Ornithorhynchus_anatinus_GENE_1433
OG0000027,Xenopus_Silurana_tropicalis_GENE_1465,Ornithorhynchus_anatinus_GENE_1465
OG0000029,Xenopus_Silurana_tropicalis_GENE_1724,Ornithorhynchus_anatinus_GENE_1724
OG0000047,Xenopus_Silurana_tropicalis_GENE_2063,Ornithorhynchus_anatinus_GENE_2063
OG0000016,Xenopus_Silurana_tropicalis_GENE_2244,Ornithorhynchus_anatinus_GENE_2244
OG0000034,Xenopus_Silurana_tropicalis_GENE_248,Ornithorhynchus_anatinus_GENE_248
OG0000048,Xenopus_Silurana_tropicalis_GENE_2498,Ornithorhynchus_anatinus_GENE_2498
OG0000019,Xenopus_Silurana_tropicalis_GENE_2903,Ornithorhynchus_anatinus_GENE_2903
OG0000002,Xenopus_Silurana_tropicalis_GENE_3026,Ornithorhynchus_anatinus_GENE_3026
OG0000038,Xenopus_Silurana_tropicalis_GENE_3150,Ornithorhynchus_anatinus_GENE_3150
OG0000050,Xenopus_Silurana_tropicalis_GENE_3210,Ornithorhynchus_anatinus_GENE_3210
OG0000021,Xenopus_Silurana_tropicalis_GENE_3458,Ornithorhynchus_anatinus_GENE_3458
OG0000007,Xenopus_Silurana_tropicalis_GENE_3907,Ornithorhynchus_anatinus_GENE_3907
OG0000042,Xenopus_Silurana_tropicalis_GENE_3912,Ornithorhynchus_anatinus_GENE_3912
OG0000053,Xenopus_Silurana_tropicalis_GENE_3913,Ornithorhynchus_anatinus_GENE_3913
OG0000043,Xenopus_Silurana_tropicalis_GENE_401,Ornithorhynchus_anatinus_GENE_401
OG0000008,Xenopus_Silurana_tropicalis_GENE_541,Ornithorhynchus_anatinus_GENE_541
OG0000054,Xenopus_Silurana_tropicalis_GENE_634,Ornithorhynchus_anatinus_GENE_634
OG0000009,Xenopus_Silurana_tropicalis_GENE_730,Ornithorhynchus_anatinus_GENE_730
OG0000045,Xenopus_Silurana_tropicalis_GENE_952,Ornithorhynchus_anatinus_GENE_952
OG0000026,Xenopus_Silurana_tropicalis_GENE_974,Ornithorhynchus_anatinus_GENE_974
