Orthogroup,Xenopus,Monodelphis
OG0000010,Xenopus_Silurana_tropicalis_GENE_1086,Monodelphis_domestica_GENE_1086
OG0000011,Xenopus_Silurana_tropicalis_GENE_1093,Monodelphis_domestica_GENE_1093
OG0000000,Xenopus_Silurana_tropicalis_GENE_1433,Monodelphis_domestica_GENE_1433
OG0000027,Xenopus_Silurana_tropicalis_GENE_1465,Monodelphis_domestica_GENE_1465
OG0000029,Xenopus_Silurana_tropicalis_GENE_1724,Monodelphis_domestica_GENE_1724
OG0000031,Xenopus_Silurana_tropicalis_GENE_2024,Monodelphis_domestica_GENE_2024
OG0000047,Xenopus_Silurana_tropicalis_GENE_2063,Monodelphis_domestica_GENE_2063
OG0000016,Xenopus_Silurana_tropicalis_GENE_2244,Monodelphis_domestica_GENE_2244
OG0000032,Xenopus_Silurana_tropicalis_GENE_2274,Monodelphis_domestica_GENE_2274
OG0000034,Xenopus_Silurana_tropicalis_GENE_248,Monodelphis_domestica_GENE_248
OG0000048,Xenopus_Silurana_tropicalis_GENE_2498,Monodelphis_domestica_GENE_2498
OG0000035,Xenopus_Silurana_tropicalis_GENE_2537,Monodelphis_domestica_GENE_2537
OG0000018,Xenopus_Silurana_tropicalis_GENE_2772,Monodelphis_domestica_GENE_2772
OG0000036,Xenopus_Silurana_tropicalis_GENE_2869,Monodelphis_domestica_GENE_2869
OG0000002,Xenopus_Silurana_tropicalis_GENE_3026,Monodelphis_domestica_GENE_3026
OG0000049,Xenopus_Silurana_tropicalis_GENE_3058,Monodelphis_domestica_GENE_3058
OG0000037,Xenopus_Silurana_tropicalis_GENE_3089,Monodelphis_domestica_GENE_3089
OG0000039,Xenopus_Silurana_tropicalis_GENE_3290,Monodelphis_domestica_GENE_3290
OG0000021,Xenopus_Silurana_tropicalis_GENE_3458,Monodelphis_domestica_GENE_3458
OG0000007,Xenopus_Silurana_tropicalis_GENE_3907,Monodelphis_domestica_GENE_3907
OG0000042,Xenopus_Silurana_tropicalis_GENE_3912,Monodelphis_domestica_GENE_3912
OG0000043,Xenopus_Silurana_tropicalis_GENE_401,Monodelphis_domestica_GENE_401
OG0000008,Xenopus_Silurana_tropicalis_GENE_541,Monodelphis_domestica_GENE_541
OG0000044,Xenopus_Silurana_tropicalis_GENE_583,Monodelphis_domestica_GENE_583
OG0000054,Xenopus_Silurana_tropicalis_GENE_634,Monodelphis_domestica_GENE_634
OG0000009,Xenopus_Silurana_tropicalis_GENE_730,Monodelphis_domestica_GENE_730
OG0000045,Xenopus_Silurana_tropicalis_GENE_952,Monodelphis_domestica_GENE_952
OG0000026,Xenopus_Silurana_tropicalis_GENE_974,Monodelphis_domestica_GENE_974
