Orthogroup,Xenopus,Danio
OG0000055,Xenopus_Silurana_tropicalis_GENE_17,Danio_rerio_GENE_17
OG0000047,Xenopus_Silurana_tropicalis_GENE_2063,Danio_rerio_GENE_2063
OG0000016,Xenopus_Silurana_tropicalis_GENE_2244,Danio_rerio_GENE_2244
OG0000048,Xenopus_Silurana_tropicalis_GENE_2498,Danio_rerio_GENE_2498
OG0000035,Xenopus_Silurana_tropicalis_GENE_2537,Danio_rerio_GENE_2537
OG0000019,Xenopus_Silurana_tropicalis_GENE_2903,Danio_rerio_GENE_2903
OG0000050,Xenopus_Silurana_tropicalis_GENE_3210,Danio_rerio_GENE_3210
OG0000006,Xenopus_Silurana_tropicalis_GENE_3818,Danio_rerio_GENE_3818
OG0000043,Xenopus_Silurana_tropicalis_GENE_401,Danio_rerio_GENE_401
