Orthogroup,Xenopus,Oreochromis
OG0000055,Xenopus_Silurana_tropicalis_GENE_17,Oreochromis_niloticus_GENE_17
OG0000047,Xenopus_Silurana_tropicalis_GENE_2063,Oreochromis_niloticus_GENE_2063
OG0000016,Xenopus_Silurana_tropicalis_GENE_2244,Oreochromis_niloticus_GENE_2244
OG0000035,Xenopus_Silurana_tropicalis_GENE_2537,Oreochromis_niloticus_GENE_2537
OG0000018,Xenopus_Silurana_tropicalis_GENE_2772,Oreochromis_niloticus_GENE_2772
OG0000019,Xenopus_Silurana_tropicalis_GENE_2903,Oreochromis_niloticus_GENE_2903
OG0000050,Xenopus_Silurana_tropicalis_GENE_3210,Oreochromis_niloticus_GENE_3210
OG0000022,Xenopus_Silurana_tropicalis_GENE_3508,Oreochromis_niloticus_GENE_3508
OG0000006,Xenopus_Silurana_tropicalis_GENE_3818,Oreochromis_niloticus_GENE_3818
