Orthogroup,Xenopus,Pelodiscus
OG0000010,Xenopus_Silurana_tropicalis_GENE_1086,Pelodiscus_sinensis_GENE_1086
OG0000011,Xenopus_Silurana_tropicalis_GENE_1093,Pelodiscus_sinensis_GENE_1093
OG0000000,Xenopus_Silurana_tropicalis_GENE_1433,Pelodiscus_sinensis_GENE_1433
OG0000027,Xenopus_Silurana_tropicalis_GENE_1465,Pelodiscus_sinensis_GENE_1465
OG0000055,Xenopus_Silurana_tropicalis_GENE_17,Pelodiscus_sinensis_GENE_17
OG0000029,Xenopus_Silurana_tropicalis_GENE_1724,Pelodiscus_sinensis_GENE_1724
OG0000030,Xenopus_Silurana_tropicalis_GENE_1984,Pelodiscus_sinensis_GENE_1984
OG0000047,Xenopus_Silurana_tropicalis_GENE_2063,Pelodiscus_sinensis_GENE_2063
OG0000015,Xenopus_Silurana_tropicalis_GENE_2194,Pelodiscus_sinensis_GENE_2194
OG0000016,Xenopus_Silurana_tropicalis_GENE_2244,Pelodiscus_sinensis_GENE_2244
OG0000032,Xenopus_Silurana_tropicalis_GENE_2274,Pelodiscus_sinensis_GENE_2274
OG0000048,Xenopus_Silurana_tropicalis_GENE_2498,Pelodiscus_sinensis_GENE_2498
OG0000035,Xenopus_Silurana_tropicalis_GENE_2537,Pelodiscus_sinensis_GENE_2537
OG0000018,Xenopus_Silurana_tropicalis_GENE_2772,Pelodiscus_sinensis_GENE_2772
OG0000036,Xenopus_Silurana_tropicalis_GENE_2869,Pelodiscus_sinensis_GENE_2869
OG0000019,Xenopus_Silurana_tropicalis_GENE_2903,Pelodiscus_sinensis_GENE_2903
OG0000002,Xenopus_Silurana_tropicalis_GENE_3026,Pelodiscus_sinensis_GENE_3026
OG0000049,Xenopus_Silurana_tropicalis_GENE_3058,Pelodiscus_sinensis_GENE_3058
OG0000037,Xenopus_Silurana_tropicalis_GENE_3089,Pelodiscus_sinensis_GENE_3089
OG0000038,Xenopus_Silurana_tropicalis_GENE_3150,Pelodiscus_sinensis_GENE_3150
OG0000050,Xenopus_Silurana_tropicalis_GENE_3210,Pelodiscus_sinensis_GENE_3210
OG0000039,Xenopus_Silurana_tropicalis_GENE_3290,Pelodiscus_sinensis_GENE_3290
OG0000021,Xenopus_Silurana_tropicalis_GENE_3458,Pelodiscus_sinensis_GENE_3458
OG0000005,Xenopus_Silurana_tropicalis_GENE_3570,Pelodiscus_sinensis_GENE_3570
OG0000007,Xenopus_Silurana_tropicalis_GENE_3907,Pelodiscus_sinensis_GENE_3907
OG0000053,Xenopus_Silurana_tropicalis_GENE_3913,Pelodiscus_sinensis_GENE_3913
OG0000043,Xenopus_Silurana_tropicalis_GENE_401,Pelodiscus_sinensis_GENE_401
OG0000008,Xenopus_Silurana_tropicalis_GENE_541,Pelodiscus_sinensis_GENE_541
OG0000044,Xenopus_Silurana_tropicalis_GENE_583,Pelodiscus_sinensis_GENE_583
OG0000054,Xenopus_Silurana_tropicalis_GENE_634,Pelodiscus_sinensis_GENE_634
OG0000009,Xenopus_Silurana_tropicalis_GENE_730,Pelodiscus_sinensis_GENE_730
OG0000045,Xenopus_Silurana_tropicalis_GENE_952,Pelodiscus_sinensis_GENE_952
OG0000026,Xenopus_Silurana_tropicalis_GENE_974,Pelodiscus_sinensis_GENE_974
