Orthogroup,Xenopus,Lepisosteus
OG0000055,Xenopus_Silurana_tropicalis_GENE_17,Lepisosteus_oculatus_GENE_17
OG0000047,Xenopus_Silurana_tropicalis_GENE_2063,Lepisosteus_oculatus_GENE_2063
OG0000016,Xenopus_Silurana_tropicalis_GENE_2244,Lepisosteus_oculatus_GENE_2244
OG0000048,Xenopus_Silurana_tropicalis_GENE_2498,Lepisosteus_oculatus_GENE_2498
OG0000035,Xenopus_Silurana_tropicalis_GENE_2537,Lepisosteus_oculatus_GENE_2537
OG0000018,Xenopus_Silurana_tropicalis_GENE_2772,Lepisosteus_oculatus_GENE_2772
OG0000019,Xenopus_Silurana_tropicalis_GENE_2903,Lepisosteus_oculatus_GENE_2903
OG0000022,Xenopus_Silurana_tropicalis_GENE_3508,Lepisosteus_oculatus_GENE_3508
OG0000006,Xenopus_Silurana_tropicalis_GENE_3818,Lepisosteus_oculatus_GENE_3818
OG0000043,Xenopus_Silurana_tropicalis_GENE_401,Lepisosteus_oculatus_GENE_401
