Orthogroup,Xenopus,Dasypus
OG0000010,Xenopus_Silurana_tropicalis_GENE_1086,Dasypus_novemcinctus_GENE_1086
OG0000000,Xenopus_Silurana_tropicalis_GENE_1433,Dasypus_novemcinctus_GENE_1433
OG0000027,Xenopus_Silurana_tropicalis_GENE_1465,Dasypus_novemcinctus_GENE_1465
OG0000055,Xenopus_Silurana_tropicalis_GENE_17,Dasypus_novemcinctus_GENE_17
OG0000029,Xenopus_Silurana_tropicalis_GENE_1724,Dasypus_novemcinctus_GENE_1724
OG0000031,Xenopus_Silurana_tropicalis_GENE_2024,Dasypus_novemcinctus_GENE_2024
OG0000047,Xenopus_Silurana_tropicalis_GENE_2063,Dasypus_novemcinctus_GENE_2063
OG0000016,Xenopus_Silurana_tropicalis_GENE_2244,Dasypus_novemcinctus_GENE_2244
OG0000032,Xenopus_Silurana_tropicalis_GENE_2274,Dasypus_novemcinctus_GENE_2274
OG0000017,Xenopus_Silurana_tropicalis_GENE_2459,Dasypus_novemcinctus_GENE_2459
OG0000035,Xenopus_Silurana_tropicalis_GENE_2537,Dasypus_novemcinctus_GENE_2537
OG0000018,Xenopus_Silurana_tropicalis_GENE_2772,Dasypus_novemcinctus_GENE_2772
OG0000036,Xenopus_Silurana_tropicalis_GENE_2869,Dasypus_novemcinctus_GENE_2869
OG0000019,Xenopus_Silurana_tropicalis_GENE_2903,Dasypus_novemcinctus_GENE_2903
OG0000002,Xenopus_Silurana_tropicalis_GENE_3026,Dasypus_novemcinctus_GENE_3026
OG0000049,Xenopus_Silurana_tropicalis_GENE_3058,Dasypus_novemcinctus_GENE_3058
OG0000038,Xenopus_Silurana_tropicalis_GENE_3150,Dasypus_novemcinctus_GENE_3150
OG0000039,Xenopus_Silurana_tropicalis_GENE_3290,Dasypus_novemcinctus_GENE_3290
OG0000021,Xenopus_Silurana_tropicalis_GENE_3458,Dasypus_novemcinctus_GENE_3458
OG0000007,Xenopus_Silurana_tropicalis_GENE_3907,Dasypus_novemcinctus_GENE_3907
OG0000042,Xenopus_Silurana_tropicalis_GENE_3912,Dasypus_novemcinctus_GENE_3912
OG0000043,Xenopus_Silurana_tropicalis_GENE_401,Dasypus_novemcinctus_GENE_401
OG0000008,Xenopus_Silurana_tropicalis_GENE_541,Dasypus_novemcinctus_GENE_541
OG0000044,Xenopus_Silurana_tropicalis_GENE_583,Dasypus_novemcinctus_GENE_583
OG0000054,Xenopus_Silurana_tropicalis_GENE_634,Dasypus_novemcinctus_GENE_634
OG0000009,Xenopus_Silurana_tropicalis_GENE_730,Dasypus_novemcinctus_GENE_730
OG0000045,Xenopus_Silurana_tropicalis_GENE_952,Dasypus_novemcinctus_GENE_952
OG0000026,Xenopus_Silurana_tropicalis_GENE_974,Dasypus_novemcinctus_GENE_974
