Orthogroup,Xenopus,Gallus
OG0000010,Xenopus_Silurana_tropicalis_GENE_1086,Gallus_gallus_GENE_1086
OG0000011,Xenopus_Silurana_tropicalis_GENE_1093,Gallus_gallus_GENE_1093
OG0000000,Xenopus_Silurana_tropicalis_GENE_1433,Gallus_gallus_GENE_1433
OG0000027,Xenopus_Silurana_tropicalis_GENE_1465,Gallus_gallus_GENE_1465
OG0000055,Xenopus_Silurana_tropicalis_GENE_17,Gallus_gallus_GENE_17
OG0000029,Xenopus_Silurana_tropicalis_GENE_1724,Gallus_gallus_GENE_1724
OG0000030,Xenopus_Silurana_tropicalis_GENE_1984,Gallus_gallus_GENE_1984
OG0000031,Xenopus_Silurana_tropicalis_GENE_2024,Gallus_gallus_GENE_2024
OG0000047,Xenopus_Silurana_tropicalis_GENE_2063,Gallus_gallus_GENE_2063
OG0000015,Xenopus_Silurana_tropicalis_GENE_2194,Gallus_gallus_GENE_2194
OG0000016,Xenopus_Silurana_tropicalis_GENE_2244,Gallus_gallus_GENE_2244
OG0000032,Xenopus_Silurana_tropicalis_GENE_2274,Gallus_gallus_GENE_2274
OG0000048,Xenopus_Silurana_tropicalis_GENE_2498,Gallus_gallus_GENE_2498
OG0000035,Xenopus_Silurana_tropicalis_GENE_2537,Gallus_gallus_GENE_2537
OG0000018,Xenopus_Silurana_tropicalis_GENE_2772,Gallus_gallus_GENE_2772
OG0000036,Xenopus_Silurana_tropicalis_GENE_2869,Gallus_gallus_GENE_2869
OG0000019,Xenopus_Silurana_tropicalis_GENE_2903,Gallus_gallus_GENE_2903
OG0000002,Xenopus_Silurana_tropicalis_GENE_3026,Gallus_gallus_GENE_3026
OG0000049,Xenopus_Silurana_tropicalis_GENE_3058,Gallus_gallus_GENE_3058
OG0000037,Xenopus_Silurana_tropicalis_GENE_3089,Gallus_gallus_GENE_3089
OG0000038,Xenopus_Silurana_tropicalis_GENE_3150,Gallus_gallus_GENE_3150
OG0000050,Xenopus_Silurana_tropicalis_GENE_3210,Gallus_gallus_GENE_3210
OG0000039,Xenopus_Silurana_tropicalis_GENE_3290,Gallus_gallus_GENE_3290
OG0000004,Xenopus_Silurana_tropicalis_GENE_343,Gallus_gallus_GENE_343
OG0000021,Xenopus_Silurana_tropicalis_GENE_3458,Gallus_gallus_GENE_3458
OG0000022,Xenopus_Silurana_tropicalis_GENE_3508,Gallus_gallus_GENE_3508
OG0000005,Xenopus_Silurana_tropicalis_GENE_3570,Gallus_gallus_GENE_3570
OG0000007,Xenopus_Silurana_tropicalis_GENE_3907,Gallus_gallus_GENE_3907
OG0000042,Xenopus_Silurana_tropicalis_GENE_3912,Gallus_gallus_GENE_3912
OG0000043,Xenopus_Silurana_tropicalis_GENE_401,Gallus_gallus_GENE_401
OG0000008,Xenopus_Silurana_tropicalis_GENE_541,Gallus_gallus_GENE_541
OG0000009,Xenopus_Silurana_tropicalis_GENE_730,Gallus_gallus_GENE_730
OG0000045,Xenopus_Silurana_tropicalis_GENE_952,Gallus_gallus_GENE_952
OG0000026,Xenopus_Silurana_tropicalis_GENE_974,Gallus_gallus_GENE_974
