Orthogroup,Xenopus,Protopterus
OG0000012,Xenopus_Silurana_tropicalis_GENE_1206,Protopterus_annectens_GENE_1206
OG0000027,Xenopus_Silurana_tropicalis_GENE_1465,Protopterus_annectens_GENE_1465
OG0000055,Xenopus_Silurana_tropicalis_GENE_17,Protopterus_annectens_GENE_17
OG0000016,Xenopus_Silurana_tropicalis_GENE_2244,Protopterus_annectens_GENE_2244
OG0000048,Xenopus_Silurana_tropicalis_GENE_2498,Protopterus_annectens_GENE_2498
OG0000018,Xenopus_Silurana_tropicalis_GENE_2772,Protopterus_annectens_GENE_2772
OG0000036,Xenopus_Silurana_tropicalis_GENE_2869,Protopterus_annectens_GENE_2869
OG0000019,Xenopus_Silurana_tropicalis_GENE_2903,Protopterus_annectens_GENE_2903
OG0000002,Xenopus_Silurana_tropicalis_GENE_3026,Protopterus_annectens_GENE_3026
OG0000043,Xenopus_Silurana_tropicalis_GENE_401,Protopterus_annectens_GENE_401
