Orthogroup,Xenopus,Callorhinchus
OG0000012,Xenopus_Silurana_tropicalis_GENE_1206,Callorhinchus_milii_GENE_1206
OG0000055,Xenopus_Silurana_tropicalis_GENE_17,Callorhinchus_milii_GENE_17
OG0000016,Xenopus_Silurana_tropicalis_GENE_2244,Callorhinchus_milii_GENE_2244
OG0000018,Xenopus_Silurana_tropicalis_GENE_2772,Callorhinchus_milii_GENE_2772
OG0000019,Xenopus_Silurana_tropicalis_GENE_2903,Callorhinchus_milii_GENE_2903
OG0000038,Xenopus_Silurana_tropicalis_GENE_3150,Callorhinchus_milii_GENE_3150
OG0000022,Xenopus_Silurana_tropicalis_GENE_3508,Callorhinchus_milii_GENE_3508
OG0000040,Xenopus_Silurana_tropicalis_GENE_3515,Callorhinchus_milii_GENE_3515
OG0000043,Xenopus_Silurana_tropicalis_GENE_401,Callorhinchus_milii_GENE_401
OG0000044,Xenopus_Silurana_tropicalis_GENE_583,Callorhinchus_milii_GENE_583
OG0000009,Xenopus_Silurana_tropicalis_GENE_730,Callorhinchus_milii_GENE_730
