Orthogroup,Xenopus,Mus
OG0000010,Xenopus_Silurana_tropicalis_GENE_1086,Mus_musculus_GENE_1086
OG0000011,Xenopus_Silurana_tropicalis_GENE_1093,Mus_musculus_GENE_1093
OG0000000,Xenopus_Silurana_tropicalis_GENE_1433,Mus_musculus_GENE_1433
OG0000027,Xenopus_Silurana_tropicalis_GENE_1465,Mus_musculus_GENE_1465
OG0000055,Xenopus_Silurana_tropicalis_GENE_17,Mus_musculus_GENE_17
OG0000029,Xenopus_Silurana_tropicalis_GENE_1724,Mus_musculus_GENE_1724
OG0000031,Xenopus_Silurana_tropicalis_GENE_2024,Mus_musculus_GENE_2024
OG0000047,Xenopus_Silurana_tropicalis_GENE_2063,Mus_musculus_GENE_2063
OG0000016,Xenopus_Silurana_tropicalis_GENE_2244,Mus_musculus_GENE_2244
OG0000032,Xenopus_Silurana_tropicalis_GENE_2274,Mus_musculus_GENE_2274
OG0000034,Xenopus_Silurana_tropicalis_GENE_248,Mus_musculus_GENE_248
OG0000048,Xenopus_Silurana_tropicalis_GENE_2498,Mus_musculus_GENE_2498
OG0000035,Xenopus_Silurana_tropicalis_GENE_2537,Mus_musculus_GENE_2537
OG0000018,Xenopus_Silurana_tropicalis_GENE_2772,Mus_musculus_GENE_2772
OG0000036,Xenopus_Silurana_tropicalis_GENE_2869,Mus_musculus_GENE_2869
OG0000019,Xenopus_Silurana_tropicalis_GENE_2903,Mus_musculus_GENE_2903
OG0000002,Xenopus_Silurana_tropicalis_GENE_3026,Mus_musculus_GENE_3026
OG0000049,Xenopus_Silurana_tropicalis_GENE_3058,Mus_musculus_GENE_3058
OG0000037,Xenopus_Silurana_tropicalis_GENE_3089,Mus_musculus_GENE_3089
OG0000038,Xenopus_Silurana_tropicalis_GENE_3150,Mus_musculus_GENE_3150
OG0000050,Xenopus_Silurana_tropicalis_GENE_3210,Mus_musculus_GENE_3210
OG0000039,Xenopus_Silurana_tropicalis_GENE_3290,Mus_musculus_GENE_3290
OG0000021,Xenopus_Silurana_tropicalis_GENE_3458,Mus_musculus_GENE_3458
OG0000007,Xenopus_Silurana_tropicalis_GENE_3907,Mus_musculus_GENE_3907
OG0000042,Xenopus_Silurana_tropicalis_GENE_3912,Mus_musculus_GENE_3912
OG0000043,Xenopus_Silurana_tropicalis_GENE_401,Mus_musculus_GENE_401
OG0000008,Xenopus_Silurana_tropicalis_GENE_541,Mus_musculus_GENE_541
OG0000044,Xenopus_Silurana_tropicalis_GENE_583,Mus_musculus_GENE_583
OG0000054,Xenopus_Silurana_tropicalis_GENE_634,Mus_musculus_GENE_634
OG0000009,Xenopus_Silurana_tropicalis_GENE_730,Mus_musculus_GENE_730
OG0000045,Xenopus_Silurana_tropicalis_GENE_952,Mus_musculus_GENE_952
OG0000026,Xenopus_Silurana_tropicalis_GENE_974,Mus_musculus_GENE_974
