Orthogroup,Xenopus,Taeniopygia
OG0000011,Xenopus_Silurana_tropicalis_GENE_1093,Taeniopygia_guttata_GENE_1093
OG0000000,Xenopus_Silurana_tropicalis_GENE_1433,Taeniopygia_guttata_GENE_1433
OG0000027,Xenopus_Silurana_tropicalis_GENE_1465,Taeniopygia_guttata_GENE_1465
OG0000055,Xenopus_Silurana_tropicalis_GENE_17,Taeniopygia_guttata_GENE_17
OG0000029,Xenopus_Silurana_tropicalis_GENE_1724,Taeniopygia_guttata_GENE_1724
OG0000030,Xenopus_Silurana_tropicalis_GENE_1984,Taeniopygia_guttata_GENE_1984
OG0000031,Xenopus_Silurana_tropicalis_GENE_2024,Taeniopygia_guttata_GENE_2024
OG0000047,Xenopus_Silurana_tropicalis_GENE_2063,Taeniopygia_guttata_GENE_2063
OG0000016,Xenopus_Silurana_tropicalis_GENE_2244,Taeniopygia_guttata_GENE_2244
OG0000048,Xenopus_Silurana_tropicalis_GENE_2498,Taeniopygia_guttata_GENE_2498
OG0000018,Xenopus_Silurana_tropicalis_GENE_2772,Taeniopygia_guttata_GENE_2772
OG0000019,Xenopus_Silurana_tropicalis_GENE_2903,Taeniopygia_guttata_GENE_2903
OG0000002,Xenopus_Silurana_tropicalis_GENE_3026,Taeniopygia_guttata_GENE_3026
OG0000049,Xenopus_Silurana_tropicalis_GENE_3058,Taeniopygia_guttata_GENE_3058
OG0000037,Xenopus_Silurana_tropicalis_GENE_3089,Taeniopygia_guttata_GENE_3089
OG0000038,Xenopus_Silurana_tropicalis_GENE_3150,Taeniopygia_guttata_GENE_3150
OG0000050,Xenopus_Silurana_tropicalis_GENE_3210,Taeniopygia_guttata_GENE_3210
OG0000004,Xenopus_Silurana_tropicalis_GENE_343,Taeniopygia_guttata_GENE_343
OG0000021,Xenopus_Silurana_tropicalis_GENE_3458,Taeniopygia_guttata_GENE_3458
OG0000022,Xenopus_Silurana_tropicalis_GENE_3508,Taeniopygia_guttata_GENE_3508
OG0000005,Xenopus_Silurana_tropicalis_GENE_3570,Taeniopygia_guttata_GENE_3570
OG0000007,Xenopus_Silurana_tropicalis_GENE_3907,Taeniopygia_guttata_GENE_3907
OG0000043,Xenopus_Silurana_tropicalis_GENE_401,Taeniopygia_guttata_GENE_401
OG0000008,Xenopus_Silurana_tropicalis_GENE_541,Taeniopygia_guttata_GENE_541
OG0000044,Xenopus_Silurana_tropicalis_GENE_583,Taeniopygia_guttata_GENE_583
OG0000009,Xenopus_Silurana_tropicalis_GENE_730,Taeniopygia_guttata_GENE_730
OG0000026,Xenopus_Silurana_tropicalis_GENE_974,Taeniopygia_guttata_GENE_974
