Orthogroup,Xenopus,Latimeria
OG0000013,Xenopus_Silurana_tropicalis_GENE_1224,Latimeria_chalumnae_GENE_1224
OG0000000,Xenopus_Silurana_tropicalis_GENE_1433,Latimeria_chalumnae_GENE_1433
OG0000055,Xenopus_Silurana_tropicalis_GENE_17,Latimeria_chalumnae_GENE_17
OG0000029,Xenopus_Silurana_tropicalis_GENE_1724,Latimeria_chalumnae_GENE_1724
OG0000016,Xenopus_Silurana_tropicalis_GENE_2244,Latimeria_chalumnae_GENE_2244
OG0000032,Xenopus_Silurana_tropicalis_GENE_2274,Latimeria_chalumnae_GENE_2274
OG0000018,Xenopus_Silurana_tropicalis_GENE_2772,Latimeria_chalumnae_GENE_2772
OG0000036,Xenopus_Silurana_tropicalis_GENE_2869,Latimeria_chalumnae_GENE_2869
OG0000019,Xenopus_Silurana_tropicalis_GENE_2903,Latimeria_chalumnae_GENE_2903
OG0000002,Xenopus_Silurana_tropicalis_GENE_3026,Latimeria_chalumnae_GENE_3026
OG0000050,Xenopus_Silurana_tropicalis_GENE_3210,Latimeria_chalumnae_GENE_3210
OG0000022,Xenopus_Silurana_tropicalis_GENE_3508,Latimeria_chalumnae_GENE_3508
OG0000040,Xenopus_Silurana_tropicalis_GENE_3515,Latimeria_chalumnae_GENE_3515
OG0000005,Xenopus_Silurana_tropicalis_GENE_3570,Latimeria_chalumnae_GENE_3570
OG0000007,Xenopus_Silurana_tropicalis_GENE_3907,Latimeria_chalumnae_GENE_3907
OG0000023,Xenopus_Silurana_tropicalis_GENE_3942,Latimeria_chalumnae_GENE_3942
OG0000043,Xenopus_Silurana_tropicalis_GENE_401,Latimeria_chalumnae_GENE_401
OG0000008,Xenopus_Silurana_tropicalis_GENE_541,Latimeria_chalumnae_GENE_541
OG0000054,Xenopus_Silurana_tropicalis_GENE_634,Latimeria_chalumnae_GENE_634
OG0000026,Xenopus_Silurana_tropicalis_GENE_974,Latimeria_chalumnae_GENE_974
