Orthogroup,Xenopus,Meleagris
OG0000010,Xenopus_Silurana_tropicalis_GENE_1086,Meleagris_gallopavo_GENE_1086
OG0000011,Xenopus_Silurana_tropicalis_GENE_1093,Meleagris_gallopavo_GENE_1093
OG0000013,Xenopus_Silurana_tropicalis_GENE_1224,Meleagris_gallopavo_GENE_1224
OG0000000,Xenopus_Silurana_tropicalis_GENE_1433,Meleagris_gallopavo_GENE_1433
OG0000027,Xenopus_Silurana_tropicalis_GENE_1465,Meleagris_gallopavo_GENE_1465
OG0000055,Xenopus_Silurana_tropicalis_GENE_17,Meleagris_gallopavo_GENE_17
OG0000029,Xenopus_Silurana_tropicalis_GENE_1724,Meleagris_gallopavo_GENE_1724
OG0000030,Xenopus_Silurana_tropicalis_GENE_1984,Meleagris_gallopavo_GENE_1984
OG0000031,Xenopus_Silurana_tropicalis_GENE_2024,Meleagris_gallopavo_GENE_2024
OG0000047,Xenopus_Silurana_tropicalis_GENE_2063,Meleagris_gallopavo_GENE_2063
OG0000015,Xenopus_Silurana_tropicalis_GENE_2194,Meleagris_gallopavo_GENE_2194
OG0000016,Xenopus_Silurana_tropicalis_GENE_2244,Meleagris_gallopavo_GENE_2244
OG0000032,Xenopus_Silurana_tropicalis_GENE_2274,Meleagris_gallopavo_GENE_2274
OG0000048,Xenopus_Silurana_tropicalis_GENE_2498,Meleagris_gallopavo_GENE_2498
OG0000035,Xenopus_Silurana_tropicalis_GENE_2537,Meleagris_gallopavo_GENE_2537
OG0000018,Xenopus_Silurana_tropicalis_GENE_2772,Meleagris_gallopavo_GENE_2772
OG0000036,Xenopus_Silurana_tropicalis_GENE_2869,Meleagris_gallopavo_GENE_2869
OG0000019,Xenopus_Silurana_tropicalis_GENE_2903,Meleagris_gallopavo_GENE_2903
OG0000002,Xenopus_Silurana_tropicalis_GENE_3026,Meleagris_gallopavo_GENE_3026
OG0000049,Xenopus_Silurana_tropicalis_GENE_3058,Meleagris_gallopavo_GENE_3058
OG0000037,Xenopus_Silurana_tropicalis_GENE_3089,Meleagris_gallopavo_GENE_3089
OG0000038,Xenopus_Silurana_tropicalis_GENE_3150,Meleagris_gallopavo_GENE_3150
OG0000050,Xenopus_Silurana_tropicalis_GENE_3210,Meleagris_gallopavo_GENE_3210
OG0000039,Xenopus_Silurana_tropicalis_GENE_3290,Meleagris_gallopavo_GENE_3290
OG0000004,Xenopus_Silurana_tropicalis_GENE_343,Meleagris_gallopavo_GENE_343
OG0000021,Xenopus_Silurana_tropicalis_GENE_3458,Meleagris_gallopavo_GENE_3458
OG0000022,Xenopus_Silurana_tropicalis_GENE_3508,Meleagris_gallopavo_GENE_3508
OG0000005,Xenopus_Silurana_tropicalis_GENE_3570,Meleagris_gallopavo_GENE_3570
OG0000007,Xenopus_Silurana_tropicalis_GENE_3907,Meleagris_gallopavo_GENE_3907
OG0000042,Xenopus_Silurana_tropicalis_GENE_3912,Meleagris_gallopavo_GENE_3912
OG0000043,Xenopus_Silurana_tropicalis_GENE_401,Meleagris_gallopavo_GENE_401
OG0000008,Xenopus_Silurana_tropicalis_GENE_541,Meleagris_gallopavo_GENE_541
OG0000009,Xenopus_Silurana_tropicalis_GENE_730,Meleagris_gallopavo_GENE_730
OG0000045,Xenopus_Silurana_tropicalis_GENE_952,Meleagris_gallopavo_GENE_952
OG0000026,Xenopus_Silurana_tropicalis_GENE_974,Meleagris_gallopavo_GENE_974
