Orthogroup,Xenopus,Macropus
OG0000011,Xenopus_Silurana_tropicalis_GENE_1093,Macropus_eugenii_GENE_1093
OG0000000,Xenopus_Silurana_tropicalis_GENE_1433,Macropus_eugenii_GENE_1433
OG0000027,Xenopus_Silurana_tropicalis_GENE_1465,Macropus_eugenii_GENE_1465
OG0000055,Xenopus_Silurana_tropicalis_GENE_17,Macropus_eugenii_GENE_17
OG0000029,Xenopus_Silurana_tropicalis_GENE_1724,Macropus_eugenii_GENE_1724
OG0000047,Xenopus_Silurana_tropicalis_GENE_2063,Macropus_eugenii_GENE_2063
OG0000032,Xenopus_Silurana_tropicalis_GENE_2274,Macropus_eugenii_GENE_2274
OG0000017,Xenopus_Silurana_tropicalis_GENE_2459,Macropus_eugenii_GENE_2459
OG0000034,Xenopus_Silurana_tropicalis_GENE_248,Macropus_eugenii_GENE_248
OG0000048,Xenopus_Silurana_tropicalis_GENE_2498,Macropus_eugenii_GENE_2498
OG0000035,Xenopus_Silurana_tropicalis_GENE_2537,Macropus_eugenii_GENE_2537
OG0000018,Xenopus_Silurana_tropicalis_GENE_2772,Macropus_eugenii_GENE_2772
OG0000036,Xenopus_Silurana_tropicalis_GENE_2869,Macropus_eugenii_GENE_2869
OG0000019,Xenopus_Silurana_tropicalis_GENE_2903,Macropus_eugenii_GENE_2903
OG0000002,Xenopus_Silurana_tropicalis_GENE_3026,Macropus_eugenii_GENE_3026
OG0000049,Xenopus_Silurana_tropicalis_GENE_3058,Macropus_eugenii_GENE_3058
OG0000037,Xenopus_Silurana_tropicalis_GENE_3089,Macropus_eugenii_GENE_3089
OG0000050,Xenopus_Silurana_tropicalis_GENE_3210,Macropus_eugenii_GENE_3210
OG0000051,Xenopus_Silurana_tropicalis_GENE_3283,Macropus_eugenii_GENE_3283
OG0000039,Xenopus_Silurana_tropicalis_GENE_3290,Macropus_eugenii_GENE_3290
OG0000021,Xenopus_Silurana_tropicalis_GENE_3458,Macropus_eugenii_GENE_3458
OG0000041,Xenopus_Silurana_tropicalis_GENE_39,Macropus_eugenii_GENE_39
OG0000007,Xenopus_Silurana_tropicalis_GENE_3907,Macropus_eugenii_GENE_3907
OG0000042,Xenopus_Silurana_tropicalis_GENE_3912,Macropus_eugenii_GENE_3912
OG0000053,Xenopus_Silurana_tropicalis_GENE_3913,Macropus_eugenii_GENE_3913
OG0000043,Xenopus_Silurana_tropicalis_GENE_401,Macropus_eugenii_GENE_401
OG0000008,Xenopus_Silurana_tropicalis_GENE_541,Macropus_eugenii_GENE_541
OG0000044,Xenopus_Silurana_tropicalis_GENE_583,Macropus_eugenii_GENE_583
OG0000054,Xenopus_Silurana_tropicalis_GENE_634,Macropus_eugenii_GENE_634
OG0000009,Xenopus_Silurana_tropicalis_GENE_730,Macropus_eugenii_GENE_730
OG0000045,Xenopus_Silurana_tropicalis_GENE_952,Macropus_eugenii_GENE_952
