Orthogroup,Neoceratodus,Xenopus
OG0000012,Neoceratodus_forsteri_GENE_1206,Xenopus_Silurana_tropicalis_GENE_1206
OG0000027,Neoceratodus_forsteri_GENE_1465,Xenopus_Silurana_tropicalis_GENE_1465
OG0000055,Neoceratodus_forsteri_GENE_17,Xenopus_Silurana_tropicalis_GENE_17
OG0000016,Neoceratodus_forsteri_GENE_2244,Xenopus_Silurana_tropicalis_GENE_2244
OG0000048,Neoceratodus_forsteri_GENE_2498,Xenopus_Silurana_tropicalis_GENE_2498
OG0000018,Neoceratodus_forsteri_GENE_2772,Xenopus_Silurana_tropicalis_GENE_2772
OG0000036,Neoceratodus_forsteri_GENE_2869,Xenopus_Silurana_tropicalis_GENE_2869
OG0000019,Neoceratodus_forsteri_GENE_2903,Xenopus_Silurana_tropicalis_GENE_2903
OG0000002,Neoceratodus_forsteri_GENE_3026,Xenopus_Silurana_tropicalis_GENE_3026
OG0000050,Neoceratodus_forsteri_GENE_3210,Xenopus_Silurana_tropicalis_GENE_3210
OG0000043,Neoceratodus_forsteri_GENE_401,Xenopus_Silurana_tropicalis_GENE_401
OG0000026,Neoceratodus_forsteri_GENE_974,Xenopus_Silurana_tropicalis_GENE_974
