Orthogroup,Neoceratodus,Ornithorhynchus
OG0000013,Neoceratodus_forsteri_GENE_1224,Ornithorhynchus_anatinus_GENE_1224
OG0000000,Neoceratodus_forsteri_GENE_1433,Ornithorhynchus_anatinus_GENE_1433
OG0000027,Neoceratodus_forsteri_GENE_1465,Ornithorhynchus_anatinus_GENE_1465
OG0000029,Neoceratodus_forsteri_GENE_1724,Ornithorhynchus_anatinus_GENE_1724
OG0000016,Neoceratodus_forsteri_GENE_2244,Ornithorhynchus_anatinus_GENE_2244
OG0000001,Neoceratodus_forsteri_GENE_2421,Ornithorhynchus_anatinus_GENE_2421
OG0000017,Neoceratodus_forsteri_GENE_2459,Ornithorhynchus_anatinus_GENE_2459
OG0000048,Neoceratodus_forsteri_GENE_2498,Ornithorhynchus_anatinus_GENE_2498
OG0000019,Neoceratodus_forsteri_GENE_2903,Ornithorhynchus_anatinus_GENE_2903
OG0000002,Neoceratodus_forsteri_GENE_3026,Ornithorhynchus_anatinus_GENE_3026
OG0000050,Neoceratodus_forsteri_GENE_3210,Ornithorhynchus_anatinus_GENE_3210
OG0000022,Neoceratodus_forsteri_GENE_3508,Ornithorhynchus_anatinus_GENE_3508
OG0000007,Neoceratodus_forsteri_GENE_3907,Ornithorhynchus_anatinus_GENE_3907
OG0000043,Neoceratodus_forsteri_GENE_401,Ornithorhynchus_anatinus_GENE_401
OG0000008,Neoceratodus_forsteri_GENE_541,Ornithorhynchus_anatinus_GENE_541
OG0000044,Neoceratodus_forsteri_GENE_583,Ornithorhynchus_anatinus_GENE_583
OG0000024,Neoceratodus_forsteri_GENE_609,Ornithorhynchus_anatinus_GENE_609
OG0000054,Neoceratodus_forsteri_GENE_634,Ornithorhynchus_anatinus_GENE_634
OG0000026,Neoceratodus_forsteri_GENE_974,Ornithorhynchus_anatinus_GENE_974
