Orthogroup,Neoceratodus,Takifugu
OG0000011,Neoceratodus_forsteri_GENE_1093,Takifugu_rubripes_GENE_1093
OG0000013,Neoceratodus_forsteri_GENE_1224,Takifugu_rubripes_GENE_1224
OG0000000,Neoceratodus_forsteri_GENE_1433,Takifugu_rubripes_GENE_1433
OG0000055,Neoceratodus_forsteri_GENE_17,Takifugu_rubripes_GENE_17
OG0000016,Neoceratodus_forsteri_GENE_2244,Takifugu_rubripes_GENE_2244
OG0000018,Neoceratodus_forsteri_GENE_2772,Takifugu_rubripes_GENE_2772
OG0000036,Neoceratodus_forsteri_GENE_2869,Takifugu_rubripes_GENE_2869
OG0000019,Neoceratodus_forsteri_GENE_2903,Takifugu_rubripes_GENE_2903
OG0000050,Neoceratodus_forsteri_GENE_3210,Takifugu_rubripes_GENE_3210
OG0000039,Neoceratodus_forsteri_GENE_3290,Takifugu_rubripes_GENE_3290
OG0000052,Neoceratodus_forsteri_GENE_3317,Takifugu_rubripes_GENE_3317
OG0000020,Neoceratodus_forsteri_GENE_3353,Takifugu_rubripes_GENE_3353
OG0000021,Neoceratodus_forsteri_GENE_3458,Takifugu_rubripes_GENE_3458
OG0000005,Neoceratodus_forsteri_GENE_3570,Takifugu_rubripes_GENE_3570
OG0000007,Neoceratodus_forsteri_GENE_3907,Takifugu_rubripes_GENE_3907
OG0000008,Neoceratodus_forsteri_GENE_541,Takifugu_rubripes_GENE_541
OG0000044,Neoceratodus_forsteri_GENE_583,Takifugu_rubripes_GENE_583
OG0000054,Neoceratodus_forsteri_GENE_634,Takifugu_rubripes_GENE_634
