Orthogroup,Neoceratodus,Taeniopygia
OG0000000,Neoceratodus_forsteri_GENE_1433,Taeniopygia_guttata_GENE_1433
OG0000027,Neoceratodus_forsteri_GENE_1465,Taeniopygia_guttata_GENE_1465
OG0000028,Neoceratodus_forsteri_GENE_1671,Taeniopygia_guttata_GENE_1671
OG0000055,Neoceratodus_forsteri_GENE_17,Taeniopygia_guttata_GENE_17
OG0000029,Neoceratodus_forsteri_GENE_1724,Taeniopygia_guttata_GENE_1724
OG0000016,Neoceratodus_forsteri_GENE_2244,Taeniopygia_guttata_GENE_2244
OG0000017,Neoceratodus_forsteri_GENE_2459,Taeniopygia_guttata_GENE_2459
OG0000048,Neoceratodus_forsteri_GENE_2498,Taeniopygia_guttata_GENE_2498
OG0000018,Neoceratodus_forsteri_GENE_2772,Taeniopygia_guttata_GENE_2772
OG0000019,Neoceratodus_forsteri_GENE_2903,Taeniopygia_guttata_GENE_2903
OG0000002,Neoceratodus_forsteri_GENE_3026,Taeniopygia_guttata_GENE_3026
OG0000050,Neoceratodus_forsteri_GENE_3210,Taeniopygia_guttata_GENE_3210
OG0000052,Neoceratodus_forsteri_GENE_3317,Taeniopygia_guttata_GENE_3317
OG0000020,Neoceratodus_forsteri_GENE_3353,Taeniopygia_guttata_GENE_3353
OG0000005,Neoceratodus_forsteri_GENE_3570,Taeniopygia_guttata_GENE_3570
OG0000007,Neoceratodus_forsteri_GENE_3907,Taeniopygia_guttata_GENE_3907
OG0000043,Neoceratodus_forsteri_GENE_401,Taeniopygia_guttata_GENE_401
OG0000008,Neoceratodus_forsteri_GENE_541,Taeniopygia_guttata_GENE_541
OG0000024,Neoceratodus_forsteri_GENE_609,Taeniopygia_guttata_GENE_609
OG0000026,Neoceratodus_forsteri_GENE_974,Taeniopygia_guttata_GENE_974
