Orthogroup,Neoceratodus,Latimeria
OG0000000,Neoceratodus_forsteri_GENE_1433,Latimeria_chalumnae_GENE_1433
OG0000014,Neoceratodus_forsteri_GENE_1646,Latimeria_chalumnae_GENE_1646
OG0000055,Neoceratodus_forsteri_GENE_17,Latimeria_chalumnae_GENE_17
OG0000029,Neoceratodus_forsteri_GENE_1724,Latimeria_chalumnae_GENE_1724
OG0000030,Neoceratodus_forsteri_GENE_1984,Latimeria_chalumnae_GENE_1984
OG0000047,Neoceratodus_forsteri_GENE_2063,Latimeria_chalumnae_GENE_2063
OG0000015,Neoceratodus_forsteri_GENE_2194,Latimeria_chalumnae_GENE_2194
OG0000016,Neoceratodus_forsteri_GENE_2244,Latimeria_chalumnae_GENE_2244
OG0000032,Neoceratodus_forsteri_GENE_2274,Latimeria_chalumnae_GENE_2274
OG0000033,Neoceratodus_forsteri_GENE_2443,Latimeria_chalumnae_GENE_2443
OG0000017,Neoceratodus_forsteri_GENE_2459,Latimeria_chalumnae_GENE_2459
OG0000035,Neoceratodus_forsteri_GENE_2537,Latimeria_chalumnae_GENE_2537
OG0000018,Neoceratodus_forsteri_GENE_2772,Latimeria_chalumnae_GENE_2772
OG0000036,Neoceratodus_forsteri_GENE_2869,Latimeria_chalumnae_GENE_2869
OG0000019,Neoceratodus_forsteri_GENE_2903,Latimeria_chalumnae_GENE_2903
OG0000002,Neoceratodus_forsteri_GENE_3026,Latimeria_chalumnae_GENE_3026
OG0000038,Neoceratodus_forsteri_GENE_3150,Latimeria_chalumnae_GENE_3150
OG0000050,Neoceratodus_forsteri_GENE_3210,Latimeria_chalumnae_GENE_3210
OG0000051,Neoceratodus_forsteri_GENE_3283,Latimeria_chalumnae_GENE_3283
OG0000052,Neoceratodus_forsteri_GENE_3317,Latimeria_chalumnae_GENE_3317
OG0000021,Neoceratodus_forsteri_GENE_3458,Latimeria_chalumnae_GENE_3458
OG0000005,Neoceratodus_forsteri_GENE_3570,Latimeria_chalumnae_GENE_3570
OG0000006,Neoceratodus_forsteri_GENE_3818,Latimeria_chalumnae_GENE_3818
OG0000007,Neoceratodus_forsteri_GENE_3907,Latimeria_chalumnae_GENE_3907
OG0000053,Neoceratodus_forsteri_GENE_3913,Latimeria_chalumnae_GENE_3913
OG0000043,Neoceratodus_forsteri_GENE_401,Latimeria_chalumnae_GENE_401
OG0000008,Neoceratodus_forsteri_GENE_541,Latimeria_chalumnae_GENE_541
OG0000044,Neoceratodus_forsteri_GENE_583,Latimeria_chalumnae_GENE_583
OG0000054,Neoceratodus_forsteri_GENE_634,Latimeria_chalumnae_GENE_634
OG0000009,Neoceratodus_forsteri_GENE_730,Latimeria_chalumnae_GENE_730
OG0000045,Neoceratodus_forsteri_GENE_952,Latimeria_chalumnae_GENE_952
OG0000026,Neoceratodus_forsteri_GENE_974,Latimeria_chalumnae_GENE_974
