Orthogroup,Neoceratodus,Protopterus
OG0000010,Neoceratodus_forsteri_GENE_1086,Protopterus_annectens_GENE_1086
OG0000011,Neoceratodus_forsteri_GENE_1093,Protopterus_annectens_GENE_1093
OG0000012,Neoceratodus_forsteri_GENE_1206,Protopterus_annectens_GENE_1206
OG0000013,Neoceratodus_forsteri_GENE_1224,Protopterus_annectens_GENE_1224
OG0000027,Neoceratodus_forsteri_GENE_1465,Protopterus_annectens_GENE_1465
OG0000055,Neoceratodus_forsteri_GENE_17,Protopterus_annectens_GENE_17
OG0000029,Neoceratodus_forsteri_GENE_1724,Protopterus_annectens_GENE_1724
OG0000030,Neoceratodus_forsteri_GENE_1984,Protopterus_annectens_GENE_1984
OG0000047,Neoceratodus_forsteri_GENE_2063,Protopterus_annectens_GENE_2063
OG0000015,Neoceratodus_forsteri_GENE_2194,Protopterus_annectens_GENE_2194
OG0000032,Neoceratodus_forsteri_GENE_2274,Protopterus_annectens_GENE_2274
OG0000017,Neoceratodus_forsteri_GENE_2459,Protopterus_annectens_GENE_2459
OG0000034,Neoceratodus_forsteri_GENE_248,Protopterus_annectens_GENE_248
OG0000048,Neoceratodus_forsteri_GENE_2498,Protopterus_annectens_GENE_2498
OG0000035,Neoceratodus_forsteri_GENE_2537,Protopterus_annectens_GENE_2537
OG0000018,Neoceratodus_forsteri_GENE_2772,Protopterus_annectens_GENE_2772
OG0000036,Neoceratodus_forsteri_GENE_2869,Protopterus_annectens_GENE_2869
OG0000019,Neoceratodus_forsteri_GENE_2903,Protopterus_annectens_GENE_2903
OG0000002,Neoceratodus_forsteri_GENE_3026,Protopterus_annectens_GENE_3026
OG0000037,Neoceratodus_forsteri_GENE_3089,Protopterus_annectens_GENE_3089
OG0000038,Neoceratodus_forsteri_GENE_3150,Protopterus_annectens_GENE_3150
OG0000052,Neoceratodus_forsteri_GENE_3317,Protopterus_annectens_GENE_3317
OG0000020,Neoceratodus_forsteri_GENE_3353,Protopterus_annectens_GENE_3353
OG0000003,Neoceratodus_forsteri_GENE_3380,Protopterus_annectens_GENE_3380
OG0000004,Neoceratodus_forsteri_GENE_343,Protopterus_annectens_GENE_343
OG0000021,Neoceratodus_forsteri_GENE_3458,Protopterus_annectens_GENE_3458
OG0000005,Neoceratodus_forsteri_GENE_3570,Protopterus_annectens_GENE_3570
OG0000046,Neoceratodus_forsteri_GENE_368,Protopterus_annectens_GENE_368
OG0000006,Neoceratodus_forsteri_GENE_3818,Protopterus_annectens_GENE_3818
OG0000041,Neoceratodus_forsteri_GENE_39,Protopterus_annectens_GENE_39
OG0000007,Neoceratodus_forsteri_GENE_3907,Protopterus_annectens_GENE_3907
OG0000042,Neoceratodus_forsteri_GENE_3912,Protopterus_annectens_GENE_3912
OG0000053,Neoceratodus_forsteri_GENE_3913,Protopterus_annectens_GENE_3913
OG0000023,Neoceratodus_forsteri_GENE_3942,Protopterus_annectens_GENE_3942
OG0000043,Neoceratodus_forsteri_GENE_401,Protopterus_annectens_GENE_401
OG0000008,Neoceratodus_forsteri_GENE_541,Protopterus_annectens_GENE_541
OG0000044,Neoceratodus_forsteri_GENE_583,Protopterus_annectens_GENE_583
OG0000024,Neoceratodus_forsteri_GENE_609,Protopterus_annectens_GENE_609
OG0000054,Neoceratodus_forsteri_GENE_634,Protopterus_annectens_GENE_634
OG0000025,Neoceratodus_forsteri_GENE_697,Protopterus_annectens_GENE_697
OG0000009,Neoceratodus_forsteri_GENE_730,Protopterus_annectens_GENE_730
OG0000045,Neoceratodus_forsteri_GENE_952,Protopterus_annectens_GENE_952
