Orthogroup,Neoceratodus,Callorhinchus
OG0000011,Neoceratodus_forsteri_GENE_1093,Callorhinchus_milii_GENE_1093
OG0000012,Neoceratodus_forsteri_GENE_1206,Callorhinchus_milii_GENE_1206
OG0000000,Neoceratodus_forsteri_GENE_1433,Callorhinchus_milii_GENE_1433
OG0000014,Neoceratodus_forsteri_GENE_1646,Callorhinchus_milii_GENE_1646
OG0000055,Neoceratodus_forsteri_GENE_17,Callorhinchus_milii_GENE_17
OG0000029,Neoceratodus_forsteri_GENE_1724,Callorhinchus_milii_GENE_1724
OG0000030,Neoceratodus_forsteri_GENE_1984,Callorhinchus_milii_GENE_1984
OG0000016,Neoceratodus_forsteri_GENE_2244,Callorhinchus_milii_GENE_2244
OG0000033,Neoceratodus_forsteri_GENE_2443,Callorhinchus_milii_GENE_2443
OG0000017,Neoceratodus_forsteri_GENE_2459,Callorhinchus_milii_GENE_2459
OG0000035,Neoceratodus_forsteri_GENE_2537,Callorhinchus_milii_GENE_2537
OG0000018,Neoceratodus_forsteri_GENE_2772,Callorhinchus_milii_GENE_2772
OG0000036,Neoceratodus_forsteri_GENE_2869,Callorhinchus_milii_GENE_2869
OG0000019,Neoceratodus_forsteri_GENE_2903,Callorhinchus_milii_GENE_2903
OG0000051,Neoceratodus_forsteri_GENE_3283,Callorhinchus_milii_GENE_3283
OG0000052,Neoceratodus_forsteri_GENE_3317,Callorhinchus_milii_GENE_3317
OG0000004,Neoceratodus_forsteri_GENE_343,Callorhinchus_milii_GENE_343
OG0000021,Neoceratodus_forsteri_GENE_3458,Callorhinchus_milii_GENE_3458
OG0000005,Neoceratodus_forsteri_GENE_3570,Callorhinchus_milii_GENE_3570
OG0000007,Neoceratodus_forsteri_GENE_3907,Callorhinchus_milii_GENE_3907
OG0000053,Neoceratodus_forsteri_GENE_3913,Callorhinchus_milii_GENE_3913
OG0000043,Neoceratodus_forsteri_GENE_401,Callorhinchus_milii_GENE_401
