Orthogroup,Neoceratodus,Monodelphis
OG0000013,Neoceratodus_forsteri_GENE_1224,Monodelphis_domestica_GENE_1224
OG0000000,Neoceratodus_forsteri_GENE_1433,Monodelphis_domestica_GENE_1433
OG0000027,Neoceratodus_forsteri_GENE_1465,Monodelphis_domestica_GENE_1465
OG0000029,Neoceratodus_forsteri_GENE_1724,Monodelphis_domestica_GENE_1724
OG0000016,Neoceratodus_forsteri_GENE_2244,Monodelphis_domestica_GENE_2244
OG0000032,Neoceratodus_forsteri_GENE_2274,Monodelphis_domestica_GENE_2274
OG0000001,Neoceratodus_forsteri_GENE_2421,Monodelphis_domestica_GENE_2421
OG0000017,Neoceratodus_forsteri_GENE_2459,Monodelphis_domestica_GENE_2459
OG0000048,Neoceratodus_forsteri_GENE_2498,Monodelphis_domestica_GENE_2498
OG0000018,Neoceratodus_forsteri_GENE_2772,Monodelphis_domestica_GENE_2772
OG0000036,Neoceratodus_forsteri_GENE_2869,Monodelphis_domestica_GENE_2869
OG0000002,Neoceratodus_forsteri_GENE_3026,Monodelphis_domestica_GENE_3026
OG0000052,Neoceratodus_forsteri_GENE_3317,Monodelphis_domestica_GENE_3317
OG0000022,Neoceratodus_forsteri_GENE_3508,Monodelphis_domestica_GENE_3508
OG0000007,Neoceratodus_forsteri_GENE_3907,Monodelphis_domestica_GENE_3907
OG0000053,Neoceratodus_forsteri_GENE_3913,Monodelphis_domestica_GENE_3913
OG0000043,Neoceratodus_forsteri_GENE_401,Monodelphis_domestica_GENE_401
OG0000008,Neoceratodus_forsteri_GENE_541,Monodelphis_domestica_GENE_541
OG0000024,Neoceratodus_forsteri_GENE_609,Monodelphis_domestica_GENE_609
OG0000054,Neoceratodus_forsteri_GENE_634,Monodelphis_domestica_GENE_634
OG0000026,Neoceratodus_forsteri_GENE_974,Monodelphis_domestica_GENE_974
