Orthogroup,Neoceratodus,Lepisosteus
OG0000013,Neoceratodus_forsteri_GENE_1224,Lepisosteus_oculatus_GENE_1224
OG0000000,Neoceratodus_forsteri_GENE_1433,Lepisosteus_oculatus_GENE_1433
OG0000055,Neoceratodus_forsteri_GENE_17,Lepisosteus_oculatus_GENE_17
OG0000029,Neoceratodus_forsteri_GENE_1724,Lepisosteus_oculatus_GENE_1724
OG0000016,Neoceratodus_forsteri_GENE_2244,Lepisosteus_oculatus_GENE_2244
OG0000032,Neoceratodus_forsteri_GENE_2274,Lepisosteus_oculatus_GENE_2274
OG0000048,Neoceratodus_forsteri_GENE_2498,Lepisosteus_oculatus_GENE_2498
OG0000018,Neoceratodus_forsteri_GENE_2772,Lepisosteus_oculatus_GENE_2772
OG0000036,Neoceratodus_forsteri_GENE_2869,Lepisosteus_oculatus_GENE_2869
OG0000019,Neoceratodus_forsteri_GENE_2903,Lepisosteus_oculatus_GENE_2903
OG0000039,Neoceratodus_forsteri_GENE_3290,Lepisosteus_oculatus_GENE_3290
OG0000052,Neoceratodus_forsteri_GENE_3317,Lepisosteus_oculatus_GENE_3317
OG0000020,Neoceratodus_forsteri_GENE_3353,Lepisosteus_oculatus_GENE_3353
OG0000021,Neoceratodus_forsteri_GENE_3458,Lepisosteus_oculatus_GENE_3458
OG0000005,Neoceratodus_forsteri_GENE_3570,Lepisosteus_oculatus_GENE_3570
OG0000007,Neoceratodus_forsteri_GENE_3907,Lepisosteus_oculatus_GENE_3907
OG0000053,Neoceratodus_forsteri_GENE_3913,Lepisosteus_oculatus_GENE_3913
OG0000043,Neoceratodus_forsteri_GENE_401,Lepisosteus_oculatus_GENE_401
OG0000008,Neoceratodus_forsteri_GENE_541,Lepisosteus_oculatus_GENE_541
OG0000044,Neoceratodus_forsteri_GENE_583,Lepisosteus_oculatus_GENE_583
OG0000054,Neoceratodus_forsteri_GENE_634,Lepisosteus_oculatus_GENE_634
