Orthogroup,Neoceratodus,Lepidosiren
OG0000010,Neoceratodus_forsteri_GENE_1086,Lepidosiren_paradoxa_GENE_1086
OG0000011,Neoceratodus_forsteri_GENE_1093,Lepidosiren_paradoxa_GENE_1093
OG0000012,Neoceratodus_forsteri_GENE_1206,Lepidosiren_paradoxa_GENE_1206
OG0000013,Neoceratodus_forsteri_GENE_1224,Lepidosiren_paradoxa_GENE_1224
OG0000000,Neoceratodus_forsteri_GENE_1433,Lepidosiren_paradoxa_GENE_1433
OG0000027,Neoceratodus_forsteri_GENE_1465,Lepidosiren_paradoxa_GENE_1465
OG0000014,Neoceratodus_forsteri_GENE_1646,Lepidosiren_paradoxa_GENE_1646
OG0000055,Neoceratodus_forsteri_GENE_17,Lepidosiren_paradoxa_GENE_17
OG0000029,Neoceratodus_forsteri_GENE_1724,Lepidosiren_paradoxa_GENE_1724
OG0000030,Neoceratodus_forsteri_GENE_1984,Lepidosiren_paradoxa_GENE_1984
OG0000047,Neoceratodus_forsteri_GENE_2063,Lepidosiren_paradoxa_GENE_2063
OG0000015,Neoceratodus_forsteri_GENE_2194,Lepidosiren_paradoxa_GENE_2194
OG0000016,Neoceratodus_forsteri_GENE_2244,Lepidosiren_paradoxa_GENE_2244
OG0000032,Neoceratodus_forsteri_GENE_2274,Lepidosiren_paradoxa_GENE_2274
OG0000017,Neoceratodus_forsteri_GENE_2459,Lepidosiren_paradoxa_GENE_2459
OG0000034,Neoceratodus_forsteri_GENE_248,Lepidosiren_paradoxa_GENE_248
OG0000048,Neoceratodus_forsteri_GENE_2498,Lepidosiren_paradoxa_GENE_2498
OG0000035,Neoceratodus_forsteri_GENE_2537,Lepidosiren_paradoxa_GENE_2537
OG0000018,Neoceratodus_forsteri_GENE_2772,Lepidosiren_paradoxa_GENE_2772
OG0000036,Neoceratodus_forsteri_GENE_2869,Lepidosiren_paradoxa_GENE_2869
OG0000019,Neoceratodus_forsteri_GENE_2903,Lepidosiren_paradoxa_GENE_2903
OG0000002,Neoceratodus_forsteri_GENE_3026,Lepidosiren_paradoxa_GENE_3026
OG0000037,Neoceratodus_forsteri_GENE_3089,Lepidosiren_paradoxa_GENE_3089
OG0000038,Neoceratodus_forsteri_GENE_3150,Lepidosiren_paradoxa_GENE_3150
OG0000039,Neoceratodus_forsteri_GENE_3290,Lepidosiren_paradoxa_GENE_3290
OG0000052,Neoceratodus_forsteri_GENE_3317,Lepidosiren_paradoxa_GENE_3317
OG0000020,Neoceratodus_forsteri_GENE_3353,Lepidosiren_paradoxa_GENE_3353
OG0000004,Neoceratodus_forsteri_GENE_343,Lepidosiren_paradoxa_GENE_343
OG0000021,Neoceratodus_forsteri_GENE_3458,Lepidosiren_paradoxa_GENE_3458
OG0000046,Neoceratodus_forsteri_GENE_368,Lepidosiren_paradoxa_GENE_368
OG0000006,Neoceratodus_forsteri_GENE_3818,Lepidosiren_paradoxa_GENE_3818
OG0000041,Neoceratodus_forsteri_GENE_39,Lepidosiren_paradoxa_GENE_39
OG0000007,Neoceratodus_forsteri_GENE_3907,Lepidosiren_paradoxa_GENE_3907
OG0000053,Neoceratodus_forsteri_GENE_3913,Lepidosiren_paradoxa_GENE_3913
OG0000023,Neoceratodus_forsteri_GENE_3942,Lepidosiren_paradoxa_GENE_3942
OG0000043,Neoceratodus_forsteri_GENE_401,Lepidosiren_paradoxa_GENE_401
OG0000008,Neoceratodus_forsteri_GENE_541,Lepidosiren_paradoxa_GENE_541
OG0000044,Neoceratodus_forsteri_GENE_583,Lepidosiren_paradoxa_GENE_583
OG0000024,Neoceratodus_forsteri_GENE_609,Lepidosiren_paradoxa_GENE_609
OG0000054,Neoceratodus_forsteri_GENE_634,Lepidosiren_paradoxa_GENE_634
OG0000009,Neoceratodus_forsteri_GENE_730,Lepidosiren_paradoxa_GENE_730
OG0000045,Neoceratodus_forsteri_GENE_952,Lepidosiren_paradoxa_GENE_952
