Orthogroup,Neoceratodus,Anolis
OG0000013,Neoceratodus_forsteri_GENE_1224,Anolis_carolinensis_GENE_1224
OG0000000,Neoceratodus_forsteri_GENE_1433,Anolis_carolinensis_GENE_1433
OG0000027,Neoceratodus_forsteri_GENE_1465,Anolis_carolinensis_GENE_1465
OG0000029,Neoceratodus_forsteri_GENE_1724,Anolis_carolinensis_GENE_1724
OG0000016,Neoceratodus_forsteri_GENE_2244,Anolis_carolinensis_GENE_2244
OG0000032,Neoceratodus_forsteri_GENE_2274,Anolis_carolinensis_GENE_2274
OG0000001,Neoceratodus_forsteri_GENE_2421,Anolis_carolinensis_GENE_2421
OG0000017,Neoceratodus_forsteri_GENE_2459,Anolis_carolinensis_GENE_2459
OG0000048,Neoceratodus_forsteri_GENE_2498,Anolis_carolinensis_GENE_2498
OG0000018,Neoceratodus_forsteri_GENE_2772,Anolis_carolinensis_GENE_2772
OG0000036,Neoceratodus_forsteri_GENE_2869,Anolis_carolinensis_GENE_2869
OG0000019,Neoceratodus_forsteri_GENE_2903,Anolis_carolinensis_GENE_2903
OG0000002,Neoceratodus_forsteri_GENE_3026,Anolis_carolinensis_GENE_3026
OG0000050,Neoceratodus_forsteri_GENE_3210,Anolis_carolinensis_GENE_3210
OG0000052,Neoceratodus_forsteri_GENE_3317,Anolis_carolinensis_GENE_3317
OG0000003,Neoceratodus_forsteri_GENE_3380,Anolis_carolinensis_GENE_3380
OG0000022,Neoceratodus_forsteri_GENE_3508,Anolis_carolinensis_GENE_3508
OG0000005,Neoceratodus_forsteri_GENE_3570,Anolis_carolinensis_GENE_3570
OG0000007,Neoceratodus_forsteri_GENE_3907,Anolis_carolinensis_GENE_3907
OG0000043,Neoceratodus_forsteri_GENE_401,Anolis_carolinensis_GENE_401
OG0000008,Neoceratodus_forsteri_GENE_541,Anolis_carolinensis_GENE_541
OG0000024,Neoceratodus_forsteri_GENE_609,Anolis_carolinensis_GENE_609
OG0000054,Neoceratodus_forsteri_GENE_634,Anolis_carolinensis_GENE_634
OG0000026,Neoceratodus_forsteri_GENE_974,Anolis_carolinensis_GENE_974
