Orthogroup,Neoceratodus,Gallus
OG0000013,Neoceratodus_forsteri_GENE_1224,Gallus_gallus_GENE_1224
OG0000000,Neoceratodus_forsteri_GENE_1433,Gallus_gallus_GENE_1433
OG0000027,Neoceratodus_forsteri_GENE_1465,Gallus_gallus_GENE_1465
OG0000055,Neoceratodus_forsteri_GENE_17,Gallus_gallus_GENE_17
OG0000029,Neoceratodus_forsteri_GENE_1724,Gallus_gallus_GENE_1724
OG0000016,Neoceratodus_forsteri_GENE_2244,Gallus_gallus_GENE_2244
OG0000032,Neoceratodus_forsteri_GENE_2274,Gallus_gallus_GENE_2274
OG0000017,Neoceratodus_forsteri_GENE_2459,Gallus_gallus_GENE_2459
OG0000048,Neoceratodus_forsteri_GENE_2498,Gallus_gallus_GENE_2498
OG0000018,Neoceratodus_forsteri_GENE_2772,Gallus_gallus_GENE_2772
OG0000036,Neoceratodus_forsteri_GENE_2869,Gallus_gallus_GENE_2869
OG0000019,Neoceratodus_forsteri_GENE_2903,Gallus_gallus_GENE_2903
OG0000002,Neoceratodus_forsteri_GENE_3026,Gallus_gallus_GENE_3026
OG0000050,Neoceratodus_forsteri_GENE_3210,Gallus_gallus_GENE_3210
OG0000052,Neoceratodus_forsteri_GENE_3317,Gallus_gallus_GENE_3317
OG0000020,Neoceratodus_forsteri_GENE_3353,Gallus_gallus_GENE_3353
OG0000005,Neoceratodus_forsteri_GENE_3570,Gallus_gallus_GENE_3570
OG0000007,Neoceratodus_forsteri_GENE_3907,Gallus_gallus_GENE_3907
OG0000043,Neoceratodus_forsteri_GENE_401,Gallus_gallus_GENE_401
OG0000008,Neoceratodus_forsteri_GENE_541,Gallus_gallus_GENE_541
OG0000024,Neoceratodus_forsteri_GENE_609,Gallus_gallus_GENE_609
OG0000026,Neoceratodus_forsteri_GENE_974,Gallus_gallus_GENE_974
