Orthogroup,Neoceratodus,Macropus
OG0000013,Neoceratodus_forsteri_GENE_1224,Macropus_eugenii_GENE_1224
OG0000000,Neoceratodus_forsteri_GENE_1433,Macropus_eugenii_GENE_1433
OG0000027,Neoceratodus_forsteri_GENE_1465,Macropus_eugenii_GENE_1465
OG0000055,Neoceratodus_forsteri_GENE_17,Macropus_eugenii_GENE_17
OG0000029,Neoceratodus_forsteri_GENE_1724,Macropus_eugenii_GENE_1724
OG0000031,Neoceratodus_forsteri_GENE_2024,Macropus_eugenii_GENE_2024
OG0000032,Neoceratodus_forsteri_GENE_2274,Macropus_eugenii_GENE_2274
OG0000048,Neoceratodus_forsteri_GENE_2498,Macropus_eugenii_GENE_2498
OG0000018,Neoceratodus_forsteri_GENE_2772,Macropus_eugenii_GENE_2772
OG0000036,Neoceratodus_forsteri_GENE_2869,Macropus_eugenii_GENE_2869
OG0000019,Neoceratodus_forsteri_GENE_2903,Macropus_eugenii_GENE_2903
OG0000002,Neoceratodus_forsteri_GENE_3026,Macropus_eugenii_GENE_3026
OG0000050,Neoceratodus_forsteri_GENE_3210,Macropus_eugenii_GENE_3210
OG0000052,Neoceratodus_forsteri_GENE_3317,Macropus_eugenii_GENE_3317
OG0000022,Neoceratodus_forsteri_GENE_3508,Macropus_eugenii_GENE_3508
OG0000007,Neoceratodus_forsteri_GENE_3907,Macropus_eugenii_GENE_3907
OG0000043,Neoceratodus_forsteri_GENE_401,Macropus_eugenii_GENE_401
OG0000008,Neoceratodus_forsteri_GENE_541,Macropus_eugenii_GENE_541
OG0000024,Neoceratodus_forsteri_GENE_609,Macropus_eugenii_GENE_609
OG0000054,Neoceratodus_forsteri_GENE_634,Macropus_eugenii_GENE_634
OG0000025,Neoceratodus_forsteri_GENE_697,Macropus_eugenii_GENE_697
