	Anolis	Callorhinchus	Canis	Danio	Dasypus	Gallus	Homo	Latimeria	Lepidosiren	Lepisosteus	Loxodonta	Macropus	Meleagris	Monodelphis	Mus	Neoceratodus	Oreochromis	Ornithorhynchus	Pelodiscus	Protopterus	Taeniopygia	Takifugu	Xenopus
OG0000000	Anolis_carolinensis_GENE_1433	Callorhinchus_milii_GENE_1433	Canis_lupus_familiaris_GENE_1433	Danio_rerio_GENE_1433	Dasypus_novemcinctus_GENE_1433	Gallus_gallus_GENE_1433	Homo_sapiens_GENE_1433	Latimeria_chalumnae_GENE_1433	Lepidosiren_paradoxa_GENE_1433	Lepisosteus_oculatus_GENE_1433	Loxodonta_africana_GENE_1433	Macropus_eugenii_GENE_1433	Meleagris_gallopavo_GENE_1433	Monodelphis_domestica_GENE_1433	Mus_musculus_GENE_1433	Neoceratodus_forsteri_GENE_1433	Oreochromis_niloticus_GENE_1433	Ornithorhynchus_anatinus_GENE_1433	Pelodiscus_sinensis_GENE_1433	Protopterus_annectens_GENE_1433	Taeniopygia_guttata_GENE_1433	Takifugu_rubripes_GENE_1433	Xenopus_Silurana_tropicalis_GENE_1433
OG0000001	Anolis_carolinensis_GENE_2421	Callorhinchus_milii_GENE_2421	Canis_lupus_familiaris_GENE_2421	Danio_rerio_GENE_2421	Dasypus_novemcinctus_GENE_2421	Gallus_gallus_GENE_2421	Homo_sapiens_GENE_2421	Latimeria_chalumnae_GENE_2421	Lepidosiren_paradoxa_GENE_2421	Lepisosteus_oculatus_GENE_2421	Loxodonta_africana_GENE_2421	Macropus_eugenii_GENE_2421	Meleagris_gallopavo_GENE_2421	Monodelphis_domestica_GENE_2421	Mus_musculus_GENE_2421	Neoceratodus_forsteri_GENE_2421	Oreochromis_niloticus_GENE_2421	Ornithorhynchus_anatinus_GENE_2421	Pelodiscus_sinensis_GENE_2421	Protopterus_annectens_GENE_2421	Taeniopygia_guttata_GENE_2421	Takifugu_rubripes_GENE_2421	Xenopus_Silurana_tropicalis_GENE_2421
OG0000002	Anolis_carolinensis_GENE_3026	Callorhinchus_milii_GENE_3026	Canis_lupus_familiaris_GENE_3026	Danio_rerio_GENE_3026	Dasypus_novemcinctus_GENE_3026	Gallus_gallus_GENE_3026	Homo_sapiens_GENE_3026	Latimeria_chalumnae_GENE_3026	Lepidosiren_paradoxa_GENE_3026	Lepisosteus_oculatus_GENE_3026	Loxodonta_africana_GENE_3026	Macropus_eugenii_GENE_3026	Meleagris_gallopavo_GENE_3026	Monodelphis_domestica_GENE_3026	Mus_musculus_GENE_3026	Neoceratodus_forsteri_GENE_3026	Oreochromis_niloticus_GENE_3026	Ornithorhynchus_anatinus_GENE_3026	Pelodiscus_sinensis_GENE_3026	Protopterus_annectens_GENE_3026	Taeniopygia_guttata_GENE_3026	Takifugu_rubripes_GENE_3026	Xenopus_Silurana_tropicalis_GENE_3026
OG0000003	Anolis_carolinensis_GENE_3380	Callorhinchus_milii_GENE_3380	Canis_lupus_familiaris_GENE_3380	Danio_rerio_GENE_3380	Dasypus_novemcinctus_GENE_3380	Gallus_gallus_GENE_3380	Homo_sapiens_GENE_3380	Latimeria_chalumnae_GENE_3380	Lepidosiren_paradoxa_GENE_3380	Lepisosteus_oculatus_GENE_3380	Loxodonta_africana_GENE_3380	Macropus_eugenii_GENE_3380	Meleagris_gallopavo_GENE_3380	Monodelphis_domestica_GENE_3380	Mus_musculus_GENE_3380	Neoceratodus_forsteri_GENE_3380	Oreochromis_niloticus_GENE_3380	Ornithorhynchus_anatinus_GENE_3380	Pelodiscus_sinensis_GENE_3380	Protopterus_annectens_GENE_3380	Taeniopygia_guttata_GENE_3380	Takifugu_rubripes_GENE_3380	Xenopus_Silurana_tropicalis_GENE_3380
OG0000004	Anolis_carolinensis_GENE_343	Callorhinchus_milii_GENE_343	Canis_lupus_familiaris_GENE_343	Danio_rerio_GENE_343	Dasypus_novemcinctus_GENE_343	Gallus_gallus_GENE_343	Homo_sapiens_GENE_343	Latimeria_chalumnae_GENE_343	Lepidosiren_paradoxa_GENE_343	Lepisosteus_oculatus_GENE_343	Loxodonta_africana_GENE_343	Macropus_eugenii_GENE_343	Meleagris_gallopavo_GENE_343	Monodelphis_domestica_GENE_343	Mus_musculus_GENE_343	Neoceratodus_forsteri_GENE_343	Oreochromis_niloticus_GENE_343	Ornithorhynchus_anatinus_GENE_343	Pelodiscus_sinensis_GENE_343	Protopterus_annectens_GENE_343	Taeniopygia_guttata_GENE_343	Takifugu_rubripes_GENE_343	Xenopus_Silurana_tropicalis_GENE_343
OG0000005	Anolis_carolinensis_GENE_3570	Callorhinchus_milii_GENE_3570	Canis_lupus_familiaris_GENE_3570	Danio_rerio_GENE_3570	Dasypus_novemcinctus_GENE_3570	Gallus_gallus_GENE_3570	Homo_sapiens_GENE_3570	Latimeria_chalumnae_GENE_3570	Lepidosiren_paradoxa_GENE_3570	Lepisosteus_oculatus_GENE_3570	Loxodonta_africana_GENE_3570	Macropus_eugenii_GENE_3570	Meleagris_gallopavo_GENE_3570	Monodelphis_domestica_GENE_3570	Mus_musculus_GENE_3570	Neoceratodus_forsteri_GENE_3570	Oreochromis_niloticus_GENE_3570	Ornithorhynchus_anatinus_GENE_3570	Pelodiscus_sinensis_GENE_3570	Protopterus_annectens_GENE_3570	Taeniopygia_guttata_GENE_3570	Takifugu_rubripes_GENE_3570	Xenopus_Silurana_tropicalis_GENE_3570
OG0000006	Anolis_carolinensis_GENE_3818	Callorhinchus_milii_GENE_3818	Canis_lupus_familiaris_GENE_3818	Danio_rerio_GENE_3818	Dasypus_novemcinctus_GENE_3818	Gallus_gallus_GENE_3818	Homo_sapiens_GENE_3818	Latimeria_chalumnae_GENE_3818	Lepidosiren_paradoxa_GENE_3818	Lepisosteus_oculatus_GENE_3818	Loxodonta_africana_GENE_3818	Macropus_eugenii_GENE_3818	Meleagris_gallopavo_GENE_3818	Monodelphis_domestica_GENE_3818	Mus_musculus_GENE_3818	Neoceratodus_forsteri_GENE_3818	Oreochromis_niloticus_GENE_3818	Ornithorhynchus_anatinus_GENE_3818	Pelodiscus_sinensis_GENE_3818	Protopterus_annectens_GENE_3818	Taeniopygia_guttata_GENE_3818	Takifugu_rubripes_GENE_3818	Xenopus_Silurana_tropicalis_GENE_3818
OG0000007	Anolis_carolinensis_GENE_3907	Callorhinchus_milii_GENE_3907	Canis_lupus_familiaris_GENE_3907	Danio_rerio_GENE_3907	Dasypus_novemcinctus_GENE_3907	Gallus_gallus_GENE_3907	Homo_sapiens_GENE_3907	Latimeria_chalumnae_GENE_3907	Lepidosiren_paradoxa_GENE_3907	Lepisosteus_oculatus_GENE_3907	Loxodonta_africana_GENE_3907	Macropus_eugenii_GENE_3907	Meleagris_gallopavo_GENE_3907	Monodelphis_domestica_GENE_3907	Mus_musculus_GENE_3907	Neoceratodus_forsteri_GENE_3907	Oreochromis_niloticus_GENE_3907	Ornithorhynchus_anatinus_GENE_3907	Pelodiscus_sinensis_GENE_3907	Protopterus_annectens_GENE_3907	Taeniopygia_guttata_GENE_3907	Takifugu_rubripes_GENE_3907	Xenopus_Silurana_tropicalis_GENE_3907
OG0000008	Anolis_carolinensis_GENE_541	Callorhinchus_milii_GENE_541	Canis_lupus_familiaris_GENE_541	Danio_rerio_GENE_541	Dasypus_novemcinctus_GENE_541	Gallus_gallus_GENE_541	Homo_sapiens_GENE_541	Latimeria_chalumnae_GENE_541	Lepidosiren_paradoxa_GENE_541	Lepisosteus_oculatus_GENE_541	Loxodonta_africana_GENE_541	Macropus_eugenii_GENE_541	Meleagris_gallopavo_GENE_541	Monodelphis_domestica_GENE_541	Mus_musculus_GENE_541	Neoceratodus_forsteri_GENE_541	Oreochromis_niloticus_GENE_541	Ornithorhynchus_anatinus_GENE_541	Pelodiscus_sinensis_GENE_541	Protopterus_annectens_GENE_541	Taeniopygia_guttata_GENE_541	Takifugu_rubripes_GENE_541	Xenopus_Silurana_tropicalis_GENE_541
OG0000009	Anolis_carolinensis_GENE_730	Callorhinchus_milii_GENE_730	Canis_lupus_familiaris_GENE_730	Danio_rerio_GENE_730	Dasypus_novemcinctus_GENE_730	Gallus_gallus_GENE_730	Homo_sapiens_GENE_730	Latimeria_chalumnae_GENE_730	Lepidosiren_paradoxa_GENE_730	Lepisosteus_oculatus_GENE_730	Loxodonta_africana_GENE_730	Macropus_eugenii_GENE_730	Meleagris_gallopavo_GENE_730	Monodelphis_domestica_GENE_730	Mus_musculus_GENE_730	Neoceratodus_forsteri_GENE_730	Oreochromis_niloticus_GENE_730	Ornithorhynchus_anatinus_GENE_730	Pelodiscus_sinensis_GENE_730	Protopterus_annectens_GENE_730	Taeniopygia_guttata_GENE_730	Takifugu_rubripes_GENE_730	Xenopus_Silurana_tropicalis_GENE_730
OG0000010	Anolis_carolinensis_GENE_1086	Callorhinchus_milii_GENE_1086	Canis_lupus_familiaris_GENE_1086	Danio_rerio_GENE_1086	Dasypus_novemcinctus_GENE_1086	Gallus_gallus_GENE_1086	Homo_sapiens_GENE_1086	Latimeria_chalumnae_GENE_1086	Lepidosiren_paradoxa_GENE_1086	Lepisosteus_oculatus_GENE_1086	Loxodonta_africana_GENE_1086	Macropus_eugenii_GENE_1086	Meleagris_gallopavo_GENE_1086	Monodelphis_domestica_GENE_1086	Mus_musculus_GENE_1086	Neoceratodus_forsteri_GENE_1086	Oreochromis_niloticus_GENE_1086	Ornithorhynchus_anatinus_GENE_1086	Pelodiscus_sinensis_GENE_1086	Protopterus_annectens_GENE_1086		Takifugu_rubripes_GENE_1086	Xenopus_Silurana_tropicalis_GENE_1086
OG0000011	Anolis_carolinensis_GENE_1093	Callorhinchus_milii_GENE_1093	Canis_lupus_familiaris_GENE_1093	Danio_rerio_GENE_1093		Gallus_gallus_GENE_1093	Homo_sapiens_GENE_1093	Latimeria_chalumnae_GENE_1093	Lepidosiren_paradoxa_GENE_1093	Lepisosteus_oculatus_GENE_1093	Loxodonta_africana_GENE_1093	Macropus_eugenii_GENE_1093	Meleagris_gallopavo_GENE_1093	Monodelphis_domestica_GENE_1093	Mus_musculus_GENE_1093	Neoceratodus_forsteri_GENE_1093	Oreochromis_niloticus_GENE_1093	Ornithorhynchus_anatinus_GENE_1093	Pelodiscus_sinensis_GENE_1093	Protopterus_annectens_GENE_1093	Taeniopygia_guttata_GENE_1093	Takifugu_rubripes_GENE_1093	Xenopus_Silurana_tropicalis_GENE_1093
OG0000012	Anolis_carolinensis_GENE_1206	Callorhinchus_milii_GENE_1206	Canis_lupus_familiaris_GENE_1206	Danio_rerio_GENE_1206	Dasypus_novemcinctus_GENE_1206		Homo_sapiens_GENE_1206	Latimeria_chalumnae_GENE_1206	Lepidosiren_paradoxa_GENE_1206	Lepisosteus_oculatus_GENE_1206	Loxodonta_africana_GENE_1206	Macropus_eugenii_GENE_1206	Meleagris_gallopavo_GENE_1206	Monodelphis_domestica_GENE_1206	Mus_musculus_GENE_1206	Neoceratodus_forsteri_GENE_1206	Oreochromis_niloticus_GENE_1206	Ornithorhynchus_anatinus_GENE_1206	Pelodiscus_sinensis_GENE_1206	Protopterus_annectens_GENE_1206	Taeniopygia_guttata_GENE_1206	Takifugu_rubripes_GENE_1206	Xenopus_Silurana_tropicalis_GENE_1206
OG0000013	Anolis_carolinensis_GENE_1224	Callorhinchus_milii_GENE_1224	Canis_lupus_familiaris_GENE_1224	Danio_rerio_GENE_1224	Dasypus_novemcinctus_GENE_1224	Gallus_gallus_GENE_1224	Homo_sapiens_GENE_1224	Latimeria_chalumnae_GENE_1224	Lepidosiren_paradoxa_GENE_1224	Lepisosteus_oculatus_GENE_1224	Loxodonta_africana_GENE_1224	Macropus_eugenii_GENE_1224	Meleagris_gallopavo_GENE_1224	Monodelphis_domestica_GENE_1224	Mus_musculus_GENE_1224	Neoceratodus_forsteri_GENE_1224	Oreochromis_niloticus_GENE_1224	Ornithorhynchus_anatinus_GENE_1224	Pelodiscus_sinensis_GENE_1224	Protopterus_annectens_GENE_1224		Takifugu_rubripes_GENE_1224	Xenopus_Silurana_tropicalis_GENE_1224
OG0000014	Anolis_carolinensis_GENE_1646	Callorhinchus_milii_GENE_1646	Canis_lupus_familiaris_GENE_1646	Danio_rerio_GENE_1646	Dasypus_novemcinctus_GENE_1646	Gallus_gallus_GENE_1646	Homo_sapiens_GENE_1646	Latimeria_chalumnae_GENE_1646	Lepidosiren_paradoxa_GENE_1646	Lepisosteus_oculatus_GENE_1646	Loxodonta_africana_GENE_1646	Macropus_eugenii_GENE_1646	Meleagris_gallopavo_GENE_1646	Monodelphis_domestica_GENE_1646	Mus_musculus_GENE_1646	Neoceratodus_forsteri_GENE_1646	Oreochromis_niloticus_GENE_1646		Pelodiscus_sinensis_GENE_1646	Protopterus_annectens_GENE_1646	Taeniopygia_guttata_GENE_1646	Takifugu_rubripes_GENE_1646	Xenopus_Silurana_tropicalis_GENE_1646
OG0000015	Anolis_carolinensis_GENE_2194	Callorhinchus_milii_GENE_2194	Canis_lupus_familiaris_GENE_2194	Danio_rerio_GENE_2194	Dasypus_novemcinctus_GENE_2194	Gallus_gallus_GENE_2194	Homo_sapiens_GENE_2194	Latimeria_chalumnae_GENE_2194	Lepidosiren_paradoxa_GENE_2194	Lepisosteus_oculatus_GENE_2194	Loxodonta_africana_GENE_2194	Macropus_eugenii_GENE_2194	Meleagris_gallopavo_GENE_2194	Monodelphis_domestica_GENE_2194	Mus_musculus_GENE_2194	Neoceratodus_forsteri_GENE_2194	Oreochromis_niloticus_GENE_2194	Ornithorhynchus_anatinus_GENE_2194	Pelodiscus_sinensis_GENE_2194	Protopterus_annectens_GENE_2194		Takifugu_rubripes_GENE_2194	Xenopus_Silurana_tropicalis_GENE_2194
OG0000016	Anolis_carolinensis_GENE_2244	Callorhinchus_milii_GENE_2244	Canis_lupus_familiaris_GENE_2244	Danio_rerio_GENE_2244	Dasypus_novemcinctus_GENE_2244	Gallus_gallus_GENE_2244	Homo_sapiens_GENE_2244	Latimeria_chalumnae_GENE_2244	Lepidosiren_paradoxa_GENE_2244	Lepisosteus_oculatus_GENE_2244	Loxodonta_africana_GENE_2244		Meleagris_gallopavo_GENE_2244	Monodelphis_domestica_GENE_2244	Mus_musculus_GENE_2244	Neoceratodus_forsteri_GENE_2244	Oreochromis_niloticus_GENE_2244	Ornithorhynchus_anatinus_GENE_2244	Pelodiscus_sinensis_GENE_2244	Protopterus_annectens_GENE_2244	Taeniopygia_guttata_GENE_2244	Takifugu_rubripes_GENE_2244	Xenopus_Silurana_tropicalis_GENE_2244
OG0000017	Anolis_carolinensis_GENE_2459	Callorhinchus_milii_GENE_2459		Danio_rerio_GENE_2459	Dasypus_novemcinctus_GENE_2459	Gallus_gallus_GENE_2459	Homo_sapiens_GENE_2459	Latimeria_chalumnae_GENE_2459	Lepidosiren_paradoxa_GENE_2459	Lepisosteus_oculatus_GENE_2459	Loxodonta_africana_GENE_2459	Macropus_eugenii_GENE_2459	Meleagris_gallopavo_GENE_2459	Monodelphis_domestica_GENE_2459	Mus_musculus_GENE_2459	Neoceratodus_forsteri_GENE_2459	Oreochromis_niloticus_GENE_2459	Ornithorhynchus_anatinus_GENE_2459	Pelodiscus_sinensis_GENE_2459	Protopterus_annectens_GENE_2459	Taeniopygia_guttata_GENE_2459	Takifugu_rubripes_GENE_2459	Xenopus_Silurana_tropicalis_GENE_2459
OG0000018	Anolis_carolinensis_GENE_2772	Callorhinchus_milii_GENE_2772	Canis_lupus_familiaris_GENE_2772	Danio_rerio_GENE_2772	Dasypus_novemcinctus_GENE_2772	Gallus_gallus_GENE_2772	Homo_sapiens_GENE_2772	Latimeria_chalumnae_GENE_2772	Lepidosiren_paradoxa_GENE_2772	Lepisosteus_oculatus_GENE_2772	Loxodonta_africana_GENE_2772	Macropus_eugenii_GENE_2772	Meleagris_gallopavo_GENE_2772	Monodelphis_domestica_GENE_2772	Mus_musculus_GENE_2772	Neoceratodus_forsteri_GENE_2772	Oreochromis_niloticus_GENE_2772		Pelodiscus_sinensis_GENE_2772	Protopterus_annectens_GENE_2772	Taeniopygia_guttata_GENE_2772	Takifugu_rubripes_GENE_2772	Xenopus_Silurana_tropicalis_GENE_2772
OG0000019	Anolis_carolinensis_GENE_2903	Callorhinchus_milii_GENE_2903	Canis_lupus_familiaris_GENE_2903	Danio_rerio_GENE_2903	Dasypus_novemcinctus_GENE_2903	Gallus_gallus_GENE_2903	Homo_sapiens_GENE_2903	Latimeria_chalumnae_GENE_2903	Lepidosiren_paradoxa_GENE_2903	Lepisosteus_oculatus_GENE_2903	Loxodonta_africana_GENE_2903	Macropus_eugenii_GENE_2903	Meleagris_gallopavo_GENE_2903		Mus_musculus_GENE_2903	Neoceratodus_forsteri_GENE_2903	Oreochromis_niloticus_GENE_2903	Ornithorhynchus_anatinus_GENE_2903	Pelodiscus_sinensis_GENE_2903	Protopterus_annectens_GENE_2903	Taeniopygia_guttata_GENE_2903	Takifugu_rubripes_GENE_2903	Xenopus_Silurana_tropicalis_GENE_2903
OG0000020	Anolis_carolinensis_GENE_3353	Callorhinchus_milii_GENE_3353	Canis_lupus_familiaris_GENE_3353		Dasypus_novemcinctus_GENE_3353	Gallus_gallus_GENE_3353	Homo_sapiens_GENE_3353	Latimeria_chalumnae_GENE_3353	Lepidosiren_paradoxa_GENE_3353	Lepisosteus_oculatus_GENE_3353	Loxodonta_africana_GENE_3353	Macropus_eugenii_GENE_3353	Meleagris_gallopavo_GENE_3353	Monodelphis_domestica_GENE_3353	Mus_musculus_GENE_3353	Neoceratodus_forsteri_GENE_3353	Oreochromis_niloticus_GENE_3353	Ornithorhynchus_anatinus_GENE_3353	Pelodiscus_sinensis_GENE_3353	Protopterus_annectens_GENE_3353	Taeniopygia_guttata_GENE_3353	Takifugu_rubripes_GENE_3353	Xenopus_Silurana_tropicalis_GENE_3353
OG0000021	Anolis_carolinensis_GENE_3458	Callorhinchus_milii_GENE_3458	Canis_lupus_familiaris_GENE_3458		Dasypus_novemcinctus_GENE_3458	Gallus_gallus_GENE_3458	Homo_sapiens_GENE_3458	Latimeria_chalumnae_GENE_3458	Lepidosiren_paradoxa_GENE_3458	Lepisosteus_oculatus_GENE_3458	Loxodonta_africana_GENE_3458	Macropus_eugenii_GENE_3458	Meleagris_gallopavo_GENE_3458	Monodelphis_domestica_GENE_3458	Mus_musculus_GENE_3458	Neoceratodus_forsteri_GENE_3458	Oreochromis_niloticus_GENE_3458	Ornithorhynchus_anatinus_GENE_3458	Pelodiscus_sinensis_GENE_3458	Protopterus_annectens_GENE_3458	Taeniopygia_guttata_GENE_3458	Takifugu_rubripes_GENE_3458	Xenopus_Silurana_tropicalis_GENE_3458
OG0000022	Anolis_carolinensis_GENE_3508	Callorhinchus_milii_GENE_3508	Canis_lupus_familiaris_GENE_3508		Dasypus_novemcinctus_GENE_3508	Gallus_gallus_GENE_3508	Homo_sapiens_GENE_3508	Latimeria_chalumnae_GENE_3508	Lepidosiren_paradoxa_GENE_3508	Lepisosteus_oculatus_GENE_3508	Loxodonta_africana_GENE_3508	Macropus_eugenii_GENE_3508	Meleagris_gallopavo_GENE_3508	Monodelphis_domestica_GENE_3508	Mus_musculus_GENE_3508	Neoceratodus_forsteri_GENE_3508	Oreochromis_niloticus_GENE_3508	Ornithorhynchus_anatinus_GENE_3508	Pelodiscus_sinensis_GENE_3508	Protopterus_annectens_GENE_3508	Taeniopygia_guttata_GENE_3508	Takifugu_rubripes_GENE_3508	Xenopus_Silurana_tropicalis_GENE_3508
OG0000023	Anolis_carolinensis_GENE_3942	Callorhinchus_milii_GENE_3942	Canis_lupus_familiaris_GENE_3942		Dasypus_novemcinctus_GENE_3942	Gallus_gallus_GENE_3942	Homo_sapiens_GENE_3942	Latimeria_chalumnae_GENE_3942	Lepidosiren_paradoxa_GENE_3942	Lepisosteus_oculatus_GENE_3942	Loxodonta_africana_GENE_3942	Macropus_eugenii_GENE_3942	Meleagris_gallopavo_GENE_3942	Monodelphis_domestica_GENE_3942	Mus_musculus_GENE_3942	Neoceratodus_forsteri_GENE_3942	Oreochromis_niloticus_GENE_3942	Ornithorhynchus_anatinus_GENE_3942	Pelodiscus_sinensis_GENE_3942	Protopterus_annectens_GENE_3942	Taeniopygia_guttata_GENE_3942	Takifugu_rubripes_GENE_3942	Xenopus_Silurana_tropicalis_GENE_3942
OG0000024	Anolis_carolinensis_GENE_609	Callorhinchus_milii_GENE_609	Canis_lupus_familiaris_GENE_609	Danio_rerio_GENE_609	Dasypus_novemcinctus_GENE_609	Gallus_gallus_GENE_609	Homo_sapiens_GENE_609	Latimeria_chalumnae_GENE_609	Lepidosiren_paradoxa_GENE_609	Lepisosteus_oculatus_GENE_609	Loxodonta_africana_GENE_609	Macropus_eugenii_GENE_609	Meleagris_gallopavo_GENE_609	Monodelphis_domestica_GENE_609	Mus_musculus_GENE_609	Neoceratodus_forsteri_GENE_609	Oreochromis_niloticus_GENE_609	Ornithorhynchus_anatinus_GENE_609	Pelodiscus_sinensis_GENE_609	Protopterus_annectens_GENE_609	Taeniopygia_guttata_GENE_609	Takifugu_rubripes_GENE_609	
OG0000025	Anolis_carolinensis_GENE_697	Callorhinchus_milii_GENE_697	Canis_lupus_familiaris_GENE_697	Danio_rerio_GENE_697	Dasypus_novemcinctus_GENE_697	Gallus_gallus_GENE_697	Homo_sapiens_GENE_697	Latimeria_chalumnae_GENE_697	Lepidosiren_paradoxa_GENE_697	Lepisosteus_oculatus_GENE_697	Loxodonta_africana_GENE_697	Macropus_eugenii_GENE_697	Meleagris_gallopavo_GENE_697	Monodelphis_domestica_GENE_697	Mus_musculus_GENE_697	Neoceratodus_forsteri_GENE_697	Oreochromis_niloticus_GENE_697	Ornithorhynchus_anatinus_GENE_697	Pelodiscus_sinensis_GENE_697	Protopterus_annectens_GENE_697	Taeniopygia_guttata_GENE_697		Xenopus_Silurana_tropicalis_GENE_697
OG0000026	Anolis_carolinensis_GENE_974	Callorhinchus_milii_GENE_974	Canis_lupus_familiaris_GENE_974	Danio_rerio_GENE_974	Dasypus_novemcinctus_GENE_974	Gallus_gallus_GENE_974	Homo_sapiens_GENE_974	Latimeria_chalumnae_GENE_974	Lepidosiren_paradoxa_GENE_974	Lepisosteus_oculatus_GENE_974	Loxodonta_africana_GENE_974		Meleagris_gallopavo_GENE_974	Monodelphis_domestica_GENE_974	Mus_musculus_GENE_974	Neoceratodus_forsteri_GENE_974	Oreochromis_niloticus_GENE_974	Ornithorhynchus_anatinus_GENE_974	Pelodiscus_sinensis_GENE_974	Protopterus_annectens_GENE_974	Taeniopygia_guttata_GENE_974	Takifugu_rubripes_GENE_974	Xenopus_Silurana_tropicalis_GENE_974
OG0000027	Anolis_carolinensis_GENE_1465	Callorhinchus_milii_GENE_1465	Canis_lupus_familiaris_GENE_1465		Dasypus_novemcinctus_GENE_1465	Gallus_gallus_GENE_1465	Homo_sapiens_GENE_1465	Latimeria_chalumnae_GENE_1465	Lepidosiren_paradoxa_GENE_1465	Lepisosteus_oculatus_GENE_1465	Loxodonta_africana_GENE_1465	Macropus_eugenii_GENE_1465	Meleagris_gallopavo_GENE_1465	Monodelphis_domestica_GENE_1465	Mus_musculus_GENE_1465	Neoceratodus_forsteri_GENE_1465		Ornithorhynchus_anatinus_GENE_1465	Pelodiscus_sinensis_GENE_1465	Protopterus_annectens_GENE_1465	Taeniopygia_guttata_GENE_1465	Takifugu_rubripes_GENE_1465	Xenopus_Silurana_tropicalis_GENE_1465
OG0000028	Anolis_carolinensis_GENE_1671	Callorhinchus_milii_GENE_1671	Canis_lupus_familiaris_GENE_1671		Dasypus_novemcinctus_GENE_1671	Gallus_gallus_GENE_1671	Homo_sapiens_GENE_1671	Latimeria_chalumnae_GENE_1671	Lepidosiren_paradoxa_GENE_1671	Lepisosteus_oculatus_GENE_1671	Loxodonta_africana_GENE_1671	Macropus_eugenii_GENE_1671		Monodelphis_domestica_GENE_1671	Mus_musculus_GENE_1671	Neoceratodus_forsteri_GENE_1671	Oreochromis_niloticus_GENE_1671	Ornithorhynchus_anatinus_GENE_1671	Pelodiscus_sinensis_GENE_1671	Protopterus_annectens_GENE_1671	Taeniopygia_guttata_GENE_1671	Takifugu_rubripes_GENE_1671	Xenopus_Silurana_tropicalis_GENE_1671
OG0000029	Anolis_carolinensis_GENE_1724	Callorhinchus_milii_GENE_1724	Canis_lupus_familiaris_GENE_1724	Danio_rerio_GENE_1724	Dasypus_novemcinctus_GENE_1724	Gallus_gallus_GENE_1724	Homo_sapiens_GENE_1724	Latimeria_chalumnae_GENE_1724	Lepidosiren_paradoxa_GENE_1724	Lepisosteus_oculatus_GENE_1724	Loxodonta_africana_GENE_1724	Macropus_eugenii_GENE_1724	Meleagris_gallopavo_GENE_1724	Monodelphis_domestica_GENE_1724	Mus_musculus_GENE_1724	Neoceratodus_forsteri_GENE_1724		Ornithorhynchus_anatinus_GENE_1724	Pelodiscus_sinensis_GENE_1724	Protopterus_annectens_GENE_1724	Taeniopygia_guttata_GENE_1724		Xenopus_Silurana_tropicalis_GENE_1724
OG0000030	Anolis_carolinensis_GENE_1984	Callorhinchus_milii_GENE_1984	Canis_lupus_familiaris_GENE_1984		Dasypus_novemcinctus_GENE_1984	Gallus_gallus_GENE_1984	Homo_sapiens_GENE_1984	Latimeria_chalumnae_GENE_1984	Lepidosiren_paradoxa_GENE_1984	Lepisosteus_oculatus_GENE_1984	Loxodonta_africana_GENE_1984	Macropus_eugenii_GENE_1984	Meleagris_gallopavo_GENE_1984	Monodelphis_domestica_GENE_1984	Mus_musculus_GENE_1984	Neoceratodus_forsteri_GENE_1984		Ornithorhynchus_anatinus_GENE_1984	Pelodiscus_sinensis_GENE_1984	Protopterus_annectens_GENE_1984	Taeniopygia_guttata_GENE_1984	Takifugu_rubripes_GENE_1984	Xenopus_Silurana_tropicalis_GENE_1984
OG0000031	Anolis_carolinensis_GENE_2024	Callorhinchus_milii_GENE_2024	Canis_lupus_familiaris_GENE_2024	Danio_rerio_GENE_2024	Dasypus_novemcinctus_GENE_2024	Gallus_gallus_GENE_2024	Homo_sapiens_GENE_2024	Latimeria_chalumnae_GENE_2024	Lepidosiren_paradoxa_GENE_2024	Lepisosteus_oculatus_GENE_2024	Loxodonta_africana_GENE_2024	Macropus_eugenii_GENE_2024	Meleagris_gallopavo_GENE_2024	Monodelphis_domestica_GENE_2024	Mus_musculus_GENE_2024	Neoceratodus_forsteri_GENE_2024	Oreochromis_niloticus_GENE_2024			Protopterus_annectens_GENE_2024	Taeniopygia_guttata_GENE_2024	Takifugu_rubripes_GENE_2024	Xenopus_Silurana_tropicalis_GENE_2024
OG0000032	Anolis_carolinensis_GENE_2274	Callorhinchus_milii_GENE_2274	Canis_lupus_familiaris_GENE_2274	Danio_rerio_GENE_2274	Dasypus_novemcinctus_GENE_2274	Gallus_gallus_GENE_2274	Homo_sapiens_GENE_2274	Latimeria_chalumnae_GENE_2274	Lepidosiren_paradoxa_GENE_2274	Lepisosteus_oculatus_GENE_2274	Loxodonta_africana_GENE_2274	Macropus_eugenii_GENE_2274	Meleagris_gallopavo_GENE_2274	Monodelphis_domestica_GENE_2274	Mus_musculus_GENE_2274	Neoceratodus_forsteri_GENE_2274	Oreochromis_niloticus_GENE_2274		Pelodiscus_sinensis_GENE_2274	Protopterus_annectens_GENE_2274		Takifugu_rubripes_GENE_2274	Xenopus_Silurana_tropicalis_GENE_2274
OG0000033	Anolis_carolinensis_GENE_2443	Callorhinchus_milii_GENE_2443	Canis_lupus_familiaris_GENE_2443		Dasypus_novemcinctus_GENE_2443	Gallus_gallus_GENE_2443	Homo_sapiens_GENE_2443	Latimeria_chalumnae_GENE_2443	Lepidosiren_paradoxa_GENE_2443	Lepisosteus_oculatus_GENE_2443	Loxodonta_africana_GENE_2443	Macropus_eugenii_GENE_2443	Meleagris_gallopavo_GENE_2443	Monodelphis_domestica_GENE_2443	Mus_musculus_GENE_2443	Neoceratodus_forsteri_GENE_2443	Oreochromis_niloticus_GENE_2443	Ornithorhynchus_anatinus_GENE_2443	Pelodiscus_sinensis_GENE_2443	Protopterus_annectens_GENE_2443		Takifugu_rubripes_GENE_2443	Xenopus_Silurana_tropicalis_GENE_2443
OG0000034	Anolis_carolinensis_GENE_248	Callorhinchus_milii_GENE_248	Canis_lupus_familiaris_GENE_248			Gallus_gallus_GENE_248	Homo_sapiens_GENE_248	Latimeria_chalumnae_GENE_248	Lepidosiren_paradoxa_GENE_248	Lepisosteus_oculatus_GENE_248	Loxodonta_africana_GENE_248	Macropus_eugenii_GENE_248	Meleagris_gallopavo_GENE_248	Monodelphis_domestica_GENE_248	Mus_musculus_GENE_248	Neoceratodus_forsteri_GENE_248	Oreochromis_niloticus_GENE_248	Ornithorhynchus_anatinus_GENE_248	Pelodiscus_sinensis_GENE_248	Protopterus_annectens_GENE_248	Taeniopygia_guttata_GENE_248	Takifugu_rubripes_GENE_248	Xenopus_Silurana_tropicalis_GENE_248
OG0000035	Anolis_carolinensis_GENE_2537	Callorhinchus_milii_GENE_2537	Canis_lupus_familiaris_GENE_2537	Danio_rerio_GENE_2537	Dasypus_novemcinctus_GENE_2537	Gallus_gallus_GENE_2537	Homo_sapiens_GENE_2537	Latimeria_chalumnae_GENE_2537	Lepidosiren_paradoxa_GENE_2537	Lepisosteus_oculatus_GENE_2537	Loxodonta_africana_GENE_2537	Macropus_eugenii_GENE_2537	Meleagris_gallopavo_GENE_2537	Monodelphis_domestica_GENE_2537	Mus_musculus_GENE_2537	Neoceratodus_forsteri_GENE_2537	Oreochromis_niloticus_GENE_2537		Pelodiscus_sinensis_GENE_2537	Protopterus_annectens_GENE_2537		Takifugu_rubripes_GENE_2537	Xenopus_Silurana_tropicalis_GENE_2537
OG0000036	Anolis_carolinensis_GENE_2869	Callorhinchus_milii_GENE_2869	Canis_lupus_familiaris_GENE_2869	Danio_rerio_GENE_2869	Dasypus_novemcinctus_GENE_2869	Gallus_gallus_GENE_2869	Homo_sapiens_GENE_2869	Latimeria_chalumnae_GENE_2869	Lepidosiren_paradoxa_GENE_2869	Lepisosteus_oculatus_GENE_2869	Loxodonta_africana_GENE_2869	Macropus_eugenii_GENE_2869	Meleagris_gallopavo_GENE_2869	Monodelphis_domestica_GENE_2869	Mus_musculus_GENE_2869	Neoceratodus_forsteri_GENE_2869	Oreochromis_niloticus_GENE_2869		Pelodiscus_sinensis_GENE_2869	Protopterus_annectens_GENE_2869		Takifugu_rubripes_GENE_2869	Xenopus_Silurana_tropicalis_GENE_2869
OG0000037	Anolis_carolinensis_GENE_3089	Callorhinchus_milii_GENE_3089	Canis_lupus_familiaris_GENE_3089	Danio_rerio_GENE_3089		Gallus_gallus_GENE_3089	Homo_sapiens_GENE_3089	Latimeria_chalumnae_GENE_3089	Lepidosiren_paradoxa_GENE_3089	Lepisosteus_oculatus_GENE_3089	Loxodonta_africana_GENE_3089	Macropus_eugenii_GENE_3089	Meleagris_gallopavo_GENE_3089	Monodelphis_domestica_GENE_3089	Mus_musculus_GENE_3089	Neoceratodus_forsteri_GENE_3089	Oreochromis_niloticus_GENE_3089		Pelodiscus_sinensis_GENE_3089	Protopterus_annectens_GENE_3089	Taeniopygia_guttata_GENE_3089	Takifugu_rubripes_GENE_3089	Xenopus_Silurana_tropicalis_GENE_3089
OG0000038	Anolis_carolinensis_GENE_3150	Callorhinchus_milii_GENE_3150	Canis_lupus_familiaris_GENE_3150	Danio_rerio_GENE_3150	Dasypus_novemcinctus_GENE_3150	Gallus_gallus_GENE_3150	Homo_sapiens_GENE_3150	Latimeria_chalumnae_GENE_3150	Lepidosiren_paradoxa_GENE_3150	Lepisosteus_oculatus_GENE_3150	Loxodonta_africana_GENE_3150		Meleagris_gallopavo_GENE_3150		Mus_musculus_GENE_3150	Neoceratodus_forsteri_GENE_3150	Oreochromis_niloticus_GENE_3150	Ornithorhynchus_anatinus_GENE_3150	Pelodiscus_sinensis_GENE_3150	Protopterus_annectens_GENE_3150	Taeniopygia_guttata_GENE_3150	Takifugu_rubripes_GENE_3150	Xenopus_Silurana_tropicalis_GENE_3150
OG0000039	Anolis_carolinensis_GENE_3290	Callorhinchus_milii_GENE_3290	Canis_lupus_familiaris_GENE_3290	Danio_rerio_GENE_3290	Dasypus_novemcinctus_GENE_3290	Gallus_gallus_GENE_3290	Homo_sapiens_GENE_3290	Latimeria_chalumnae_GENE_3290	Lepidosiren_paradoxa_GENE_3290	Lepisosteus_oculatus_GENE_3290	Loxodonta_africana_GENE_3290	Macropus_eugenii_GENE_3290	Meleagris_gallopavo_GENE_3290	Monodelphis_domestica_GENE_3290	Mus_musculus_GENE_3290	Neoceratodus_forsteri_GENE_3290	Oreochromis_niloticus_GENE_3290		Pelodiscus_sinensis_GENE_3290	Protopterus_annectens_GENE_3290		Takifugu_rubripes_GENE_3290	Xenopus_Silurana_tropicalis_GENE_3290
OG0000040	Anolis_carolinensis_GENE_3515	Callorhinchus_milii_GENE_3515	Canis_lupus_familiaris_GENE_3515	Danio_rerio_GENE_3515	Dasypus_novemcinctus_GENE_3515	Gallus_gallus_GENE_3515	Homo_sapiens_GENE_3515	Latimeria_chalumnae_GENE_3515	Lepidosiren_paradoxa_GENE_3515	Lepisosteus_oculatus_GENE_3515	Loxodonta_africana_GENE_3515	Macropus_eugenii_GENE_3515	Meleagris_gallopavo_GENE_3515	Monodelphis_domestica_GENE_3515	Mus_musculus_GENE_3515	Neoceratodus_forsteri_GENE_3515		Ornithorhynchus_anatinus_GENE_3515	Pelodiscus_sinensis_GENE_3515	Protopterus_annectens_GENE_3515	Taeniopygia_guttata_GENE_3515		Xenopus_Silurana_tropicalis_GENE_3515
OG0000041	Anolis_carolinensis_GENE_39		Canis_lupus_familiaris_GENE_39	Danio_rerio_GENE_39	Dasypus_novemcinctus_GENE_39		Homo_sapiens_GENE_39	Latimeria_chalumnae_GENE_39	Lepidosiren_paradoxa_GENE_39	Lepisosteus_oculatus_GENE_39	Loxodonta_africana_GENE_39	Macropus_eugenii_GENE_39	Meleagris_gallopavo_GENE_39	Monodelphis_domestica_GENE_39	Mus_musculus_GENE_39	Neoceratodus_forsteri_GENE_39	Oreochromis_niloticus_GENE_39	Ornithorhynchus_anatinus_GENE_39	Pelodiscus_sinensis_GENE_39	Protopterus_annectens_GENE_39	Taeniopygia_guttata_GENE_39	Takifugu_rubripes_GENE_39	Xenopus_Silurana_tropicalis_GENE_39
OG0000042	Anolis_carolinensis_GENE_3912	Callorhinchus_milii_GENE_3912	Canis_lupus_familiaris_GENE_3912	Danio_rerio_GENE_3912	Dasypus_novemcinctus_GENE_3912	Gallus_gallus_GENE_3912	Homo_sapiens_GENE_3912	Latimeria_chalumnae_GENE_3912	Lepidosiren_paradoxa_GENE_3912	Lepisosteus_oculatus_GENE_3912	Loxodonta_africana_GENE_3912	Macropus_eugenii_GENE_3912	Meleagris_gallopavo_GENE_3912	Monodelphis_domestica_GENE_3912	Mus_musculus_GENE_3912	Neoceratodus_forsteri_GENE_3912	Oreochromis_niloticus_GENE_3912	Ornithorhynchus_anatinus_GENE_3912		Protopterus_annectens_GENE_3912		Takifugu_rubripes_GENE_3912	Xenopus_Silurana_tropicalis_GENE_3912
OG0000043	Anolis_carolinensis_GENE_401	Callorhinchus_milii_GENE_401	Canis_lupus_familiaris_GENE_401	Danio_rerio_GENE_401	Dasypus_novemcinctus_GENE_401	Gallus_gallus_GENE_401	Homo_sapiens_GENE_401	Latimeria_chalumnae_GENE_401	Lepidosiren_paradoxa_GENE_401	Lepisosteus_oculatus_GENE_401	Loxodonta_africana_GENE_401	Macropus_eugenii_GENE_401	Meleagris_gallopavo_GENE_401	Monodelphis_domestica_GENE_401	Mus_musculus_GENE_401	Neoceratodus_forsteri_GENE_401		Ornithorhynchus_anatinus_GENE_401	Pelodiscus_sinensis_GENE_401	Protopterus_annectens_GENE_401	Taeniopygia_guttata_GENE_401		Xenopus_Silurana_tropicalis_GENE_401
OG0000044	Anolis_carolinensis_GENE_583	Callorhinchus_milii_GENE_583	Canis_lupus_familiaris_GENE_583		Dasypus_novemcinctus_GENE_583	Gallus_gallus_GENE_583	Homo_sapiens_GENE_583	Latimeria_chalumnae_GENE_583	Lepidosiren_paradoxa_GENE_583	Lepisosteus_oculatus_GENE_583	Loxodonta_africana_GENE_583	Macropus_eugenii_GENE_583	Meleagris_gallopavo_GENE_583	Monodelphis_domestica_GENE_583	Mus_musculus_GENE_583	Neoceratodus_forsteri_GENE_583		Ornithorhynchus_anatinus_GENE_583	Pelodiscus_sinensis_GENE_583	Protopterus_annectens_GENE_583	Taeniopygia_guttata_GENE_583	Takifugu_rubripes_GENE_583	Xenopus_Silurana_tropicalis_GENE_583
OG0000045	Anolis_carolinensis_GENE_952	Callorhinchus_milii_GENE_952	Canis_lupus_familiaris_GENE_952		Dasypus_novemcinctus_GENE_952	Gallus_gallus_GENE_952	Homo_sapiens_GENE_952	Latimeria_chalumnae_GENE_952	Lepidosiren_paradoxa_GENE_952	Lepisosteus_oculatus_GENE_952	Loxodonta_africana_GENE_952	Macropus_eugenii_GENE_952	Meleagris_gallopavo_GENE_952	Monodelphis_domestica_GENE_952	Mus_musculus_GENE_952	Neoceratodus_forsteri_GENE_952	Oreochromis_niloticus_GENE_952	Ornithorhynchus_anatinus_GENE_952	Pelodiscus_sinensis_GENE_952	Protopterus_annectens_GENE_952		Takifugu_rubripes_GENE_952	Xenopus_Silurana_tropicalis_GENE_952
OG0000046		Callorhinchus_milii_GENE_368	Canis_lupus_familiaris_GENE_368	Danio_rerio_GENE_368	Dasypus_novemcinctus_GENE_368	Gallus_gallus_GENE_368	Homo_sapiens_GENE_368	Latimeria_chalumnae_GENE_368	Lepidosiren_paradoxa_GENE_368	Lepisosteus_oculatus_GENE_368	Loxodonta_africana_GENE_368	Macropus_eugenii_GENE_368	Meleagris_gallopavo_GENE_368	Monodelphis_domestica_GENE_368	Mus_musculus_GENE_368	Neoceratodus_forsteri_GENE_368	Oreochromis_niloticus_GENE_368	Ornithorhynchus_anatinus_GENE_368		Protopterus_annectens_GENE_368	Taeniopygia_guttata_GENE_368	Takifugu_rubripes_GENE_368	Xenopus_Silurana_tropicalis_GENE_368
OG0000047	Anolis_carolinensis_GENE_2063	Callorhinchus_milii_GENE_2063		Danio_rerio_GENE_2063	Dasypus_novemcinctus_GENE_2063	Gallus_gallus_GENE_2063		Latimeria_chalumnae_GENE_2063	Lepidosiren_paradoxa_GENE_2063	Lepisosteus_oculatus_GENE_2063	Loxodonta_africana_GENE_2063	Macropus_eugenii_GENE_2063	Meleagris_gallopavo_GENE_2063	Monodelphis_domestica_GENE_2063	Mus_musculus_GENE_2063	Neoceratodus_forsteri_GENE_2063	Oreochromis_niloticus_GENE_2063	Ornithorhynchus_anatinus_GENE_2063	Pelodiscus_sinensis_GENE_2063	Protopterus_annectens_GENE_2063	Taeniopygia_guttata_GENE_2063		Xenopus_Silurana_tropicalis_GENE_2063
OG0000048	Anolis_carolinensis_GENE_2498	Callorhinchus_milii_GENE_2498	Canis_lupus_familiaris_GENE_2498	Danio_rerio_GENE_2498		Gallus_gallus_GENE_2498	Homo_sapiens_GENE_2498	Latimeria_chalumnae_GENE_2498	Lepidosiren_paradoxa_GENE_2498	Lepisosteus_oculatus_GENE_2498	Loxodonta_africana_GENE_2498	Macropus_eugenii_GENE_2498	Meleagris_gallopavo_GENE_2498	Monodelphis_domestica_GENE_2498	Mus_musculus_GENE_2498	Neoceratodus_forsteri_GENE_2498		Ornithorhynchus_anatinus_GENE_2498	Pelodiscus_sinensis_GENE_2498	Protopterus_annectens_GENE_2498	Taeniopygia_guttata_GENE_2498		Xenopus_Silurana_tropicalis_GENE_2498
OG0000049	Anolis_carolinensis_GENE_3058	Callorhinchus_milii_GENE_3058	Canis_lupus_familiaris_GENE_3058		Dasypus_novemcinctus_GENE_3058	Gallus_gallus_GENE_3058	Homo_sapiens_GENE_3058	Latimeria_chalumnae_GENE_3058	Lepidosiren_paradoxa_GENE_3058	Lepisosteus_oculatus_GENE_3058	Loxodonta_africana_GENE_3058	Macropus_eugenii_GENE_3058	Meleagris_gallopavo_GENE_3058	Monodelphis_domestica_GENE_3058	Mus_musculus_GENE_3058		Oreochromis_niloticus_GENE_3058		Pelodiscus_sinensis_GENE_3058	Protopterus_annectens_GENE_3058	Taeniopygia_guttata_GENE_3058	Takifugu_rubripes_GENE_3058	Xenopus_Silurana_tropicalis_GENE_3058
OG0000050	Anolis_carolinensis_GENE_3210	Callorhinchus_milii_GENE_3210	Canis_lupus_familiaris_GENE_3210	Danio_rerio_GENE_3210		Gallus_gallus_GENE_3210	Homo_sapiens_GENE_3210	Latimeria_chalumnae_GENE_3210	Lepidosiren_paradoxa_GENE_3210	Lepisosteus_oculatus_GENE_3210		Macropus_eugenii_GENE_3210	Meleagris_gallopavo_GENE_3210		Mus_musculus_GENE_3210	Neoceratodus_forsteri_GENE_3210	Oreochromis_niloticus_GENE_3210	Ornithorhynchus_anatinus_GENE_3210	Pelodiscus_sinensis_GENE_3210	Protopterus_annectens_GENE_3210	Taeniopygia_guttata_GENE_3210	Takifugu_rubripes_GENE_3210	Xenopus_Silurana_tropicalis_GENE_3210
OG0000051	Anolis_carolinensis_GENE_3283	Callorhinchus_milii_GENE_3283	Canis_lupus_familiaris_GENE_3283		Dasypus_novemcinctus_GENE_3283	Gallus_gallus_GENE_3283	Homo_sapiens_GENE_3283	Latimeria_chalumnae_GENE_3283	Lepidosiren_paradoxa_GENE_3283	Lepisosteus_oculatus_GENE_3283	Loxodonta_africana_GENE_3283	Macropus_eugenii_GENE_3283	Meleagris_gallopavo_GENE_3283			Neoceratodus_forsteri_GENE_3283	Oreochromis_niloticus_GENE_3283	Ornithorhynchus_anatinus_GENE_3283	Pelodiscus_sinensis_GENE_3283	Protopterus_annectens_GENE_3283	Taeniopygia_guttata_GENE_3283	Takifugu_rubripes_GENE_3283	Xenopus_Silurana_tropicalis_GENE_3283
OG0000052	Anolis_carolinensis_GENE_3317	Callorhinchus_milii_GENE_3317		Danio_rerio_GENE_3317	Dasypus_novemcinctus_GENE_3317	Gallus_gallus_GENE_3317	Homo_sapiens_GENE_3317	Latimeria_chalumnae_GENE_3317	Lepidosiren_paradoxa_GENE_3317	Lepisosteus_oculatus_GENE_3317	Loxodonta_africana_GENE_3317	Macropus_eugenii_GENE_3317	Meleagris_gallopavo_GENE_3317	Monodelphis_domestica_GENE_3317	Mus_musculus_GENE_3317	Neoceratodus_forsteri_GENE_3317	Oreochromis_niloticus_GENE_3317		Pelodiscus_sinensis_GENE_3317	Protopterus_annectens_GENE_3317	Taeniopygia_guttata_GENE_3317	Takifugu_rubripes_GENE_3317	
OG0000053	Anolis_carolinensis_GENE_3913	Callorhinchus_milii_GENE_3913	Canis_lupus_familiaris_GENE_3913		Dasypus_novemcinctus_GENE_3913	Gallus_gallus_GENE_3913	Homo_sapiens_GENE_3913	Latimeria_chalumnae_GENE_3913	Lepidosiren_paradoxa_GENE_3913	Lepisosteus_oculatus_GENE_3913	Loxodonta_africana_GENE_3913	Macropus_eugenii_GENE_3913	Meleagris_gallopavo_GENE_3913	Monodelphis_domestica_GENE_3913	Mus_musculus_GENE_3913	Neoceratodus_forsteri_GENE_3913		Ornithorhynchus_anatinus_GENE_3913	Pelodiscus_sinensis_GENE_3913	Protopterus_annectens_GENE_3913	Taeniopygia_guttata_GENE_3913		Xenopus_Silurana_tropicalis_GENE_3913
OG0000054	Anolis_carolinensis_GENE_634	Callorhinchus_milii_GENE_634	Canis_lupus_familiaris_GENE_634	Danio_rerio_GENE_634	Dasypus_novemcinctus_GENE_634		Homo_sapiens_GENE_634	Latimeria_chalumnae_GENE_634	Lepidosiren_paradoxa_GENE_634	Lepisosteus_oculatus_GENE_634	Loxodonta_africana_GENE_634	Macropus_eugenii_GENE_634		Monodelphis_domestica_GENE_634	Mus_musculus_GENE_634	Neoceratodus_forsteri_GENE_634	Oreochromis_niloticus_GENE_634	Ornithorhynchus_anatinus_GENE_634	Pelodiscus_sinensis_GENE_634	Protopterus_annectens_GENE_634		Takifugu_rubripes_GENE_634	Xenopus_Silurana_tropicalis_GENE_634
OG0000055		Callorhinchus_milii_GENE_17	Canis_lupus_familiaris_GENE_17	Danio_rerio_GENE_17	Dasypus_novemcinctus_GENE_17	Gallus_gallus_GENE_17	Homo_sapiens_GENE_17	Latimeria_chalumnae_GENE_17	Lepidosiren_paradoxa_GENE_17	Lepisosteus_oculatus_GENE_17	Loxodonta_africana_GENE_17	Macropus_eugenii_GENE_17	Meleagris_gallopavo_GENE_17		Mus_musculus_GENE_17	Neoceratodus_forsteri_GENE_17	Oreochromis_niloticus_GENE_17		Pelodiscus_sinensis_GENE_17	Protopterus_annectens_GENE_17	Taeniopygia_guttata_GENE_17	Takifugu_rubripes_GENE_17	Xenopus_Silurana_tropicalis_GENE_17
