Number of genes	1204
Number of genes in orthogroups	1204
Number of unassigned genes	0
Percentage of genes in orthogroups	100.0
Percentage of unassigned genes	0.0
Number of orthogroups	56
Number of species-specific orthogroups	0
Number of genes in species-specific orthogroups	0
Percentage of genes in species-specific orthogroups	0.0
Mean orthogroup size	21.5
Median orthogroup size	21.0
G50 (assigned genes)	22
G50 (all genes)	22
O50 (assigned genes)	27
O50 (all genes)	27
Number of orthogroups with all species present	10
Number of single-copy orthogroups	10
Date	2019-02-28
Orthogroups file	Orthogroups.csv
Unassigned genes file	Orthogroups_UnassignedGenes.csv
Per-species statistics	Statistics_PerSpecies.csv
Overall statistics	Statistics_Overall.csv
Orthogroups shared between species	Orthogroups_SpeciesOverlaps.csv

Average number of genes per-species in orthogroup	Number of orthogroups	Percentage of orthogroups	Number of genes	Percentage of genes
<1	46	82.1	974	80.9
'1	10	17.9	230	19.1
'2	0	0.0	0	0.0
'3	0	0.0	0	0.0
'4	0	0.0	0	0.0
'5	0	0.0	0	0.0
'6	0	0.0	0	0.0
'7	0	0.0	0	0.0
'8	0	0.0	0	0.0
'9	0	0.0	0	0.0
'10	0	0.0	0	0.0
11-15	0	0.0	0	0.0
16-20	0	0.0	0	0.0
21-50	0	0.0	0	0.0
51-100	0	0.0	0	0.0
101-150	0	0.0	0	0.0
151-200	0	0.0	0	0.0
201-500	0	0.0	0	0.0
501-1000	0	0.0	0	0.0
'1001+	0	0.0	0	0.0

Number of species in orthogroup	Number of orthogroups
1	0
2	0
3	0
4	0
5	0
6	0
7	0
8	0
9	0
10	0
11	0
12	0
13	0
14	0
15	0
16	0
17	0
18	0
19	0
20	9
21	20
22	17
23	10
