Orthogroup,Latimeria,Anolis
OG0000000,Latimeria_chalumnae_GENE_1433,Anolis_carolinensis_GENE_1433
OG0000029,Latimeria_chalumnae_GENE_1724,Anolis_carolinensis_GENE_1724
OG0000016,Latimeria_chalumnae_GENE_2244,Anolis_carolinensis_GENE_2244
OG0000032,Latimeria_chalumnae_GENE_2274,Anolis_carolinensis_GENE_2274
OG0000017,Latimeria_chalumnae_GENE_2459,Anolis_carolinensis_GENE_2459
OG0000036,Latimeria_chalumnae_GENE_2869,Anolis_carolinensis_GENE_2869
OG0000019,Latimeria_chalumnae_GENE_2903,Anolis_carolinensis_GENE_2903
OG0000002,Latimeria_chalumnae_GENE_3026,Anolis_carolinensis_GENE_3026
OG0000050,Latimeria_chalumnae_GENE_3210,Anolis_carolinensis_GENE_3210
OG0000052,Latimeria_chalumnae_GENE_3317,Anolis_carolinensis_GENE_3317
OG0000005,Latimeria_chalumnae_GENE_3570,Anolis_carolinensis_GENE_3570
OG0000007,Latimeria_chalumnae_GENE_3907,Anolis_carolinensis_GENE_3907
OG0000043,Latimeria_chalumnae_GENE_401,Anolis_carolinensis_GENE_401
OG0000008,Latimeria_chalumnae_GENE_541,Anolis_carolinensis_GENE_541
OG0000054,Latimeria_chalumnae_GENE_634,Anolis_carolinensis_GENE_634
OG0000026,Latimeria_chalumnae_GENE_974,Anolis_carolinensis_GENE_974
