Orthogroup,Latimeria,Loxodonta
OG0000000,Latimeria_chalumnae_GENE_1433,Loxodonta_africana_GENE_1433
OG0000029,Latimeria_chalumnae_GENE_1724,Loxodonta_africana_GENE_1724
OG0000016,Latimeria_chalumnae_GENE_2244,Loxodonta_africana_GENE_2244
OG0000032,Latimeria_chalumnae_GENE_2274,Loxodonta_africana_GENE_2274
OG0000017,Latimeria_chalumnae_GENE_2459,Loxodonta_africana_GENE_2459
OG0000036,Latimeria_chalumnae_GENE_2869,Loxodonta_africana_GENE_2869
OG0000019,Latimeria_chalumnae_GENE_2903,Loxodonta_africana_GENE_2903
OG0000002,Latimeria_chalumnae_GENE_3026,Loxodonta_africana_GENE_3026
OG0000052,Latimeria_chalumnae_GENE_3317,Loxodonta_africana_GENE_3317
OG0000007,Latimeria_chalumnae_GENE_3907,Loxodonta_africana_GENE_3907
OG0000053,Latimeria_chalumnae_GENE_3913,Loxodonta_africana_GENE_3913
OG0000043,Latimeria_chalumnae_GENE_401,Loxodonta_africana_GENE_401
OG0000008,Latimeria_chalumnae_GENE_541,Loxodonta_africana_GENE_541
OG0000054,Latimeria_chalumnae_GENE_634,Loxodonta_africana_GENE_634
OG0000026,Latimeria_chalumnae_GENE_974,Loxodonta_africana_GENE_974
