Orthogroup,Latimeria,Mus
OG0000000,Latimeria_chalumnae_GENE_1433,Mus_musculus_GENE_1433
OG0000029,Latimeria_chalumnae_GENE_1724,Mus_musculus_GENE_1724
OG0000016,Latimeria_chalumnae_GENE_2244,Mus_musculus_GENE_2244
OG0000032,Latimeria_chalumnae_GENE_2274,Mus_musculus_GENE_2274
OG0000017,Latimeria_chalumnae_GENE_2459,Mus_musculus_GENE_2459
OG0000036,Latimeria_chalumnae_GENE_2869,Mus_musculus_GENE_2869
OG0000019,Latimeria_chalumnae_GENE_2903,Mus_musculus_GENE_2903
OG0000002,Latimeria_chalumnae_GENE_3026,Mus_musculus_GENE_3026
OG0000050,Latimeria_chalumnae_GENE_3210,Mus_musculus_GENE_3210
OG0000052,Latimeria_chalumnae_GENE_3317,Mus_musculus_GENE_3317
OG0000007,Latimeria_chalumnae_GENE_3907,Mus_musculus_GENE_3907
OG0000053,Latimeria_chalumnae_GENE_3913,Mus_musculus_GENE_3913
OG0000043,Latimeria_chalumnae_GENE_401,Mus_musculus_GENE_401
OG0000008,Latimeria_chalumnae_GENE_541,Mus_musculus_GENE_541
OG0000054,Latimeria_chalumnae_GENE_634,Mus_musculus_GENE_634
OG0000026,Latimeria_chalumnae_GENE_974,Mus_musculus_GENE_974
