Orthogroup,Latimeria,Danio
OG0000000,Latimeria_chalumnae_GENE_1433,Danio_rerio_GENE_1433
OG0000014,Latimeria_chalumnae_GENE_1646,Danio_rerio_GENE_1646
OG0000055,Latimeria_chalumnae_GENE_17,Danio_rerio_GENE_17
OG0000029,Latimeria_chalumnae_GENE_1724,Danio_rerio_GENE_1724
OG0000031,Latimeria_chalumnae_GENE_2024,Danio_rerio_GENE_2024
OG0000016,Latimeria_chalumnae_GENE_2244,Danio_rerio_GENE_2244
OG0000032,Latimeria_chalumnae_GENE_2274,Danio_rerio_GENE_2274
OG0000017,Latimeria_chalumnae_GENE_2459,Danio_rerio_GENE_2459
OG0000018,Latimeria_chalumnae_GENE_2772,Danio_rerio_GENE_2772
OG0000036,Latimeria_chalumnae_GENE_2869,Danio_rerio_GENE_2869
OG0000019,Latimeria_chalumnae_GENE_2903,Danio_rerio_GENE_2903
OG0000002,Latimeria_chalumnae_GENE_3026,Danio_rerio_GENE_3026
OG0000050,Latimeria_chalumnae_GENE_3210,Danio_rerio_GENE_3210
OG0000052,Latimeria_chalumnae_GENE_3317,Danio_rerio_GENE_3317
OG0000004,Latimeria_chalumnae_GENE_343,Danio_rerio_GENE_343
OG0000005,Latimeria_chalumnae_GENE_3570,Danio_rerio_GENE_3570
OG0000046,Latimeria_chalumnae_GENE_368,Danio_rerio_GENE_368
OG0000007,Latimeria_chalumnae_GENE_3907,Danio_rerio_GENE_3907
OG0000043,Latimeria_chalumnae_GENE_401,Danio_rerio_GENE_401
OG0000008,Latimeria_chalumnae_GENE_541,Danio_rerio_GENE_541
OG0000024,Latimeria_chalumnae_GENE_609,Danio_rerio_GENE_609
OG0000054,Latimeria_chalumnae_GENE_634,Danio_rerio_GENE_634
OG0000026,Latimeria_chalumnae_GENE_974,Danio_rerio_GENE_974
