Orthogroup,Latimeria,Ornithorhynchus
OG0000000,Latimeria_chalumnae_GENE_1433,Ornithorhynchus_anatinus_GENE_1433
OG0000029,Latimeria_chalumnae_GENE_1724,Ornithorhynchus_anatinus_GENE_1724
OG0000016,Latimeria_chalumnae_GENE_2244,Ornithorhynchus_anatinus_GENE_2244
OG0000017,Latimeria_chalumnae_GENE_2459,Ornithorhynchus_anatinus_GENE_2459
OG0000019,Latimeria_chalumnae_GENE_2903,Ornithorhynchus_anatinus_GENE_2903
OG0000002,Latimeria_chalumnae_GENE_3026,Ornithorhynchus_anatinus_GENE_3026
OG0000050,Latimeria_chalumnae_GENE_3210,Ornithorhynchus_anatinus_GENE_3210
OG0000007,Latimeria_chalumnae_GENE_3907,Ornithorhynchus_anatinus_GENE_3907
OG0000043,Latimeria_chalumnae_GENE_401,Ornithorhynchus_anatinus_GENE_401
OG0000008,Latimeria_chalumnae_GENE_541,Ornithorhynchus_anatinus_GENE_541
OG0000044,Latimeria_chalumnae_GENE_583,Ornithorhynchus_anatinus_GENE_583
OG0000054,Latimeria_chalumnae_GENE_634,Ornithorhynchus_anatinus_GENE_634
OG0000026,Latimeria_chalumnae_GENE_974,Ornithorhynchus_anatinus_GENE_974
