Orthogroup,Latimeria,Neoceratodus
OG0000000,Latimeria_chalumnae_GENE_1433,Neoceratodus_forsteri_GENE_1433
OG0000014,Latimeria_chalumnae_GENE_1646,Neoceratodus_forsteri_GENE_1646
OG0000055,Latimeria_chalumnae_GENE_17,Neoceratodus_forsteri_GENE_17
OG0000029,Latimeria_chalumnae_GENE_1724,Neoceratodus_forsteri_GENE_1724
OG0000030,Latimeria_chalumnae_GENE_1984,Neoceratodus_forsteri_GENE_1984
OG0000047,Latimeria_chalumnae_GENE_2063,Neoceratodus_forsteri_GENE_2063
OG0000015,Latimeria_chalumnae_GENE_2194,Neoceratodus_forsteri_GENE_2194
OG0000016,Latimeria_chalumnae_GENE_2244,Neoceratodus_forsteri_GENE_2244
OG0000032,Latimeria_chalumnae_GENE_2274,Neoceratodus_forsteri_GENE_2274
OG0000033,Latimeria_chalumnae_GENE_2443,Neoceratodus_forsteri_GENE_2443
OG0000017,Latimeria_chalumnae_GENE_2459,Neoceratodus_forsteri_GENE_2459
OG0000035,Latimeria_chalumnae_GENE_2537,Neoceratodus_forsteri_GENE_2537
OG0000018,Latimeria_chalumnae_GENE_2772,Neoceratodus_forsteri_GENE_2772
OG0000036,Latimeria_chalumnae_GENE_2869,Neoceratodus_forsteri_GENE_2869
OG0000019,Latimeria_chalumnae_GENE_2903,Neoceratodus_forsteri_GENE_2903
OG0000002,Latimeria_chalumnae_GENE_3026,Neoceratodus_forsteri_GENE_3026
OG0000038,Latimeria_chalumnae_GENE_3150,Neoceratodus_forsteri_GENE_3150
OG0000050,Latimeria_chalumnae_GENE_3210,Neoceratodus_forsteri_GENE_3210
OG0000051,Latimeria_chalumnae_GENE_3283,Neoceratodus_forsteri_GENE_3283
OG0000052,Latimeria_chalumnae_GENE_3317,Neoceratodus_forsteri_GENE_3317
OG0000021,Latimeria_chalumnae_GENE_3458,Neoceratodus_forsteri_GENE_3458
OG0000005,Latimeria_chalumnae_GENE_3570,Neoceratodus_forsteri_GENE_3570
OG0000006,Latimeria_chalumnae_GENE_3818,Neoceratodus_forsteri_GENE_3818
OG0000007,Latimeria_chalumnae_GENE_3907,Neoceratodus_forsteri_GENE_3907
OG0000053,Latimeria_chalumnae_GENE_3913,Neoceratodus_forsteri_GENE_3913
OG0000043,Latimeria_chalumnae_GENE_401,Neoceratodus_forsteri_GENE_401
OG0000008,Latimeria_chalumnae_GENE_541,Neoceratodus_forsteri_GENE_541
OG0000044,Latimeria_chalumnae_GENE_583,Neoceratodus_forsteri_GENE_583
OG0000054,Latimeria_chalumnae_GENE_634,Neoceratodus_forsteri_GENE_634
OG0000009,Latimeria_chalumnae_GENE_730,Neoceratodus_forsteri_GENE_730
OG0000045,Latimeria_chalumnae_GENE_952,Neoceratodus_forsteri_GENE_952
OG0000026,Latimeria_chalumnae_GENE_974,Neoceratodus_forsteri_GENE_974
