Orthogroup,Latimeria,Pelodiscus
OG0000000,Latimeria_chalumnae_GENE_1433,Pelodiscus_sinensis_GENE_1433
OG0000055,Latimeria_chalumnae_GENE_17,Pelodiscus_sinensis_GENE_17
OG0000029,Latimeria_chalumnae_GENE_1724,Pelodiscus_sinensis_GENE_1724
OG0000016,Latimeria_chalumnae_GENE_2244,Pelodiscus_sinensis_GENE_2244
OG0000032,Latimeria_chalumnae_GENE_2274,Pelodiscus_sinensis_GENE_2274
OG0000017,Latimeria_chalumnae_GENE_2459,Pelodiscus_sinensis_GENE_2459
OG0000018,Latimeria_chalumnae_GENE_2772,Pelodiscus_sinensis_GENE_2772
OG0000036,Latimeria_chalumnae_GENE_2869,Pelodiscus_sinensis_GENE_2869
OG0000019,Latimeria_chalumnae_GENE_2903,Pelodiscus_sinensis_GENE_2903
OG0000002,Latimeria_chalumnae_GENE_3026,Pelodiscus_sinensis_GENE_3026
OG0000050,Latimeria_chalumnae_GENE_3210,Pelodiscus_sinensis_GENE_3210
OG0000052,Latimeria_chalumnae_GENE_3317,Pelodiscus_sinensis_GENE_3317
OG0000005,Latimeria_chalumnae_GENE_3570,Pelodiscus_sinensis_GENE_3570
OG0000007,Latimeria_chalumnae_GENE_3907,Pelodiscus_sinensis_GENE_3907
OG0000043,Latimeria_chalumnae_GENE_401,Pelodiscus_sinensis_GENE_401
OG0000008,Latimeria_chalumnae_GENE_541,Pelodiscus_sinensis_GENE_541
OG0000054,Latimeria_chalumnae_GENE_634,Pelodiscus_sinensis_GENE_634
OG0000026,Latimeria_chalumnae_GENE_974,Pelodiscus_sinensis_GENE_974
