Orthogroup,Latimeria,Lepisosteus
OG0000010,Latimeria_chalumnae_GENE_1086,Lepisosteus_oculatus_GENE_1086
OG0000011,Latimeria_chalumnae_GENE_1093,Lepisosteus_oculatus_GENE_1093
OG0000012,Latimeria_chalumnae_GENE_1206,Lepisosteus_oculatus_GENE_1206
OG0000000,Latimeria_chalumnae_GENE_1433,Lepisosteus_oculatus_GENE_1433
OG0000027,Latimeria_chalumnae_GENE_1465,Lepisosteus_oculatus_GENE_1465
OG0000014,Latimeria_chalumnae_GENE_1646,Lepisosteus_oculatus_GENE_1646
OG0000055,Latimeria_chalumnae_GENE_17,Lepisosteus_oculatus_GENE_17
OG0000029,Latimeria_chalumnae_GENE_1724,Lepisosteus_oculatus_GENE_1724
OG0000030,Latimeria_chalumnae_GENE_1984,Lepisosteus_oculatus_GENE_1984
OG0000031,Latimeria_chalumnae_GENE_2024,Lepisosteus_oculatus_GENE_2024
OG0000016,Latimeria_chalumnae_GENE_2244,Lepisosteus_oculatus_GENE_2244
OG0000032,Latimeria_chalumnae_GENE_2274,Lepisosteus_oculatus_GENE_2274
OG0000033,Latimeria_chalumnae_GENE_2443,Lepisosteus_oculatus_GENE_2443
OG0000017,Latimeria_chalumnae_GENE_2459,Lepisosteus_oculatus_GENE_2459
OG0000018,Latimeria_chalumnae_GENE_2772,Lepisosteus_oculatus_GENE_2772
OG0000036,Latimeria_chalumnae_GENE_2869,Lepisosteus_oculatus_GENE_2869
OG0000019,Latimeria_chalumnae_GENE_2903,Lepisosteus_oculatus_GENE_2903
OG0000002,Latimeria_chalumnae_GENE_3026,Lepisosteus_oculatus_GENE_3026
OG0000049,Latimeria_chalumnae_GENE_3058,Lepisosteus_oculatus_GENE_3058
OG0000050,Latimeria_chalumnae_GENE_3210,Lepisosteus_oculatus_GENE_3210
OG0000052,Latimeria_chalumnae_GENE_3317,Lepisosteus_oculatus_GENE_3317
OG0000004,Latimeria_chalumnae_GENE_343,Lepisosteus_oculatus_GENE_343
OG0000021,Latimeria_chalumnae_GENE_3458,Lepisosteus_oculatus_GENE_3458
OG0000022,Latimeria_chalumnae_GENE_3508,Lepisosteus_oculatus_GENE_3508
OG0000005,Latimeria_chalumnae_GENE_3570,Lepisosteus_oculatus_GENE_3570
OG0000046,Latimeria_chalumnae_GENE_368,Lepisosteus_oculatus_GENE_368
OG0000007,Latimeria_chalumnae_GENE_3907,Lepisosteus_oculatus_GENE_3907
OG0000053,Latimeria_chalumnae_GENE_3913,Lepisosteus_oculatus_GENE_3913
OG0000043,Latimeria_chalumnae_GENE_401,Lepisosteus_oculatus_GENE_401
OG0000008,Latimeria_chalumnae_GENE_541,Lepisosteus_oculatus_GENE_541
OG0000044,Latimeria_chalumnae_GENE_583,Lepisosteus_oculatus_GENE_583
OG0000024,Latimeria_chalumnae_GENE_609,Lepisosteus_oculatus_GENE_609
OG0000054,Latimeria_chalumnae_GENE_634,Lepisosteus_oculatus_GENE_634
OG0000026,Latimeria_chalumnae_GENE_974,Lepisosteus_oculatus_GENE_974
