Orthogroup,Latimeria,Taeniopygia
OG0000000,Latimeria_chalumnae_GENE_1433,Taeniopygia_guttata_GENE_1433
OG0000055,Latimeria_chalumnae_GENE_17,Taeniopygia_guttata_GENE_17
OG0000029,Latimeria_chalumnae_GENE_1724,Taeniopygia_guttata_GENE_1724
OG0000016,Latimeria_chalumnae_GENE_2244,Taeniopygia_guttata_GENE_2244
OG0000017,Latimeria_chalumnae_GENE_2459,Taeniopygia_guttata_GENE_2459
OG0000018,Latimeria_chalumnae_GENE_2772,Taeniopygia_guttata_GENE_2772
OG0000019,Latimeria_chalumnae_GENE_2903,Taeniopygia_guttata_GENE_2903
OG0000002,Latimeria_chalumnae_GENE_3026,Taeniopygia_guttata_GENE_3026
OG0000050,Latimeria_chalumnae_GENE_3210,Taeniopygia_guttata_GENE_3210
OG0000052,Latimeria_chalumnae_GENE_3317,Taeniopygia_guttata_GENE_3317
OG0000022,Latimeria_chalumnae_GENE_3508,Taeniopygia_guttata_GENE_3508
OG0000005,Latimeria_chalumnae_GENE_3570,Taeniopygia_guttata_GENE_3570
OG0000007,Latimeria_chalumnae_GENE_3907,Taeniopygia_guttata_GENE_3907
OG0000043,Latimeria_chalumnae_GENE_401,Taeniopygia_guttata_GENE_401
OG0000008,Latimeria_chalumnae_GENE_541,Taeniopygia_guttata_GENE_541
OG0000026,Latimeria_chalumnae_GENE_974,Taeniopygia_guttata_GENE_974
