Orthogroup,Latimeria,Macropus
OG0000000,Latimeria_chalumnae_GENE_1433,Macropus_eugenii_GENE_1433
OG0000055,Latimeria_chalumnae_GENE_17,Macropus_eugenii_GENE_17
OG0000029,Latimeria_chalumnae_GENE_1724,Macropus_eugenii_GENE_1724
OG0000032,Latimeria_chalumnae_GENE_2274,Macropus_eugenii_GENE_2274
OG0000036,Latimeria_chalumnae_GENE_2869,Macropus_eugenii_GENE_2869
OG0000019,Latimeria_chalumnae_GENE_2903,Macropus_eugenii_GENE_2903
OG0000002,Latimeria_chalumnae_GENE_3026,Macropus_eugenii_GENE_3026
OG0000050,Latimeria_chalumnae_GENE_3210,Macropus_eugenii_GENE_3210
OG0000052,Latimeria_chalumnae_GENE_3317,Macropus_eugenii_GENE_3317
OG0000007,Latimeria_chalumnae_GENE_3907,Macropus_eugenii_GENE_3907
OG0000043,Latimeria_chalumnae_GENE_401,Macropus_eugenii_GENE_401
OG0000008,Latimeria_chalumnae_GENE_541,Macropus_eugenii_GENE_541
OG0000054,Latimeria_chalumnae_GENE_634,Macropus_eugenii_GENE_634
