Orthogroup,Latimeria,Takifugu
OG0000010,Latimeria_chalumnae_GENE_1086,Takifugu_rubripes_GENE_1086
OG0000000,Latimeria_chalumnae_GENE_1433,Takifugu_rubripes_GENE_1433
OG0000027,Latimeria_chalumnae_GENE_1465,Takifugu_rubripes_GENE_1465
OG0000014,Latimeria_chalumnae_GENE_1646,Takifugu_rubripes_GENE_1646
OG0000055,Latimeria_chalumnae_GENE_17,Takifugu_rubripes_GENE_17
OG0000030,Latimeria_chalumnae_GENE_1984,Takifugu_rubripes_GENE_1984
OG0000031,Latimeria_chalumnae_GENE_2024,Takifugu_rubripes_GENE_2024
OG0000016,Latimeria_chalumnae_GENE_2244,Takifugu_rubripes_GENE_2244
OG0000032,Latimeria_chalumnae_GENE_2274,Takifugu_rubripes_GENE_2274
OG0000001,Latimeria_chalumnae_GENE_2421,Takifugu_rubripes_GENE_2421
OG0000033,Latimeria_chalumnae_GENE_2443,Takifugu_rubripes_GENE_2443
OG0000017,Latimeria_chalumnae_GENE_2459,Takifugu_rubripes_GENE_2459
OG0000018,Latimeria_chalumnae_GENE_2772,Takifugu_rubripes_GENE_2772
OG0000036,Latimeria_chalumnae_GENE_2869,Takifugu_rubripes_GENE_2869
OG0000019,Latimeria_chalumnae_GENE_2903,Takifugu_rubripes_GENE_2903
OG0000002,Latimeria_chalumnae_GENE_3026,Takifugu_rubripes_GENE_3026
OG0000049,Latimeria_chalumnae_GENE_3058,Takifugu_rubripes_GENE_3058
OG0000050,Latimeria_chalumnae_GENE_3210,Takifugu_rubripes_GENE_3210
OG0000052,Latimeria_chalumnae_GENE_3317,Takifugu_rubripes_GENE_3317
OG0000004,Latimeria_chalumnae_GENE_343,Takifugu_rubripes_GENE_343
OG0000021,Latimeria_chalumnae_GENE_3458,Takifugu_rubripes_GENE_3458
OG0000022,Latimeria_chalumnae_GENE_3508,Takifugu_rubripes_GENE_3508
OG0000005,Latimeria_chalumnae_GENE_3570,Takifugu_rubripes_GENE_3570
OG0000046,Latimeria_chalumnae_GENE_368,Takifugu_rubripes_GENE_368
OG0000007,Latimeria_chalumnae_GENE_3907,Takifugu_rubripes_GENE_3907
OG0000008,Latimeria_chalumnae_GENE_541,Takifugu_rubripes_GENE_541
OG0000044,Latimeria_chalumnae_GENE_583,Takifugu_rubripes_GENE_583
OG0000024,Latimeria_chalumnae_GENE_609,Takifugu_rubripes_GENE_609
OG0000054,Latimeria_chalumnae_GENE_634,Takifugu_rubripes_GENE_634
OG0000026,Latimeria_chalumnae_GENE_974,Takifugu_rubripes_GENE_974
