Orthogroup,Latimeria,Meleagris
OG0000013,Latimeria_chalumnae_GENE_1224,Meleagris_gallopavo_GENE_1224
OG0000000,Latimeria_chalumnae_GENE_1433,Meleagris_gallopavo_GENE_1433
OG0000055,Latimeria_chalumnae_GENE_17,Meleagris_gallopavo_GENE_17
OG0000029,Latimeria_chalumnae_GENE_1724,Meleagris_gallopavo_GENE_1724
OG0000016,Latimeria_chalumnae_GENE_2244,Meleagris_gallopavo_GENE_2244
OG0000032,Latimeria_chalumnae_GENE_2274,Meleagris_gallopavo_GENE_2274
OG0000018,Latimeria_chalumnae_GENE_2772,Meleagris_gallopavo_GENE_2772
OG0000036,Latimeria_chalumnae_GENE_2869,Meleagris_gallopavo_GENE_2869
OG0000019,Latimeria_chalumnae_GENE_2903,Meleagris_gallopavo_GENE_2903
OG0000002,Latimeria_chalumnae_GENE_3026,Meleagris_gallopavo_GENE_3026
OG0000050,Latimeria_chalumnae_GENE_3210,Meleagris_gallopavo_GENE_3210
OG0000052,Latimeria_chalumnae_GENE_3317,Meleagris_gallopavo_GENE_3317
OG0000022,Latimeria_chalumnae_GENE_3508,Meleagris_gallopavo_GENE_3508
OG0000005,Latimeria_chalumnae_GENE_3570,Meleagris_gallopavo_GENE_3570
OG0000007,Latimeria_chalumnae_GENE_3907,Meleagris_gallopavo_GENE_3907
OG0000043,Latimeria_chalumnae_GENE_401,Meleagris_gallopavo_GENE_401
OG0000008,Latimeria_chalumnae_GENE_541,Meleagris_gallopavo_GENE_541
OG0000026,Latimeria_chalumnae_GENE_974,Meleagris_gallopavo_GENE_974
