Orthogroup,Latimeria,Xenopus
OG0000013,Latimeria_chalumnae_GENE_1224,Xenopus_Silurana_tropicalis_GENE_1224
OG0000000,Latimeria_chalumnae_GENE_1433,Xenopus_Silurana_tropicalis_GENE_1433
OG0000055,Latimeria_chalumnae_GENE_17,Xenopus_Silurana_tropicalis_GENE_17
OG0000029,Latimeria_chalumnae_GENE_1724,Xenopus_Silurana_tropicalis_GENE_1724
OG0000016,Latimeria_chalumnae_GENE_2244,Xenopus_Silurana_tropicalis_GENE_2244
OG0000032,Latimeria_chalumnae_GENE_2274,Xenopus_Silurana_tropicalis_GENE_2274
OG0000018,Latimeria_chalumnae_GENE_2772,Xenopus_Silurana_tropicalis_GENE_2772
OG0000036,Latimeria_chalumnae_GENE_2869,Xenopus_Silurana_tropicalis_GENE_2869
OG0000019,Latimeria_chalumnae_GENE_2903,Xenopus_Silurana_tropicalis_GENE_2903
OG0000002,Latimeria_chalumnae_GENE_3026,Xenopus_Silurana_tropicalis_GENE_3026
OG0000050,Latimeria_chalumnae_GENE_3210,Xenopus_Silurana_tropicalis_GENE_3210
OG0000022,Latimeria_chalumnae_GENE_3508,Xenopus_Silurana_tropicalis_GENE_3508
OG0000040,Latimeria_chalumnae_GENE_3515,Xenopus_Silurana_tropicalis_GENE_3515
OG0000005,Latimeria_chalumnae_GENE_3570,Xenopus_Silurana_tropicalis_GENE_3570
OG0000007,Latimeria_chalumnae_GENE_3907,Xenopus_Silurana_tropicalis_GENE_3907
OG0000023,Latimeria_chalumnae_GENE_3942,Xenopus_Silurana_tropicalis_GENE_3942
OG0000043,Latimeria_chalumnae_GENE_401,Xenopus_Silurana_tropicalis_GENE_401
OG0000008,Latimeria_chalumnae_GENE_541,Xenopus_Silurana_tropicalis_GENE_541
OG0000054,Latimeria_chalumnae_GENE_634,Xenopus_Silurana_tropicalis_GENE_634
OG0000026,Latimeria_chalumnae_GENE_974,Xenopus_Silurana_tropicalis_GENE_974
