Orthogroup,Latimeria,Monodelphis
OG0000000,Latimeria_chalumnae_GENE_1433,Monodelphis_domestica_GENE_1433
OG0000029,Latimeria_chalumnae_GENE_1724,Monodelphis_domestica_GENE_1724
OG0000016,Latimeria_chalumnae_GENE_2244,Monodelphis_domestica_GENE_2244
OG0000032,Latimeria_chalumnae_GENE_2274,Monodelphis_domestica_GENE_2274
OG0000017,Latimeria_chalumnae_GENE_2459,Monodelphis_domestica_GENE_2459
OG0000018,Latimeria_chalumnae_GENE_2772,Monodelphis_domestica_GENE_2772
OG0000036,Latimeria_chalumnae_GENE_2869,Monodelphis_domestica_GENE_2869
OG0000002,Latimeria_chalumnae_GENE_3026,Monodelphis_domestica_GENE_3026
OG0000052,Latimeria_chalumnae_GENE_3317,Monodelphis_domestica_GENE_3317
OG0000007,Latimeria_chalumnae_GENE_3907,Monodelphis_domestica_GENE_3907
OG0000053,Latimeria_chalumnae_GENE_3913,Monodelphis_domestica_GENE_3913
OG0000043,Latimeria_chalumnae_GENE_401,Monodelphis_domestica_GENE_401
OG0000008,Latimeria_chalumnae_GENE_541,Monodelphis_domestica_GENE_541
OG0000054,Latimeria_chalumnae_GENE_634,Monodelphis_domestica_GENE_634
OG0000026,Latimeria_chalumnae_GENE_974,Monodelphis_domestica_GENE_974
