Orthogroup,Latimeria,Callorhinchus
OG0000010,Latimeria_chalumnae_GENE_1086,Callorhinchus_milii_GENE_1086
OG0000000,Latimeria_chalumnae_GENE_1433,Callorhinchus_milii_GENE_1433
OG0000027,Latimeria_chalumnae_GENE_1465,Callorhinchus_milii_GENE_1465
OG0000014,Latimeria_chalumnae_GENE_1646,Callorhinchus_milii_GENE_1646
OG0000055,Latimeria_chalumnae_GENE_17,Callorhinchus_milii_GENE_17
OG0000029,Latimeria_chalumnae_GENE_1724,Callorhinchus_milii_GENE_1724
OG0000030,Latimeria_chalumnae_GENE_1984,Callorhinchus_milii_GENE_1984
OG0000031,Latimeria_chalumnae_GENE_2024,Callorhinchus_milii_GENE_2024
OG0000016,Latimeria_chalumnae_GENE_2244,Callorhinchus_milii_GENE_2244
OG0000032,Latimeria_chalumnae_GENE_2274,Callorhinchus_milii_GENE_2274
OG0000033,Latimeria_chalumnae_GENE_2443,Callorhinchus_milii_GENE_2443
OG0000017,Latimeria_chalumnae_GENE_2459,Callorhinchus_milii_GENE_2459
OG0000034,Latimeria_chalumnae_GENE_248,Callorhinchus_milii_GENE_248
OG0000048,Latimeria_chalumnae_GENE_2498,Callorhinchus_milii_GENE_2498
OG0000035,Latimeria_chalumnae_GENE_2537,Callorhinchus_milii_GENE_2537
OG0000018,Latimeria_chalumnae_GENE_2772,Callorhinchus_milii_GENE_2772
OG0000036,Latimeria_chalumnae_GENE_2869,Callorhinchus_milii_GENE_2869
OG0000019,Latimeria_chalumnae_GENE_2903,Callorhinchus_milii_GENE_2903
OG0000002,Latimeria_chalumnae_GENE_3026,Callorhinchus_milii_GENE_3026
OG0000049,Latimeria_chalumnae_GENE_3058,Callorhinchus_milii_GENE_3058
OG0000037,Latimeria_chalumnae_GENE_3089,Callorhinchus_milii_GENE_3089
OG0000050,Latimeria_chalumnae_GENE_3210,Callorhinchus_milii_GENE_3210
OG0000051,Latimeria_chalumnae_GENE_3283,Callorhinchus_milii_GENE_3283
OG0000052,Latimeria_chalumnae_GENE_3317,Callorhinchus_milii_GENE_3317
OG0000021,Latimeria_chalumnae_GENE_3458,Callorhinchus_milii_GENE_3458
OG0000022,Latimeria_chalumnae_GENE_3508,Callorhinchus_milii_GENE_3508
OG0000040,Latimeria_chalumnae_GENE_3515,Callorhinchus_milii_GENE_3515
OG0000005,Latimeria_chalumnae_GENE_3570,Callorhinchus_milii_GENE_3570
OG0000007,Latimeria_chalumnae_GENE_3907,Callorhinchus_milii_GENE_3907
OG0000053,Latimeria_chalumnae_GENE_3913,Callorhinchus_milii_GENE_3913
OG0000043,Latimeria_chalumnae_GENE_401,Callorhinchus_milii_GENE_401
OG0000008,Latimeria_chalumnae_GENE_541,Callorhinchus_milii_GENE_541
OG0000024,Latimeria_chalumnae_GENE_609,Callorhinchus_milii_GENE_609
OG0000054,Latimeria_chalumnae_GENE_634,Callorhinchus_milii_GENE_634
OG0000025,Latimeria_chalumnae_GENE_697,Callorhinchus_milii_GENE_697
OG0000026,Latimeria_chalumnae_GENE_974,Callorhinchus_milii_GENE_974
