Orthogroup,Latimeria,Protopterus
OG0000000,Latimeria_chalumnae_GENE_1433,Protopterus_annectens_GENE_1433
OG0000028,Latimeria_chalumnae_GENE_1671,Protopterus_annectens_GENE_1671
OG0000055,Latimeria_chalumnae_GENE_17,Protopterus_annectens_GENE_17
OG0000029,Latimeria_chalumnae_GENE_1724,Protopterus_annectens_GENE_1724
OG0000030,Latimeria_chalumnae_GENE_1984,Protopterus_annectens_GENE_1984
OG0000047,Latimeria_chalumnae_GENE_2063,Protopterus_annectens_GENE_2063
OG0000015,Latimeria_chalumnae_GENE_2194,Protopterus_annectens_GENE_2194
OG0000016,Latimeria_chalumnae_GENE_2244,Protopterus_annectens_GENE_2244
OG0000032,Latimeria_chalumnae_GENE_2274,Protopterus_annectens_GENE_2274
OG0000001,Latimeria_chalumnae_GENE_2421,Protopterus_annectens_GENE_2421
OG0000033,Latimeria_chalumnae_GENE_2443,Protopterus_annectens_GENE_2443
OG0000017,Latimeria_chalumnae_GENE_2459,Protopterus_annectens_GENE_2459
OG0000035,Latimeria_chalumnae_GENE_2537,Protopterus_annectens_GENE_2537
OG0000018,Latimeria_chalumnae_GENE_2772,Protopterus_annectens_GENE_2772
OG0000036,Latimeria_chalumnae_GENE_2869,Protopterus_annectens_GENE_2869
OG0000019,Latimeria_chalumnae_GENE_2903,Protopterus_annectens_GENE_2903
OG0000002,Latimeria_chalumnae_GENE_3026,Protopterus_annectens_GENE_3026
OG0000049,Latimeria_chalumnae_GENE_3058,Protopterus_annectens_GENE_3058
OG0000038,Latimeria_chalumnae_GENE_3150,Protopterus_annectens_GENE_3150
OG0000050,Latimeria_chalumnae_GENE_3210,Protopterus_annectens_GENE_3210
OG0000051,Latimeria_chalumnae_GENE_3283,Protopterus_annectens_GENE_3283
OG0000039,Latimeria_chalumnae_GENE_3290,Protopterus_annectens_GENE_3290
OG0000052,Latimeria_chalumnae_GENE_3317,Protopterus_annectens_GENE_3317
OG0000021,Latimeria_chalumnae_GENE_3458,Protopterus_annectens_GENE_3458
OG0000005,Latimeria_chalumnae_GENE_3570,Protopterus_annectens_GENE_3570
OG0000006,Latimeria_chalumnae_GENE_3818,Protopterus_annectens_GENE_3818
OG0000007,Latimeria_chalumnae_GENE_3907,Protopterus_annectens_GENE_3907
OG0000053,Latimeria_chalumnae_GENE_3913,Protopterus_annectens_GENE_3913
OG0000043,Latimeria_chalumnae_GENE_401,Protopterus_annectens_GENE_401
OG0000008,Latimeria_chalumnae_GENE_541,Protopterus_annectens_GENE_541
OG0000044,Latimeria_chalumnae_GENE_583,Protopterus_annectens_GENE_583
OG0000054,Latimeria_chalumnae_GENE_634,Protopterus_annectens_GENE_634
OG0000009,Latimeria_chalumnae_GENE_730,Protopterus_annectens_GENE_730
OG0000045,Latimeria_chalumnae_GENE_952,Protopterus_annectens_GENE_952
OG0000026,Latimeria_chalumnae_GENE_974,Protopterus_annectens_GENE_974
