Orthogroup,Latimeria,Dasypus
OG0000000,Latimeria_chalumnae_GENE_1433,Dasypus_novemcinctus_GENE_1433
OG0000029,Latimeria_chalumnae_GENE_1724,Dasypus_novemcinctus_GENE_1724
OG0000016,Latimeria_chalumnae_GENE_2244,Dasypus_novemcinctus_GENE_2244
OG0000032,Latimeria_chalumnae_GENE_2274,Dasypus_novemcinctus_GENE_2274
OG0000036,Latimeria_chalumnae_GENE_2869,Dasypus_novemcinctus_GENE_2869
OG0000019,Latimeria_chalumnae_GENE_2903,Dasypus_novemcinctus_GENE_2903
OG0000002,Latimeria_chalumnae_GENE_3026,Dasypus_novemcinctus_GENE_3026
OG0000052,Latimeria_chalumnae_GENE_3317,Dasypus_novemcinctus_GENE_3317
OG0000007,Latimeria_chalumnae_GENE_3907,Dasypus_novemcinctus_GENE_3907
OG0000053,Latimeria_chalumnae_GENE_3913,Dasypus_novemcinctus_GENE_3913
OG0000043,Latimeria_chalumnae_GENE_401,Dasypus_novemcinctus_GENE_401
OG0000008,Latimeria_chalumnae_GENE_541,Dasypus_novemcinctus_GENE_541
OG0000054,Latimeria_chalumnae_GENE_634,Dasypus_novemcinctus_GENE_634
OG0000026,Latimeria_chalumnae_GENE_974,Dasypus_novemcinctus_GENE_974
