Orthogroup,Latimeria,Lepidosiren
OG0000000,Latimeria_chalumnae_GENE_1433,Lepidosiren_paradoxa_GENE_1433
OG0000014,Latimeria_chalumnae_GENE_1646,Lepidosiren_paradoxa_GENE_1646
OG0000028,Latimeria_chalumnae_GENE_1671,Lepidosiren_paradoxa_GENE_1671
OG0000055,Latimeria_chalumnae_GENE_17,Lepidosiren_paradoxa_GENE_17
OG0000029,Latimeria_chalumnae_GENE_1724,Lepidosiren_paradoxa_GENE_1724
OG0000030,Latimeria_chalumnae_GENE_1984,Lepidosiren_paradoxa_GENE_1984
OG0000047,Latimeria_chalumnae_GENE_2063,Lepidosiren_paradoxa_GENE_2063
OG0000015,Latimeria_chalumnae_GENE_2194,Lepidosiren_paradoxa_GENE_2194
OG0000016,Latimeria_chalumnae_GENE_2244,Lepidosiren_paradoxa_GENE_2244
OG0000032,Latimeria_chalumnae_GENE_2274,Lepidosiren_paradoxa_GENE_2274
OG0000001,Latimeria_chalumnae_GENE_2421,Lepidosiren_paradoxa_GENE_2421
OG0000033,Latimeria_chalumnae_GENE_2443,Lepidosiren_paradoxa_GENE_2443
OG0000017,Latimeria_chalumnae_GENE_2459,Lepidosiren_paradoxa_GENE_2459
OG0000035,Latimeria_chalumnae_GENE_2537,Lepidosiren_paradoxa_GENE_2537
OG0000018,Latimeria_chalumnae_GENE_2772,Lepidosiren_paradoxa_GENE_2772
OG0000036,Latimeria_chalumnae_GENE_2869,Lepidosiren_paradoxa_GENE_2869
OG0000019,Latimeria_chalumnae_GENE_2903,Lepidosiren_paradoxa_GENE_2903
OG0000002,Latimeria_chalumnae_GENE_3026,Lepidosiren_paradoxa_GENE_3026
OG0000049,Latimeria_chalumnae_GENE_3058,Lepidosiren_paradoxa_GENE_3058
OG0000038,Latimeria_chalumnae_GENE_3150,Lepidosiren_paradoxa_GENE_3150
OG0000050,Latimeria_chalumnae_GENE_3210,Lepidosiren_paradoxa_GENE_3210
OG0000051,Latimeria_chalumnae_GENE_3283,Lepidosiren_paradoxa_GENE_3283
OG0000052,Latimeria_chalumnae_GENE_3317,Lepidosiren_paradoxa_GENE_3317
OG0000021,Latimeria_chalumnae_GENE_3458,Lepidosiren_paradoxa_GENE_3458
OG0000006,Latimeria_chalumnae_GENE_3818,Lepidosiren_paradoxa_GENE_3818
OG0000007,Latimeria_chalumnae_GENE_3907,Lepidosiren_paradoxa_GENE_3907
OG0000042,Latimeria_chalumnae_GENE_3912,Lepidosiren_paradoxa_GENE_3912
OG0000053,Latimeria_chalumnae_GENE_3913,Lepidosiren_paradoxa_GENE_3913
OG0000043,Latimeria_chalumnae_GENE_401,Lepidosiren_paradoxa_GENE_401
OG0000008,Latimeria_chalumnae_GENE_541,Lepidosiren_paradoxa_GENE_541
OG0000044,Latimeria_chalumnae_GENE_583,Lepidosiren_paradoxa_GENE_583
OG0000054,Latimeria_chalumnae_GENE_634,Lepidosiren_paradoxa_GENE_634
OG0000009,Latimeria_chalumnae_GENE_730,Lepidosiren_paradoxa_GENE_730
OG0000045,Latimeria_chalumnae_GENE_952,Lepidosiren_paradoxa_GENE_952
OG0000026,Latimeria_chalumnae_GENE_974,Lepidosiren_paradoxa_GENE_974
