Orthogroup,Latimeria,Canis
OG0000000,Latimeria_chalumnae_GENE_1433,Canis_lupus_familiaris_GENE_1433
OG0000029,Latimeria_chalumnae_GENE_1724,Canis_lupus_familiaris_GENE_1724
OG0000016,Latimeria_chalumnae_GENE_2244,Canis_lupus_familiaris_GENE_2244
OG0000032,Latimeria_chalumnae_GENE_2274,Canis_lupus_familiaris_GENE_2274
OG0000036,Latimeria_chalumnae_GENE_2869,Canis_lupus_familiaris_GENE_2869
OG0000019,Latimeria_chalumnae_GENE_2903,Canis_lupus_familiaris_GENE_2903
OG0000002,Latimeria_chalumnae_GENE_3026,Canis_lupus_familiaris_GENE_3026
OG0000050,Latimeria_chalumnae_GENE_3210,Canis_lupus_familiaris_GENE_3210
OG0000007,Latimeria_chalumnae_GENE_3907,Canis_lupus_familiaris_GENE_3907
OG0000043,Latimeria_chalumnae_GENE_401,Canis_lupus_familiaris_GENE_401
OG0000008,Latimeria_chalumnae_GENE_541,Canis_lupus_familiaris_GENE_541
OG0000054,Latimeria_chalumnae_GENE_634,Canis_lupus_familiaris_GENE_634
OG0000026,Latimeria_chalumnae_GENE_974,Canis_lupus_familiaris_GENE_974
