Orthogroup,Macropus,Takifugu
OG0000012,Macropus_eugenii_GENE_1206,Takifugu_rubripes_GENE_1206
OG0000013,Macropus_eugenii_GENE_1224,Takifugu_rubripes_GENE_1224
OG0000000,Macropus_eugenii_GENE_1433,Takifugu_rubripes_GENE_1433
OG0000055,Macropus_eugenii_GENE_17,Takifugu_rubripes_GENE_17
OG0000032,Macropus_eugenii_GENE_2274,Takifugu_rubripes_GENE_2274
OG0000035,Macropus_eugenii_GENE_2537,Takifugu_rubripes_GENE_2537
OG0000018,Macropus_eugenii_GENE_2772,Takifugu_rubripes_GENE_2772
OG0000036,Macropus_eugenii_GENE_2869,Takifugu_rubripes_GENE_2869
OG0000019,Macropus_eugenii_GENE_2903,Takifugu_rubripes_GENE_2903
OG0000002,Macropus_eugenii_GENE_3026,Takifugu_rubripes_GENE_3026
OG0000050,Macropus_eugenii_GENE_3210,Takifugu_rubripes_GENE_3210
OG0000052,Macropus_eugenii_GENE_3317,Takifugu_rubripes_GENE_3317
OG0000007,Macropus_eugenii_GENE_3907,Takifugu_rubripes_GENE_3907
OG0000008,Macropus_eugenii_GENE_541,Takifugu_rubripes_GENE_541
OG0000054,Macropus_eugenii_GENE_634,Takifugu_rubripes_GENE_634
