Orthogroup,Macropus,Dasypus
OG0000012,Macropus_eugenii_GENE_1206,Dasypus_novemcinctus_GENE_1206
OG0000013,Macropus_eugenii_GENE_1224,Dasypus_novemcinctus_GENE_1224
OG0000027,Macropus_eugenii_GENE_1465,Dasypus_novemcinctus_GENE_1465
OG0000014,Macropus_eugenii_GENE_1646,Dasypus_novemcinctus_GENE_1646
OG0000028,Macropus_eugenii_GENE_1671,Dasypus_novemcinctus_GENE_1671
OG0000047,Macropus_eugenii_GENE_2063,Dasypus_novemcinctus_GENE_2063
OG0000015,Macropus_eugenii_GENE_2194,Dasypus_novemcinctus_GENE_2194
OG0000001,Macropus_eugenii_GENE_2421,Dasypus_novemcinctus_GENE_2421
OG0000017,Macropus_eugenii_GENE_2459,Dasypus_novemcinctus_GENE_2459
OG0000035,Macropus_eugenii_GENE_2537,Dasypus_novemcinctus_GENE_2537
OG0000019,Macropus_eugenii_GENE_2903,Dasypus_novemcinctus_GENE_2903
OG0000052,Macropus_eugenii_GENE_3317,Dasypus_novemcinctus_GENE_3317
OG0000004,Macropus_eugenii_GENE_343,Dasypus_novemcinctus_GENE_343
OG0000021,Macropus_eugenii_GENE_3458,Dasypus_novemcinctus_GENE_3458
OG0000022,Macropus_eugenii_GENE_3508,Dasypus_novemcinctus_GENE_3508
OG0000005,Macropus_eugenii_GENE_3570,Dasypus_novemcinctus_GENE_3570
OG0000046,Macropus_eugenii_GENE_368,Dasypus_novemcinctus_GENE_368
OG0000006,Macropus_eugenii_GENE_3818,Dasypus_novemcinctus_GENE_3818
OG0000042,Macropus_eugenii_GENE_3912,Dasypus_novemcinctus_GENE_3912
OG0000043,Macropus_eugenii_GENE_401,Dasypus_novemcinctus_GENE_401
OG0000044,Macropus_eugenii_GENE_583,Dasypus_novemcinctus_GENE_583
OG0000054,Macropus_eugenii_GENE_634,Dasypus_novemcinctus_GENE_634
OG0000009,Macropus_eugenii_GENE_730,Dasypus_novemcinctus_GENE_730
