Orthogroup,Macropus,Oreochromis
OG0000012,Macropus_eugenii_GENE_1206,Oreochromis_niloticus_GENE_1206
OG0000013,Macropus_eugenii_GENE_1224,Oreochromis_niloticus_GENE_1224
OG0000000,Macropus_eugenii_GENE_1433,Oreochromis_niloticus_GENE_1433
OG0000055,Macropus_eugenii_GENE_17,Oreochromis_niloticus_GENE_17
OG0000047,Macropus_eugenii_GENE_2063,Oreochromis_niloticus_GENE_2063
OG0000032,Macropus_eugenii_GENE_2274,Oreochromis_niloticus_GENE_2274
OG0000035,Macropus_eugenii_GENE_2537,Oreochromis_niloticus_GENE_2537
OG0000018,Macropus_eugenii_GENE_2772,Oreochromis_niloticus_GENE_2772
OG0000036,Macropus_eugenii_GENE_2869,Oreochromis_niloticus_GENE_2869
OG0000019,Macropus_eugenii_GENE_2903,Oreochromis_niloticus_GENE_2903
OG0000002,Macropus_eugenii_GENE_3026,Oreochromis_niloticus_GENE_3026
OG0000050,Macropus_eugenii_GENE_3210,Oreochromis_niloticus_GENE_3210
OG0000052,Macropus_eugenii_GENE_3317,Oreochromis_niloticus_GENE_3317
OG0000007,Macropus_eugenii_GENE_3907,Oreochromis_niloticus_GENE_3907
OG0000008,Macropus_eugenii_GENE_541,Oreochromis_niloticus_GENE_541
OG0000054,Macropus_eugenii_GENE_634,Oreochromis_niloticus_GENE_634
