Orthogroup,Macropus,Monodelphis
OG0000011,Macropus_eugenii_GENE_1093,Monodelphis_domestica_GENE_1093
OG0000012,Macropus_eugenii_GENE_1206,Monodelphis_domestica_GENE_1206
OG0000013,Macropus_eugenii_GENE_1224,Monodelphis_domestica_GENE_1224
OG0000027,Macropus_eugenii_GENE_1465,Monodelphis_domestica_GENE_1465
OG0000014,Macropus_eugenii_GENE_1646,Monodelphis_domestica_GENE_1646
OG0000028,Macropus_eugenii_GENE_1671,Monodelphis_domestica_GENE_1671
OG0000030,Macropus_eugenii_GENE_1984,Monodelphis_domestica_GENE_1984
OG0000047,Macropus_eugenii_GENE_2063,Monodelphis_domestica_GENE_2063
OG0000015,Macropus_eugenii_GENE_2194,Monodelphis_domestica_GENE_2194
OG0000032,Macropus_eugenii_GENE_2274,Monodelphis_domestica_GENE_2274
OG0000034,Macropus_eugenii_GENE_248,Monodelphis_domestica_GENE_248
OG0000048,Macropus_eugenii_GENE_2498,Monodelphis_domestica_GENE_2498
OG0000035,Macropus_eugenii_GENE_2537,Monodelphis_domestica_GENE_2537
OG0000036,Macropus_eugenii_GENE_2869,Monodelphis_domestica_GENE_2869
OG0000002,Macropus_eugenii_GENE_3026,Monodelphis_domestica_GENE_3026
OG0000037,Macropus_eugenii_GENE_3089,Monodelphis_domestica_GENE_3089
OG0000039,Macropus_eugenii_GENE_3290,Monodelphis_domestica_GENE_3290
OG0000052,Macropus_eugenii_GENE_3317,Monodelphis_domestica_GENE_3317
OG0000003,Macropus_eugenii_GENE_3380,Monodelphis_domestica_GENE_3380
OG0000004,Macropus_eugenii_GENE_343,Monodelphis_domestica_GENE_343
OG0000021,Macropus_eugenii_GENE_3458,Monodelphis_domestica_GENE_3458
OG0000022,Macropus_eugenii_GENE_3508,Monodelphis_domestica_GENE_3508
OG0000046,Macropus_eugenii_GENE_368,Monodelphis_domestica_GENE_368
OG0000006,Macropus_eugenii_GENE_3818,Monodelphis_domestica_GENE_3818
OG0000043,Macropus_eugenii_GENE_401,Monodelphis_domestica_GENE_401
OG0000008,Macropus_eugenii_GENE_541,Monodelphis_domestica_GENE_541
OG0000024,Macropus_eugenii_GENE_609,Monodelphis_domestica_GENE_609
OG0000054,Macropus_eugenii_GENE_634,Monodelphis_domestica_GENE_634
OG0000009,Macropus_eugenii_GENE_730,Monodelphis_domestica_GENE_730
OG0000045,Macropus_eugenii_GENE_952,Monodelphis_domestica_GENE_952
