Orthogroup,Macropus,Meleagris
OG0000000,Macropus_eugenii_GENE_1433,Meleagris_gallopavo_GENE_1433
OG0000027,Macropus_eugenii_GENE_1465,Meleagris_gallopavo_GENE_1465
OG0000055,Macropus_eugenii_GENE_17,Meleagris_gallopavo_GENE_17
OG0000029,Macropus_eugenii_GENE_1724,Meleagris_gallopavo_GENE_1724
OG0000047,Macropus_eugenii_GENE_2063,Meleagris_gallopavo_GENE_2063
OG0000032,Macropus_eugenii_GENE_2274,Meleagris_gallopavo_GENE_2274
OG0000001,Macropus_eugenii_GENE_2421,Meleagris_gallopavo_GENE_2421
OG0000033,Macropus_eugenii_GENE_2443,Meleagris_gallopavo_GENE_2443
OG0000048,Macropus_eugenii_GENE_2498,Meleagris_gallopavo_GENE_2498
OG0000035,Macropus_eugenii_GENE_2537,Meleagris_gallopavo_GENE_2537
OG0000036,Macropus_eugenii_GENE_2869,Meleagris_gallopavo_GENE_2869
OG0000019,Macropus_eugenii_GENE_2903,Meleagris_gallopavo_GENE_2903
OG0000037,Macropus_eugenii_GENE_3089,Meleagris_gallopavo_GENE_3089
OG0000050,Macropus_eugenii_GENE_3210,Meleagris_gallopavo_GENE_3210
OG0000039,Macropus_eugenii_GENE_3290,Meleagris_gallopavo_GENE_3290
OG0000052,Macropus_eugenii_GENE_3317,Meleagris_gallopavo_GENE_3317
OG0000021,Macropus_eugenii_GENE_3458,Meleagris_gallopavo_GENE_3458
OG0000040,Macropus_eugenii_GENE_3515,Meleagris_gallopavo_GENE_3515
OG0000006,Macropus_eugenii_GENE_3818,Meleagris_gallopavo_GENE_3818
OG0000007,Macropus_eugenii_GENE_3907,Meleagris_gallopavo_GENE_3907
OG0000043,Macropus_eugenii_GENE_401,Meleagris_gallopavo_GENE_401
OG0000024,Macropus_eugenii_GENE_609,Meleagris_gallopavo_GENE_609
OG0000009,Macropus_eugenii_GENE_730,Meleagris_gallopavo_GENE_730
