Orthogroup,Macropus,Lepisosteus
OG0000013,Macropus_eugenii_GENE_1224,Lepisosteus_oculatus_GENE_1224
OG0000000,Macropus_eugenii_GENE_1433,Lepisosteus_oculatus_GENE_1433
OG0000055,Macropus_eugenii_GENE_17,Lepisosteus_oculatus_GENE_17
OG0000029,Macropus_eugenii_GENE_1724,Lepisosteus_oculatus_GENE_1724
OG0000047,Macropus_eugenii_GENE_2063,Lepisosteus_oculatus_GENE_2063
OG0000032,Macropus_eugenii_GENE_2274,Lepisosteus_oculatus_GENE_2274
OG0000048,Macropus_eugenii_GENE_2498,Lepisosteus_oculatus_GENE_2498
OG0000035,Macropus_eugenii_GENE_2537,Lepisosteus_oculatus_GENE_2537
OG0000018,Macropus_eugenii_GENE_2772,Lepisosteus_oculatus_GENE_2772
OG0000036,Macropus_eugenii_GENE_2869,Lepisosteus_oculatus_GENE_2869
OG0000019,Macropus_eugenii_GENE_2903,Lepisosteus_oculatus_GENE_2903
OG0000002,Macropus_eugenii_GENE_3026,Lepisosteus_oculatus_GENE_3026
OG0000050,Macropus_eugenii_GENE_3210,Lepisosteus_oculatus_GENE_3210
OG0000052,Macropus_eugenii_GENE_3317,Lepisosteus_oculatus_GENE_3317
OG0000007,Macropus_eugenii_GENE_3907,Lepisosteus_oculatus_GENE_3907
OG0000043,Macropus_eugenii_GENE_401,Lepisosteus_oculatus_GENE_401
OG0000008,Macropus_eugenii_GENE_541,Lepisosteus_oculatus_GENE_541
OG0000054,Macropus_eugenii_GENE_634,Lepisosteus_oculatus_GENE_634
