Orthogroup,Macropus,Canis
OG0000012,Macropus_eugenii_GENE_1206,Canis_lupus_familiaris_GENE_1206
OG0000013,Macropus_eugenii_GENE_1224,Canis_lupus_familiaris_GENE_1224
OG0000027,Macropus_eugenii_GENE_1465,Canis_lupus_familiaris_GENE_1465
OG0000014,Macropus_eugenii_GENE_1646,Canis_lupus_familiaris_GENE_1646
OG0000028,Macropus_eugenii_GENE_1671,Canis_lupus_familiaris_GENE_1671
OG0000015,Macropus_eugenii_GENE_2194,Canis_lupus_familiaris_GENE_2194
OG0000032,Macropus_eugenii_GENE_2274,Canis_lupus_familiaris_GENE_2274
OG0000001,Macropus_eugenii_GENE_2421,Canis_lupus_familiaris_GENE_2421
OG0000048,Macropus_eugenii_GENE_2498,Canis_lupus_familiaris_GENE_2498
OG0000035,Macropus_eugenii_GENE_2537,Canis_lupus_familiaris_GENE_2537
OG0000019,Macropus_eugenii_GENE_2903,Canis_lupus_familiaris_GENE_2903
OG0000037,Macropus_eugenii_GENE_3089,Canis_lupus_familiaris_GENE_3089
OG0000050,Macropus_eugenii_GENE_3210,Canis_lupus_familiaris_GENE_3210
OG0000004,Macropus_eugenii_GENE_343,Canis_lupus_familiaris_GENE_343
OG0000021,Macropus_eugenii_GENE_3458,Canis_lupus_familiaris_GENE_3458
OG0000022,Macropus_eugenii_GENE_3508,Canis_lupus_familiaris_GENE_3508
OG0000040,Macropus_eugenii_GENE_3515,Canis_lupus_familiaris_GENE_3515
OG0000005,Macropus_eugenii_GENE_3570,Canis_lupus_familiaris_GENE_3570
OG0000046,Macropus_eugenii_GENE_368,Canis_lupus_familiaris_GENE_368
OG0000006,Macropus_eugenii_GENE_3818,Canis_lupus_familiaris_GENE_3818
OG0000042,Macropus_eugenii_GENE_3912,Canis_lupus_familiaris_GENE_3912
OG0000043,Macropus_eugenii_GENE_401,Canis_lupus_familiaris_GENE_401
OG0000044,Macropus_eugenii_GENE_583,Canis_lupus_familiaris_GENE_583
OG0000054,Macropus_eugenii_GENE_634,Canis_lupus_familiaris_GENE_634
OG0000009,Macropus_eugenii_GENE_730,Canis_lupus_familiaris_GENE_730
