Orthogroup,Macropus,Lepidosiren
OG0000013,Macropus_eugenii_GENE_1224,Lepidosiren_paradoxa_GENE_1224
OG0000000,Macropus_eugenii_GENE_1433,Lepidosiren_paradoxa_GENE_1433
OG0000027,Macropus_eugenii_GENE_1465,Lepidosiren_paradoxa_GENE_1465
OG0000055,Macropus_eugenii_GENE_17,Lepidosiren_paradoxa_GENE_17
OG0000029,Macropus_eugenii_GENE_1724,Lepidosiren_paradoxa_GENE_1724
OG0000032,Macropus_eugenii_GENE_2274,Lepidosiren_paradoxa_GENE_2274
OG0000048,Macropus_eugenii_GENE_2498,Lepidosiren_paradoxa_GENE_2498
OG0000018,Macropus_eugenii_GENE_2772,Lepidosiren_paradoxa_GENE_2772
OG0000036,Macropus_eugenii_GENE_2869,Lepidosiren_paradoxa_GENE_2869
OG0000019,Macropus_eugenii_GENE_2903,Lepidosiren_paradoxa_GENE_2903
OG0000002,Macropus_eugenii_GENE_3026,Lepidosiren_paradoxa_GENE_3026
OG0000050,Macropus_eugenii_GENE_3210,Lepidosiren_paradoxa_GENE_3210
OG0000052,Macropus_eugenii_GENE_3317,Lepidosiren_paradoxa_GENE_3317
OG0000040,Macropus_eugenii_GENE_3515,Lepidosiren_paradoxa_GENE_3515
OG0000005,Macropus_eugenii_GENE_3570,Lepidosiren_paradoxa_GENE_3570
OG0000007,Macropus_eugenii_GENE_3907,Lepidosiren_paradoxa_GENE_3907
OG0000043,Macropus_eugenii_GENE_401,Lepidosiren_paradoxa_GENE_401
OG0000008,Macropus_eugenii_GENE_541,Lepidosiren_paradoxa_GENE_541
OG0000024,Macropus_eugenii_GENE_609,Lepidosiren_paradoxa_GENE_609
OG0000054,Macropus_eugenii_GENE_634,Lepidosiren_paradoxa_GENE_634
