Orthogroup,Macropus,Gallus
OG0000027,Macropus_eugenii_GENE_1465,Gallus_gallus_GENE_1465
OG0000028,Macropus_eugenii_GENE_1671,Gallus_gallus_GENE_1671
OG0000055,Macropus_eugenii_GENE_17,Gallus_gallus_GENE_17
OG0000029,Macropus_eugenii_GENE_1724,Gallus_gallus_GENE_1724
OG0000047,Macropus_eugenii_GENE_2063,Gallus_gallus_GENE_2063
OG0000032,Macropus_eugenii_GENE_2274,Gallus_gallus_GENE_2274
OG0000001,Macropus_eugenii_GENE_2421,Gallus_gallus_GENE_2421
OG0000048,Macropus_eugenii_GENE_2498,Gallus_gallus_GENE_2498
OG0000035,Macropus_eugenii_GENE_2537,Gallus_gallus_GENE_2537
OG0000036,Macropus_eugenii_GENE_2869,Gallus_gallus_GENE_2869
OG0000019,Macropus_eugenii_GENE_2903,Gallus_gallus_GENE_2903
OG0000037,Macropus_eugenii_GENE_3089,Gallus_gallus_GENE_3089
OG0000050,Macropus_eugenii_GENE_3210,Gallus_gallus_GENE_3210
OG0000039,Macropus_eugenii_GENE_3290,Gallus_gallus_GENE_3290
OG0000052,Macropus_eugenii_GENE_3317,Gallus_gallus_GENE_3317
OG0000021,Macropus_eugenii_GENE_3458,Gallus_gallus_GENE_3458
OG0000040,Macropus_eugenii_GENE_3515,Gallus_gallus_GENE_3515
OG0000006,Macropus_eugenii_GENE_3818,Gallus_gallus_GENE_3818
OG0000007,Macropus_eugenii_GENE_3907,Gallus_gallus_GENE_3907
OG0000043,Macropus_eugenii_GENE_401,Gallus_gallus_GENE_401
OG0000024,Macropus_eugenii_GENE_609,Gallus_gallus_GENE_609
OG0000009,Macropus_eugenii_GENE_730,Gallus_gallus_GENE_730
