Orthogroup,Macropus,Danio
OG0000010,Macropus_eugenii_GENE_1086,Danio_rerio_GENE_1086
OG0000012,Macropus_eugenii_GENE_1206,Danio_rerio_GENE_1206
OG0000013,Macropus_eugenii_GENE_1224,Danio_rerio_GENE_1224
OG0000000,Macropus_eugenii_GENE_1433,Danio_rerio_GENE_1433
OG0000055,Macropus_eugenii_GENE_17,Danio_rerio_GENE_17
OG0000029,Macropus_eugenii_GENE_1724,Danio_rerio_GENE_1724
OG0000047,Macropus_eugenii_GENE_2063,Danio_rerio_GENE_2063
OG0000032,Macropus_eugenii_GENE_2274,Danio_rerio_GENE_2274
OG0000048,Macropus_eugenii_GENE_2498,Danio_rerio_GENE_2498
OG0000035,Macropus_eugenii_GENE_2537,Danio_rerio_GENE_2537
OG0000018,Macropus_eugenii_GENE_2772,Danio_rerio_GENE_2772
OG0000036,Macropus_eugenii_GENE_2869,Danio_rerio_GENE_2869
OG0000019,Macropus_eugenii_GENE_2903,Danio_rerio_GENE_2903
OG0000002,Macropus_eugenii_GENE_3026,Danio_rerio_GENE_3026
OG0000050,Macropus_eugenii_GENE_3210,Danio_rerio_GENE_3210
OG0000052,Macropus_eugenii_GENE_3317,Danio_rerio_GENE_3317
OG0000007,Macropus_eugenii_GENE_3907,Danio_rerio_GENE_3907
OG0000043,Macropus_eugenii_GENE_401,Danio_rerio_GENE_401
OG0000008,Macropus_eugenii_GENE_541,Danio_rerio_GENE_541
OG0000054,Macropus_eugenii_GENE_634,Danio_rerio_GENE_634
