Orthogroup,Macropus,Anolis
OG0000012,Macropus_eugenii_GENE_1206,Anolis_carolinensis_GENE_1206
OG0000027,Macropus_eugenii_GENE_1465,Anolis_carolinensis_GENE_1465
OG0000028,Macropus_eugenii_GENE_1671,Anolis_carolinensis_GENE_1671
OG0000029,Macropus_eugenii_GENE_1724,Anolis_carolinensis_GENE_1724
OG0000047,Macropus_eugenii_GENE_2063,Anolis_carolinensis_GENE_2063
OG0000032,Macropus_eugenii_GENE_2274,Anolis_carolinensis_GENE_2274
OG0000048,Macropus_eugenii_GENE_2498,Anolis_carolinensis_GENE_2498
OG0000035,Macropus_eugenii_GENE_2537,Anolis_carolinensis_GENE_2537
OG0000018,Macropus_eugenii_GENE_2772,Anolis_carolinensis_GENE_2772
OG0000036,Macropus_eugenii_GENE_2869,Anolis_carolinensis_GENE_2869
OG0000019,Macropus_eugenii_GENE_2903,Anolis_carolinensis_GENE_2903
OG0000037,Macropus_eugenii_GENE_3089,Anolis_carolinensis_GENE_3089
OG0000050,Macropus_eugenii_GENE_3210,Anolis_carolinensis_GENE_3210
OG0000039,Macropus_eugenii_GENE_3290,Anolis_carolinensis_GENE_3290
OG0000052,Macropus_eugenii_GENE_3317,Anolis_carolinensis_GENE_3317
OG0000021,Macropus_eugenii_GENE_3458,Anolis_carolinensis_GENE_3458
OG0000022,Macropus_eugenii_GENE_3508,Anolis_carolinensis_GENE_3508
OG0000040,Macropus_eugenii_GENE_3515,Anolis_carolinensis_GENE_3515
OG0000006,Macropus_eugenii_GENE_3818,Anolis_carolinensis_GENE_3818
OG0000007,Macropus_eugenii_GENE_3907,Anolis_carolinensis_GENE_3907
OG0000042,Macropus_eugenii_GENE_3912,Anolis_carolinensis_GENE_3912
OG0000043,Macropus_eugenii_GENE_401,Anolis_carolinensis_GENE_401
OG0000024,Macropus_eugenii_GENE_609,Anolis_carolinensis_GENE_609
OG0000054,Macropus_eugenii_GENE_634,Anolis_carolinensis_GENE_634
OG0000009,Macropus_eugenii_GENE_730,Anolis_carolinensis_GENE_730
