Orthogroup,Macropus,Xenopus
OG0000011,Macropus_eugenii_GENE_1093,Xenopus_Silurana_tropicalis_GENE_1093
OG0000000,Macropus_eugenii_GENE_1433,Xenopus_Silurana_tropicalis_GENE_1433
OG0000027,Macropus_eugenii_GENE_1465,Xenopus_Silurana_tropicalis_GENE_1465
OG0000055,Macropus_eugenii_GENE_17,Xenopus_Silurana_tropicalis_GENE_17
OG0000029,Macropus_eugenii_GENE_1724,Xenopus_Silurana_tropicalis_GENE_1724
OG0000047,Macropus_eugenii_GENE_2063,Xenopus_Silurana_tropicalis_GENE_2063
OG0000032,Macropus_eugenii_GENE_2274,Xenopus_Silurana_tropicalis_GENE_2274
OG0000017,Macropus_eugenii_GENE_2459,Xenopus_Silurana_tropicalis_GENE_2459
OG0000034,Macropus_eugenii_GENE_248,Xenopus_Silurana_tropicalis_GENE_248
OG0000048,Macropus_eugenii_GENE_2498,Xenopus_Silurana_tropicalis_GENE_2498
OG0000035,Macropus_eugenii_GENE_2537,Xenopus_Silurana_tropicalis_GENE_2537
OG0000018,Macropus_eugenii_GENE_2772,Xenopus_Silurana_tropicalis_GENE_2772
OG0000036,Macropus_eugenii_GENE_2869,Xenopus_Silurana_tropicalis_GENE_2869
OG0000019,Macropus_eugenii_GENE_2903,Xenopus_Silurana_tropicalis_GENE_2903
OG0000002,Macropus_eugenii_GENE_3026,Xenopus_Silurana_tropicalis_GENE_3026
OG0000049,Macropus_eugenii_GENE_3058,Xenopus_Silurana_tropicalis_GENE_3058
OG0000037,Macropus_eugenii_GENE_3089,Xenopus_Silurana_tropicalis_GENE_3089
OG0000050,Macropus_eugenii_GENE_3210,Xenopus_Silurana_tropicalis_GENE_3210
OG0000051,Macropus_eugenii_GENE_3283,Xenopus_Silurana_tropicalis_GENE_3283
OG0000039,Macropus_eugenii_GENE_3290,Xenopus_Silurana_tropicalis_GENE_3290
OG0000021,Macropus_eugenii_GENE_3458,Xenopus_Silurana_tropicalis_GENE_3458
OG0000041,Macropus_eugenii_GENE_39,Xenopus_Silurana_tropicalis_GENE_39
OG0000007,Macropus_eugenii_GENE_3907,Xenopus_Silurana_tropicalis_GENE_3907
OG0000042,Macropus_eugenii_GENE_3912,Xenopus_Silurana_tropicalis_GENE_3912
OG0000053,Macropus_eugenii_GENE_3913,Xenopus_Silurana_tropicalis_GENE_3913
OG0000043,Macropus_eugenii_GENE_401,Xenopus_Silurana_tropicalis_GENE_401
OG0000008,Macropus_eugenii_GENE_541,Xenopus_Silurana_tropicalis_GENE_541
OG0000044,Macropus_eugenii_GENE_583,Xenopus_Silurana_tropicalis_GENE_583
OG0000054,Macropus_eugenii_GENE_634,Xenopus_Silurana_tropicalis_GENE_634
OG0000009,Macropus_eugenii_GENE_730,Xenopus_Silurana_tropicalis_GENE_730
OG0000045,Macropus_eugenii_GENE_952,Xenopus_Silurana_tropicalis_GENE_952
