Orthogroup,Macropus,Taeniopygia
OG0000027,Macropus_eugenii_GENE_1465,Taeniopygia_guttata_GENE_1465
OG0000055,Macropus_eugenii_GENE_17,Taeniopygia_guttata_GENE_17
OG0000029,Macropus_eugenii_GENE_1724,Taeniopygia_guttata_GENE_1724
OG0000047,Macropus_eugenii_GENE_2063,Taeniopygia_guttata_GENE_2063
OG0000001,Macropus_eugenii_GENE_2421,Taeniopygia_guttata_GENE_2421
OG0000048,Macropus_eugenii_GENE_2498,Taeniopygia_guttata_GENE_2498
OG0000019,Macropus_eugenii_GENE_2903,Taeniopygia_guttata_GENE_2903
OG0000049,Macropus_eugenii_GENE_3058,Taeniopygia_guttata_GENE_3058
OG0000037,Macropus_eugenii_GENE_3089,Taeniopygia_guttata_GENE_3089
OG0000050,Macropus_eugenii_GENE_3210,Taeniopygia_guttata_GENE_3210
OG0000052,Macropus_eugenii_GENE_3317,Taeniopygia_guttata_GENE_3317
OG0000021,Macropus_eugenii_GENE_3458,Taeniopygia_guttata_GENE_3458
OG0000040,Macropus_eugenii_GENE_3515,Taeniopygia_guttata_GENE_3515
OG0000006,Macropus_eugenii_GENE_3818,Taeniopygia_guttata_GENE_3818
OG0000007,Macropus_eugenii_GENE_3907,Taeniopygia_guttata_GENE_3907
OG0000043,Macropus_eugenii_GENE_401,Taeniopygia_guttata_GENE_401
OG0000044,Macropus_eugenii_GENE_583,Taeniopygia_guttata_GENE_583
OG0000024,Macropus_eugenii_GENE_609,Taeniopygia_guttata_GENE_609
OG0000009,Macropus_eugenii_GENE_730,Taeniopygia_guttata_GENE_730
