Orthogroup,Macropus,Protopterus
OG0000013,Macropus_eugenii_GENE_1224,Protopterus_annectens_GENE_1224
OG0000000,Macropus_eugenii_GENE_1433,Protopterus_annectens_GENE_1433
OG0000027,Macropus_eugenii_GENE_1465,Protopterus_annectens_GENE_1465
OG0000055,Macropus_eugenii_GENE_17,Protopterus_annectens_GENE_17
OG0000029,Macropus_eugenii_GENE_1724,Protopterus_annectens_GENE_1724
OG0000032,Macropus_eugenii_GENE_2274,Protopterus_annectens_GENE_2274
OG0000048,Macropus_eugenii_GENE_2498,Protopterus_annectens_GENE_2498
OG0000018,Macropus_eugenii_GENE_2772,Protopterus_annectens_GENE_2772
OG0000036,Macropus_eugenii_GENE_2869,Protopterus_annectens_GENE_2869
OG0000019,Macropus_eugenii_GENE_2903,Protopterus_annectens_GENE_2903
OG0000002,Macropus_eugenii_GENE_3026,Protopterus_annectens_GENE_3026
OG0000050,Macropus_eugenii_GENE_3210,Protopterus_annectens_GENE_3210
OG0000052,Macropus_eugenii_GENE_3317,Protopterus_annectens_GENE_3317
OG0000040,Macropus_eugenii_GENE_3515,Protopterus_annectens_GENE_3515
OG0000007,Macropus_eugenii_GENE_3907,Protopterus_annectens_GENE_3907
OG0000043,Macropus_eugenii_GENE_401,Protopterus_annectens_GENE_401
OG0000008,Macropus_eugenii_GENE_541,Protopterus_annectens_GENE_541
OG0000024,Macropus_eugenii_GENE_609,Protopterus_annectens_GENE_609
OG0000054,Macropus_eugenii_GENE_634,Protopterus_annectens_GENE_634
OG0000025,Macropus_eugenii_GENE_697,Protopterus_annectens_GENE_697
