Orthogroup,Macropus,Pelodiscus
OG0000013,Macropus_eugenii_GENE_1224,Pelodiscus_sinensis_GENE_1224
OG0000027,Macropus_eugenii_GENE_1465,Pelodiscus_sinensis_GENE_1465
OG0000028,Macropus_eugenii_GENE_1671,Pelodiscus_sinensis_GENE_1671
OG0000055,Macropus_eugenii_GENE_17,Pelodiscus_sinensis_GENE_17
OG0000029,Macropus_eugenii_GENE_1724,Pelodiscus_sinensis_GENE_1724
OG0000047,Macropus_eugenii_GENE_2063,Pelodiscus_sinensis_GENE_2063
OG0000032,Macropus_eugenii_GENE_2274,Pelodiscus_sinensis_GENE_2274
OG0000001,Macropus_eugenii_GENE_2421,Pelodiscus_sinensis_GENE_2421
OG0000048,Macropus_eugenii_GENE_2498,Pelodiscus_sinensis_GENE_2498
OG0000035,Macropus_eugenii_GENE_2537,Pelodiscus_sinensis_GENE_2537
OG0000036,Macropus_eugenii_GENE_2869,Pelodiscus_sinensis_GENE_2869
OG0000019,Macropus_eugenii_GENE_2903,Pelodiscus_sinensis_GENE_2903
OG0000002,Macropus_eugenii_GENE_3026,Pelodiscus_sinensis_GENE_3026
OG0000037,Macropus_eugenii_GENE_3089,Pelodiscus_sinensis_GENE_3089
OG0000039,Macropus_eugenii_GENE_3290,Pelodiscus_sinensis_GENE_3290
OG0000052,Macropus_eugenii_GENE_3317,Pelodiscus_sinensis_GENE_3317
OG0000021,Macropus_eugenii_GENE_3458,Pelodiscus_sinensis_GENE_3458
OG0000040,Macropus_eugenii_GENE_3515,Pelodiscus_sinensis_GENE_3515
OG0000006,Macropus_eugenii_GENE_3818,Pelodiscus_sinensis_GENE_3818
OG0000007,Macropus_eugenii_GENE_3907,Pelodiscus_sinensis_GENE_3907
OG0000053,Macropus_eugenii_GENE_3913,Pelodiscus_sinensis_GENE_3913
OG0000043,Macropus_eugenii_GENE_401,Pelodiscus_sinensis_GENE_401
OG0000008,Macropus_eugenii_GENE_541,Pelodiscus_sinensis_GENE_541
OG0000044,Macropus_eugenii_GENE_583,Pelodiscus_sinensis_GENE_583
OG0000024,Macropus_eugenii_GENE_609,Pelodiscus_sinensis_GENE_609
OG0000009,Macropus_eugenii_GENE_730,Pelodiscus_sinensis_GENE_730
