Orthogroup,Macropus,Homo
OG0000012,Macropus_eugenii_GENE_1206,Homo_sapiens_GENE_1206
OG0000013,Macropus_eugenii_GENE_1224,Homo_sapiens_GENE_1224
OG0000027,Macropus_eugenii_GENE_1465,Homo_sapiens_GENE_1465
OG0000014,Macropus_eugenii_GENE_1646,Homo_sapiens_GENE_1646
OG0000028,Macropus_eugenii_GENE_1671,Homo_sapiens_GENE_1671
OG0000015,Macropus_eugenii_GENE_2194,Homo_sapiens_GENE_2194
OG0000032,Macropus_eugenii_GENE_2274,Homo_sapiens_GENE_2274
OG0000001,Macropus_eugenii_GENE_2421,Homo_sapiens_GENE_2421
OG0000048,Macropus_eugenii_GENE_2498,Homo_sapiens_GENE_2498
OG0000035,Macropus_eugenii_GENE_2537,Homo_sapiens_GENE_2537
OG0000036,Macropus_eugenii_GENE_2869,Homo_sapiens_GENE_2869
OG0000019,Macropus_eugenii_GENE_2903,Homo_sapiens_GENE_2903
OG0000037,Macropus_eugenii_GENE_3089,Homo_sapiens_GENE_3089
OG0000050,Macropus_eugenii_GENE_3210,Homo_sapiens_GENE_3210
OG0000052,Macropus_eugenii_GENE_3317,Homo_sapiens_GENE_3317
OG0000004,Macropus_eugenii_GENE_343,Homo_sapiens_GENE_343
OG0000021,Macropus_eugenii_GENE_3458,Homo_sapiens_GENE_3458
OG0000022,Macropus_eugenii_GENE_3508,Homo_sapiens_GENE_3508
OG0000005,Macropus_eugenii_GENE_3570,Homo_sapiens_GENE_3570
OG0000046,Macropus_eugenii_GENE_368,Homo_sapiens_GENE_368
OG0000006,Macropus_eugenii_GENE_3818,Homo_sapiens_GENE_3818
OG0000042,Macropus_eugenii_GENE_3912,Homo_sapiens_GENE_3912
OG0000043,Macropus_eugenii_GENE_401,Homo_sapiens_GENE_401
OG0000044,Macropus_eugenii_GENE_583,Homo_sapiens_GENE_583
OG0000054,Macropus_eugenii_GENE_634,Homo_sapiens_GENE_634
OG0000009,Macropus_eugenii_GENE_730,Homo_sapiens_GENE_730
