Orthogroup,Macropus,Ornithorhynchus
OG0000012,Macropus_eugenii_GENE_1206,Ornithorhynchus_anatinus_GENE_1206
OG0000027,Macropus_eugenii_GENE_1465,Ornithorhynchus_anatinus_GENE_1465
OG0000028,Macropus_eugenii_GENE_1671,Ornithorhynchus_anatinus_GENE_1671
OG0000034,Macropus_eugenii_GENE_248,Ornithorhynchus_anatinus_GENE_248
OG0000048,Macropus_eugenii_GENE_2498,Ornithorhynchus_anatinus_GENE_2498
OG0000019,Macropus_eugenii_GENE_2903,Ornithorhynchus_anatinus_GENE_2903
OG0000021,Macropus_eugenii_GENE_3458,Ornithorhynchus_anatinus_GENE_3458
OG0000022,Macropus_eugenii_GENE_3508,Ornithorhynchus_anatinus_GENE_3508
OG0000005,Macropus_eugenii_GENE_3570,Ornithorhynchus_anatinus_GENE_3570
OG0000042,Macropus_eugenii_GENE_3912,Ornithorhynchus_anatinus_GENE_3912
OG0000053,Macropus_eugenii_GENE_3913,Ornithorhynchus_anatinus_GENE_3913
OG0000043,Macropus_eugenii_GENE_401,Ornithorhynchus_anatinus_GENE_401
OG0000008,Macropus_eugenii_GENE_541,Ornithorhynchus_anatinus_GENE_541
OG0000054,Macropus_eugenii_GENE_634,Ornithorhynchus_anatinus_GENE_634
OG0000009,Macropus_eugenii_GENE_730,Ornithorhynchus_anatinus_GENE_730
