Orthogroup,Macropus,Callorhinchus
OG0000013,Macropus_eugenii_GENE_1224,Callorhinchus_milii_GENE_1224
OG0000000,Macropus_eugenii_GENE_1433,Callorhinchus_milii_GENE_1433
OG0000055,Macropus_eugenii_GENE_17,Callorhinchus_milii_GENE_17
OG0000029,Macropus_eugenii_GENE_1724,Callorhinchus_milii_GENE_1724
OG0000032,Macropus_eugenii_GENE_2274,Callorhinchus_milii_GENE_2274
OG0000018,Macropus_eugenii_GENE_2772,Callorhinchus_milii_GENE_2772
OG0000036,Macropus_eugenii_GENE_2869,Callorhinchus_milii_GENE_2869
OG0000019,Macropus_eugenii_GENE_2903,Callorhinchus_milii_GENE_2903
OG0000002,Macropus_eugenii_GENE_3026,Callorhinchus_milii_GENE_3026
OG0000050,Macropus_eugenii_GENE_3210,Callorhinchus_milii_GENE_3210
OG0000052,Macropus_eugenii_GENE_3317,Callorhinchus_milii_GENE_3317
OG0000046,Macropus_eugenii_GENE_368,Callorhinchus_milii_GENE_368
OG0000006,Macropus_eugenii_GENE_3818,Callorhinchus_milii_GENE_3818
OG0000007,Macropus_eugenii_GENE_3907,Callorhinchus_milii_GENE_3907
OG0000043,Macropus_eugenii_GENE_401,Callorhinchus_milii_GENE_401
OG0000008,Macropus_eugenii_GENE_541,Callorhinchus_milii_GENE_541
OG0000044,Macropus_eugenii_GENE_583,Callorhinchus_milii_GENE_583
OG0000054,Macropus_eugenii_GENE_634,Callorhinchus_milii_GENE_634
OG0000009,Macropus_eugenii_GENE_730,Callorhinchus_milii_GENE_730
