Orthogroup,Macropus,Latimeria
OG0000000,Macropus_eugenii_GENE_1433,Latimeria_chalumnae_GENE_1433
OG0000055,Macropus_eugenii_GENE_17,Latimeria_chalumnae_GENE_17
OG0000029,Macropus_eugenii_GENE_1724,Latimeria_chalumnae_GENE_1724
OG0000032,Macropus_eugenii_GENE_2274,Latimeria_chalumnae_GENE_2274
OG0000036,Macropus_eugenii_GENE_2869,Latimeria_chalumnae_GENE_2869
OG0000019,Macropus_eugenii_GENE_2903,Latimeria_chalumnae_GENE_2903
OG0000002,Macropus_eugenii_GENE_3026,Latimeria_chalumnae_GENE_3026
OG0000050,Macropus_eugenii_GENE_3210,Latimeria_chalumnae_GENE_3210
OG0000052,Macropus_eugenii_GENE_3317,Latimeria_chalumnae_GENE_3317
OG0000007,Macropus_eugenii_GENE_3907,Latimeria_chalumnae_GENE_3907
OG0000043,Macropus_eugenii_GENE_401,Latimeria_chalumnae_GENE_401
OG0000008,Macropus_eugenii_GENE_541,Latimeria_chalumnae_GENE_541
OG0000054,Macropus_eugenii_GENE_634,Latimeria_chalumnae_GENE_634
