Orthogroup,Macropus,Neoceratodus
OG0000013,Macropus_eugenii_GENE_1224,Neoceratodus_forsteri_GENE_1224
OG0000000,Macropus_eugenii_GENE_1433,Neoceratodus_forsteri_GENE_1433
OG0000027,Macropus_eugenii_GENE_1465,Neoceratodus_forsteri_GENE_1465
OG0000055,Macropus_eugenii_GENE_17,Neoceratodus_forsteri_GENE_17
OG0000029,Macropus_eugenii_GENE_1724,Neoceratodus_forsteri_GENE_1724
OG0000031,Macropus_eugenii_GENE_2024,Neoceratodus_forsteri_GENE_2024
OG0000032,Macropus_eugenii_GENE_2274,Neoceratodus_forsteri_GENE_2274
OG0000048,Macropus_eugenii_GENE_2498,Neoceratodus_forsteri_GENE_2498
OG0000018,Macropus_eugenii_GENE_2772,Neoceratodus_forsteri_GENE_2772
OG0000036,Macropus_eugenii_GENE_2869,Neoceratodus_forsteri_GENE_2869
OG0000019,Macropus_eugenii_GENE_2903,Neoceratodus_forsteri_GENE_2903
OG0000002,Macropus_eugenii_GENE_3026,Neoceratodus_forsteri_GENE_3026
OG0000050,Macropus_eugenii_GENE_3210,Neoceratodus_forsteri_GENE_3210
OG0000052,Macropus_eugenii_GENE_3317,Neoceratodus_forsteri_GENE_3317
OG0000022,Macropus_eugenii_GENE_3508,Neoceratodus_forsteri_GENE_3508
OG0000007,Macropus_eugenii_GENE_3907,Neoceratodus_forsteri_GENE_3907
OG0000043,Macropus_eugenii_GENE_401,Neoceratodus_forsteri_GENE_401
OG0000008,Macropus_eugenii_GENE_541,Neoceratodus_forsteri_GENE_541
OG0000024,Macropus_eugenii_GENE_609,Neoceratodus_forsteri_GENE_609
OG0000054,Macropus_eugenii_GENE_634,Neoceratodus_forsteri_GENE_634
OG0000025,Macropus_eugenii_GENE_697,Neoceratodus_forsteri_GENE_697
