Orthogroup,Monodelphis,Meleagris
OG0000010,Monodelphis_domestica_GENE_1086,Meleagris_gallopavo_GENE_1086
OG0000027,Monodelphis_domestica_GENE_1465,Meleagris_gallopavo_GENE_1465
OG0000031,Monodelphis_domestica_GENE_2024,Meleagris_gallopavo_GENE_2024
OG0000047,Monodelphis_domestica_GENE_2063,Meleagris_gallopavo_GENE_2063
OG0000032,Monodelphis_domestica_GENE_2274,Meleagris_gallopavo_GENE_2274
OG0000048,Monodelphis_domestica_GENE_2498,Meleagris_gallopavo_GENE_2498
OG0000035,Monodelphis_domestica_GENE_2537,Meleagris_gallopavo_GENE_2537
OG0000018,Monodelphis_domestica_GENE_2772,Meleagris_gallopavo_GENE_2772
OG0000036,Monodelphis_domestica_GENE_2869,Meleagris_gallopavo_GENE_2869
OG0000037,Monodelphis_domestica_GENE_3089,Meleagris_gallopavo_GENE_3089
OG0000039,Monodelphis_domestica_GENE_3290,Meleagris_gallopavo_GENE_3290
OG0000052,Monodelphis_domestica_GENE_3317,Meleagris_gallopavo_GENE_3317
OG0000021,Monodelphis_domestica_GENE_3458,Meleagris_gallopavo_GENE_3458
OG0000040,Monodelphis_domestica_GENE_3515,Meleagris_gallopavo_GENE_3515
OG0000006,Monodelphis_domestica_GENE_3818,Meleagris_gallopavo_GENE_3818
OG0000041,Monodelphis_domestica_GENE_39,Meleagris_gallopavo_GENE_39
OG0000007,Monodelphis_domestica_GENE_3907,Meleagris_gallopavo_GENE_3907
OG0000043,Monodelphis_domestica_GENE_401,Meleagris_gallopavo_GENE_401
OG0000024,Monodelphis_domestica_GENE_609,Meleagris_gallopavo_GENE_609
OG0000009,Monodelphis_domestica_GENE_730,Meleagris_gallopavo_GENE_730
