Orthogroup,Monodelphis,Mus
OG0000012,Monodelphis_domestica_GENE_1206,Mus_musculus_GENE_1206
OG0000013,Monodelphis_domestica_GENE_1224,Mus_musculus_GENE_1224
OG0000027,Monodelphis_domestica_GENE_1465,Mus_musculus_GENE_1465
OG0000014,Monodelphis_domestica_GENE_1646,Mus_musculus_GENE_1646
OG0000031,Monodelphis_domestica_GENE_2024,Mus_musculus_GENE_2024
OG0000047,Monodelphis_domestica_GENE_2063,Mus_musculus_GENE_2063
OG0000015,Monodelphis_domestica_GENE_2194,Mus_musculus_GENE_2194
OG0000032,Monodelphis_domestica_GENE_2274,Mus_musculus_GENE_2274
OG0000017,Monodelphis_domestica_GENE_2459,Mus_musculus_GENE_2459
OG0000048,Monodelphis_domestica_GENE_2498,Mus_musculus_GENE_2498
OG0000035,Monodelphis_domestica_GENE_2537,Mus_musculus_GENE_2537
OG0000037,Monodelphis_domestica_GENE_3089,Mus_musculus_GENE_3089
OG0000052,Monodelphis_domestica_GENE_3317,Mus_musculus_GENE_3317
OG0000004,Monodelphis_domestica_GENE_343,Mus_musculus_GENE_343
OG0000021,Monodelphis_domestica_GENE_3458,Mus_musculus_GENE_3458
OG0000022,Monodelphis_domestica_GENE_3508,Mus_musculus_GENE_3508
OG0000046,Monodelphis_domestica_GENE_368,Mus_musculus_GENE_368
OG0000006,Monodelphis_domestica_GENE_3818,Mus_musculus_GENE_3818
OG0000041,Monodelphis_domestica_GENE_39,Mus_musculus_GENE_39
OG0000053,Monodelphis_domestica_GENE_3913,Mus_musculus_GENE_3913
OG0000043,Monodelphis_domestica_GENE_401,Mus_musculus_GENE_401
OG0000054,Monodelphis_domestica_GENE_634,Mus_musculus_GENE_634
OG0000009,Monodelphis_domestica_GENE_730,Mus_musculus_GENE_730
