Orthogroup,Monodelphis,Oreochromis
OG0000012,Monodelphis_domestica_GENE_1206,Oreochromis_niloticus_GENE_1206
OG0000013,Monodelphis_domestica_GENE_1224,Oreochromis_niloticus_GENE_1224
OG0000000,Monodelphis_domestica_GENE_1433,Oreochromis_niloticus_GENE_1433
OG0000047,Monodelphis_domestica_GENE_2063,Oreochromis_niloticus_GENE_2063
OG0000016,Monodelphis_domestica_GENE_2244,Oreochromis_niloticus_GENE_2244
OG0000032,Monodelphis_domestica_GENE_2274,Oreochromis_niloticus_GENE_2274
OG0000017,Monodelphis_domestica_GENE_2459,Oreochromis_niloticus_GENE_2459
OG0000035,Monodelphis_domestica_GENE_2537,Oreochromis_niloticus_GENE_2537
OG0000018,Monodelphis_domestica_GENE_2772,Oreochromis_niloticus_GENE_2772
OG0000036,Monodelphis_domestica_GENE_2869,Oreochromis_niloticus_GENE_2869
OG0000002,Monodelphis_domestica_GENE_3026,Oreochromis_niloticus_GENE_3026
OG0000052,Monodelphis_domestica_GENE_3317,Oreochromis_niloticus_GENE_3317
OG0000041,Monodelphis_domestica_GENE_39,Oreochromis_niloticus_GENE_39
OG0000007,Monodelphis_domestica_GENE_3907,Oreochromis_niloticus_GENE_3907
OG0000008,Monodelphis_domestica_GENE_541,Oreochromis_niloticus_GENE_541
OG0000054,Monodelphis_domestica_GENE_634,Oreochromis_niloticus_GENE_634
OG0000026,Monodelphis_domestica_GENE_974,Oreochromis_niloticus_GENE_974
