Orthogroup,Monodelphis,Taeniopygia
OG0000000,Monodelphis_domestica_GENE_1433,Taeniopygia_guttata_GENE_1433
OG0000027,Monodelphis_domestica_GENE_1465,Taeniopygia_guttata_GENE_1465
OG0000031,Monodelphis_domestica_GENE_2024,Taeniopygia_guttata_GENE_2024
OG0000047,Monodelphis_domestica_GENE_2063,Taeniopygia_guttata_GENE_2063
OG0000017,Monodelphis_domestica_GENE_2459,Taeniopygia_guttata_GENE_2459
OG0000048,Monodelphis_domestica_GENE_2498,Taeniopygia_guttata_GENE_2498
OG0000018,Monodelphis_domestica_GENE_2772,Taeniopygia_guttata_GENE_2772
OG0000037,Monodelphis_domestica_GENE_3089,Taeniopygia_guttata_GENE_3089
OG0000052,Monodelphis_domestica_GENE_3317,Taeniopygia_guttata_GENE_3317
OG0000021,Monodelphis_domestica_GENE_3458,Taeniopygia_guttata_GENE_3458
OG0000040,Monodelphis_domestica_GENE_3515,Taeniopygia_guttata_GENE_3515
OG0000006,Monodelphis_domestica_GENE_3818,Taeniopygia_guttata_GENE_3818
OG0000041,Monodelphis_domestica_GENE_39,Taeniopygia_guttata_GENE_39
OG0000007,Monodelphis_domestica_GENE_3907,Taeniopygia_guttata_GENE_3907
OG0000043,Monodelphis_domestica_GENE_401,Taeniopygia_guttata_GENE_401
OG0000044,Monodelphis_domestica_GENE_583,Taeniopygia_guttata_GENE_583
OG0000024,Monodelphis_domestica_GENE_609,Taeniopygia_guttata_GENE_609
OG0000009,Monodelphis_domestica_GENE_730,Taeniopygia_guttata_GENE_730
