Orthogroup,Monodelphis,Anolis
OG0000010,Monodelphis_domestica_GENE_1086,Anolis_carolinensis_GENE_1086
OG0000012,Monodelphis_domestica_GENE_1206,Anolis_carolinensis_GENE_1206
OG0000000,Monodelphis_domestica_GENE_1433,Anolis_carolinensis_GENE_1433
OG0000027,Monodelphis_domestica_GENE_1465,Anolis_carolinensis_GENE_1465
OG0000028,Monodelphis_domestica_GENE_1671,Anolis_carolinensis_GENE_1671
OG0000031,Monodelphis_domestica_GENE_2024,Anolis_carolinensis_GENE_2024
OG0000047,Monodelphis_domestica_GENE_2063,Anolis_carolinensis_GENE_2063
OG0000032,Monodelphis_domestica_GENE_2274,Anolis_carolinensis_GENE_2274
OG0000001,Monodelphis_domestica_GENE_2421,Anolis_carolinensis_GENE_2421
OG0000017,Monodelphis_domestica_GENE_2459,Anolis_carolinensis_GENE_2459
OG0000048,Monodelphis_domestica_GENE_2498,Anolis_carolinensis_GENE_2498
OG0000035,Monodelphis_domestica_GENE_2537,Anolis_carolinensis_GENE_2537
OG0000036,Monodelphis_domestica_GENE_2869,Anolis_carolinensis_GENE_2869
OG0000037,Monodelphis_domestica_GENE_3089,Anolis_carolinensis_GENE_3089
OG0000039,Monodelphis_domestica_GENE_3290,Anolis_carolinensis_GENE_3290
OG0000052,Monodelphis_domestica_GENE_3317,Anolis_carolinensis_GENE_3317
OG0000021,Monodelphis_domestica_GENE_3458,Anolis_carolinensis_GENE_3458
OG0000022,Monodelphis_domestica_GENE_3508,Anolis_carolinensis_GENE_3508
OG0000040,Monodelphis_domestica_GENE_3515,Anolis_carolinensis_GENE_3515
OG0000006,Monodelphis_domestica_GENE_3818,Anolis_carolinensis_GENE_3818
OG0000041,Monodelphis_domestica_GENE_39,Anolis_carolinensis_GENE_39
OG0000007,Monodelphis_domestica_GENE_3907,Anolis_carolinensis_GENE_3907
OG0000042,Monodelphis_domestica_GENE_3912,Anolis_carolinensis_GENE_3912
OG0000043,Monodelphis_domestica_GENE_401,Anolis_carolinensis_GENE_401
OG0000024,Monodelphis_domestica_GENE_609,Anolis_carolinensis_GENE_609
OG0000054,Monodelphis_domestica_GENE_634,Anolis_carolinensis_GENE_634
OG0000009,Monodelphis_domestica_GENE_730,Anolis_carolinensis_GENE_730
