Orthogroup,Monodelphis,Neoceratodus
OG0000013,Monodelphis_domestica_GENE_1224,Neoceratodus_forsteri_GENE_1224
OG0000000,Monodelphis_domestica_GENE_1433,Neoceratodus_forsteri_GENE_1433
OG0000027,Monodelphis_domestica_GENE_1465,Neoceratodus_forsteri_GENE_1465
OG0000029,Monodelphis_domestica_GENE_1724,Neoceratodus_forsteri_GENE_1724
OG0000016,Monodelphis_domestica_GENE_2244,Neoceratodus_forsteri_GENE_2244
OG0000032,Monodelphis_domestica_GENE_2274,Neoceratodus_forsteri_GENE_2274
OG0000001,Monodelphis_domestica_GENE_2421,Neoceratodus_forsteri_GENE_2421
OG0000017,Monodelphis_domestica_GENE_2459,Neoceratodus_forsteri_GENE_2459
OG0000048,Monodelphis_domestica_GENE_2498,Neoceratodus_forsteri_GENE_2498
OG0000018,Monodelphis_domestica_GENE_2772,Neoceratodus_forsteri_GENE_2772
OG0000036,Monodelphis_domestica_GENE_2869,Neoceratodus_forsteri_GENE_2869
OG0000002,Monodelphis_domestica_GENE_3026,Neoceratodus_forsteri_GENE_3026
OG0000052,Monodelphis_domestica_GENE_3317,Neoceratodus_forsteri_GENE_3317
OG0000022,Monodelphis_domestica_GENE_3508,Neoceratodus_forsteri_GENE_3508
OG0000007,Monodelphis_domestica_GENE_3907,Neoceratodus_forsteri_GENE_3907
OG0000053,Monodelphis_domestica_GENE_3913,Neoceratodus_forsteri_GENE_3913
OG0000043,Monodelphis_domestica_GENE_401,Neoceratodus_forsteri_GENE_401
OG0000008,Monodelphis_domestica_GENE_541,Neoceratodus_forsteri_GENE_541
OG0000024,Monodelphis_domestica_GENE_609,Neoceratodus_forsteri_GENE_609
OG0000054,Monodelphis_domestica_GENE_634,Neoceratodus_forsteri_GENE_634
OG0000026,Monodelphis_domestica_GENE_974,Neoceratodus_forsteri_GENE_974
