Orthogroup,Monodelphis,Loxodonta
OG0000012,Monodelphis_domestica_GENE_1206,Loxodonta_africana_GENE_1206
OG0000013,Monodelphis_domestica_GENE_1224,Loxodonta_africana_GENE_1224
OG0000027,Monodelphis_domestica_GENE_1465,Loxodonta_africana_GENE_1465
OG0000014,Monodelphis_domestica_GENE_1646,Loxodonta_africana_GENE_1646
OG0000028,Monodelphis_domestica_GENE_1671,Loxodonta_africana_GENE_1671
OG0000031,Monodelphis_domestica_GENE_2024,Loxodonta_africana_GENE_2024
OG0000047,Monodelphis_domestica_GENE_2063,Loxodonta_africana_GENE_2063
OG0000015,Monodelphis_domestica_GENE_2194,Loxodonta_africana_GENE_2194
OG0000032,Monodelphis_domestica_GENE_2274,Loxodonta_africana_GENE_2274
OG0000017,Monodelphis_domestica_GENE_2459,Loxodonta_africana_GENE_2459
OG0000034,Monodelphis_domestica_GENE_248,Loxodonta_africana_GENE_248
OG0000048,Monodelphis_domestica_GENE_2498,Loxodonta_africana_GENE_2498
OG0000035,Monodelphis_domestica_GENE_2537,Loxodonta_africana_GENE_2537
OG0000037,Monodelphis_domestica_GENE_3089,Loxodonta_africana_GENE_3089
OG0000039,Monodelphis_domestica_GENE_3290,Loxodonta_africana_GENE_3290
OG0000052,Monodelphis_domestica_GENE_3317,Loxodonta_africana_GENE_3317
OG0000004,Monodelphis_domestica_GENE_343,Loxodonta_africana_GENE_343
OG0000021,Monodelphis_domestica_GENE_3458,Loxodonta_africana_GENE_3458
OG0000022,Monodelphis_domestica_GENE_3508,Loxodonta_africana_GENE_3508
OG0000040,Monodelphis_domestica_GENE_3515,Loxodonta_africana_GENE_3515
OG0000005,Monodelphis_domestica_GENE_3570,Loxodonta_africana_GENE_3570
OG0000046,Monodelphis_domestica_GENE_368,Loxodonta_africana_GENE_368
OG0000006,Monodelphis_domestica_GENE_3818,Loxodonta_africana_GENE_3818
OG0000041,Monodelphis_domestica_GENE_39,Loxodonta_africana_GENE_39
OG0000007,Monodelphis_domestica_GENE_3907,Loxodonta_africana_GENE_3907
OG0000053,Monodelphis_domestica_GENE_3913,Loxodonta_africana_GENE_3913
OG0000043,Monodelphis_domestica_GENE_401,Loxodonta_africana_GENE_401
OG0000054,Monodelphis_domestica_GENE_634,Loxodonta_africana_GENE_634
OG0000009,Monodelphis_domestica_GENE_730,Loxodonta_africana_GENE_730
