Orthogroup,Monodelphis,Dasypus
OG0000012,Monodelphis_domestica_GENE_1206,Dasypus_novemcinctus_GENE_1206
OG0000013,Monodelphis_domestica_GENE_1224,Dasypus_novemcinctus_GENE_1224
OG0000027,Monodelphis_domestica_GENE_1465,Dasypus_novemcinctus_GENE_1465
OG0000014,Monodelphis_domestica_GENE_1646,Dasypus_novemcinctus_GENE_1646
OG0000028,Monodelphis_domestica_GENE_1671,Dasypus_novemcinctus_GENE_1671
OG0000031,Monodelphis_domestica_GENE_2024,Dasypus_novemcinctus_GENE_2024
OG0000047,Monodelphis_domestica_GENE_2063,Dasypus_novemcinctus_GENE_2063
OG0000015,Monodelphis_domestica_GENE_2194,Dasypus_novemcinctus_GENE_2194
OG0000035,Monodelphis_domestica_GENE_2537,Dasypus_novemcinctus_GENE_2537
OG0000052,Monodelphis_domestica_GENE_3317,Dasypus_novemcinctus_GENE_3317
OG0000004,Monodelphis_domestica_GENE_343,Dasypus_novemcinctus_GENE_343
OG0000021,Monodelphis_domestica_GENE_3458,Dasypus_novemcinctus_GENE_3458
OG0000022,Monodelphis_domestica_GENE_3508,Dasypus_novemcinctus_GENE_3508
OG0000005,Monodelphis_domestica_GENE_3570,Dasypus_novemcinctus_GENE_3570
OG0000046,Monodelphis_domestica_GENE_368,Dasypus_novemcinctus_GENE_368
OG0000006,Monodelphis_domestica_GENE_3818,Dasypus_novemcinctus_GENE_3818
OG0000041,Monodelphis_domestica_GENE_39,Dasypus_novemcinctus_GENE_39
OG0000053,Monodelphis_domestica_GENE_3913,Dasypus_novemcinctus_GENE_3913
OG0000043,Monodelphis_domestica_GENE_401,Dasypus_novemcinctus_GENE_401
OG0000054,Monodelphis_domestica_GENE_634,Dasypus_novemcinctus_GENE_634
OG0000009,Monodelphis_domestica_GENE_730,Dasypus_novemcinctus_GENE_730
