Orthogroup,Monodelphis,Lepisosteus
OG0000013,Monodelphis_domestica_GENE_1224,Lepisosteus_oculatus_GENE_1224
OG0000000,Monodelphis_domestica_GENE_1433,Lepisosteus_oculatus_GENE_1433
OG0000029,Monodelphis_domestica_GENE_1724,Lepisosteus_oculatus_GENE_1724
OG0000047,Monodelphis_domestica_GENE_2063,Lepisosteus_oculatus_GENE_2063
OG0000016,Monodelphis_domestica_GENE_2244,Lepisosteus_oculatus_GENE_2244
OG0000032,Monodelphis_domestica_GENE_2274,Lepisosteus_oculatus_GENE_2274
OG0000017,Monodelphis_domestica_GENE_2459,Lepisosteus_oculatus_GENE_2459
OG0000048,Monodelphis_domestica_GENE_2498,Lepisosteus_oculatus_GENE_2498
OG0000035,Monodelphis_domestica_GENE_2537,Lepisosteus_oculatus_GENE_2537
OG0000018,Monodelphis_domestica_GENE_2772,Lepisosteus_oculatus_GENE_2772
OG0000036,Monodelphis_domestica_GENE_2869,Lepisosteus_oculatus_GENE_2869
OG0000002,Monodelphis_domestica_GENE_3026,Lepisosteus_oculatus_GENE_3026
OG0000052,Monodelphis_domestica_GENE_3317,Lepisosteus_oculatus_GENE_3317
OG0000041,Monodelphis_domestica_GENE_39,Lepisosteus_oculatus_GENE_39
OG0000007,Monodelphis_domestica_GENE_3907,Lepisosteus_oculatus_GENE_3907
OG0000053,Monodelphis_domestica_GENE_3913,Lepisosteus_oculatus_GENE_3913
OG0000043,Monodelphis_domestica_GENE_401,Lepisosteus_oculatus_GENE_401
OG0000008,Monodelphis_domestica_GENE_541,Lepisosteus_oculatus_GENE_541
OG0000054,Monodelphis_domestica_GENE_634,Lepisosteus_oculatus_GENE_634
OG0000026,Monodelphis_domestica_GENE_974,Lepisosteus_oculatus_GENE_974
