Orthogroup,Monodelphis,Ornithorhynchus
OG0000012,Monodelphis_domestica_GENE_1206,Ornithorhynchus_anatinus_GENE_1206
OG0000027,Monodelphis_domestica_GENE_1465,Ornithorhynchus_anatinus_GENE_1465
OG0000028,Monodelphis_domestica_GENE_1671,Ornithorhynchus_anatinus_GENE_1671
OG0000029,Monodelphis_domestica_GENE_1724,Ornithorhynchus_anatinus_GENE_1724
OG0000001,Monodelphis_domestica_GENE_2421,Ornithorhynchus_anatinus_GENE_2421
OG0000034,Monodelphis_domestica_GENE_248,Ornithorhynchus_anatinus_GENE_248
OG0000048,Monodelphis_domestica_GENE_2498,Ornithorhynchus_anatinus_GENE_2498
OG0000021,Monodelphis_domestica_GENE_3458,Ornithorhynchus_anatinus_GENE_3458
OG0000022,Monodelphis_domestica_GENE_3508,Ornithorhynchus_anatinus_GENE_3508
OG0000043,Monodelphis_domestica_GENE_401,Ornithorhynchus_anatinus_GENE_401
OG0000008,Monodelphis_domestica_GENE_541,Ornithorhynchus_anatinus_GENE_541
OG0000054,Monodelphis_domestica_GENE_634,Ornithorhynchus_anatinus_GENE_634
OG0000009,Monodelphis_domestica_GENE_730,Ornithorhynchus_anatinus_GENE_730
