Orthogroup,Monodelphis,Pelodiscus
OG0000010,Monodelphis_domestica_GENE_1086,Pelodiscus_sinensis_GENE_1086
OG0000013,Monodelphis_domestica_GENE_1224,Pelodiscus_sinensis_GENE_1224
OG0000000,Monodelphis_domestica_GENE_1433,Pelodiscus_sinensis_GENE_1433
OG0000027,Monodelphis_domestica_GENE_1465,Pelodiscus_sinensis_GENE_1465
OG0000028,Monodelphis_domestica_GENE_1671,Pelodiscus_sinensis_GENE_1671
OG0000047,Monodelphis_domestica_GENE_2063,Pelodiscus_sinensis_GENE_2063
OG0000032,Monodelphis_domestica_GENE_2274,Pelodiscus_sinensis_GENE_2274
OG0000048,Monodelphis_domestica_GENE_2498,Pelodiscus_sinensis_GENE_2498
OG0000035,Monodelphis_domestica_GENE_2537,Pelodiscus_sinensis_GENE_2537
OG0000018,Monodelphis_domestica_GENE_2772,Pelodiscus_sinensis_GENE_2772
OG0000036,Monodelphis_domestica_GENE_2869,Pelodiscus_sinensis_GENE_2869
OG0000002,Monodelphis_domestica_GENE_3026,Pelodiscus_sinensis_GENE_3026
OG0000037,Monodelphis_domestica_GENE_3089,Pelodiscus_sinensis_GENE_3089
OG0000039,Monodelphis_domestica_GENE_3290,Pelodiscus_sinensis_GENE_3290
OG0000052,Monodelphis_domestica_GENE_3317,Pelodiscus_sinensis_GENE_3317
OG0000021,Monodelphis_domestica_GENE_3458,Pelodiscus_sinensis_GENE_3458
OG0000040,Monodelphis_domestica_GENE_3515,Pelodiscus_sinensis_GENE_3515
OG0000006,Monodelphis_domestica_GENE_3818,Pelodiscus_sinensis_GENE_3818
OG0000041,Monodelphis_domestica_GENE_39,Pelodiscus_sinensis_GENE_39
OG0000007,Monodelphis_domestica_GENE_3907,Pelodiscus_sinensis_GENE_3907
OG0000043,Monodelphis_domestica_GENE_401,Pelodiscus_sinensis_GENE_401
OG0000008,Monodelphis_domestica_GENE_541,Pelodiscus_sinensis_GENE_541
OG0000044,Monodelphis_domestica_GENE_583,Pelodiscus_sinensis_GENE_583
OG0000024,Monodelphis_domestica_GENE_609,Pelodiscus_sinensis_GENE_609
OG0000009,Monodelphis_domestica_GENE_730,Pelodiscus_sinensis_GENE_730
