Orthogroup,Monodelphis,Lepidosiren
OG0000013,Monodelphis_domestica_GENE_1224,Lepidosiren_paradoxa_GENE_1224
OG0000000,Monodelphis_domestica_GENE_1433,Lepidosiren_paradoxa_GENE_1433
OG0000027,Monodelphis_domestica_GENE_1465,Lepidosiren_paradoxa_GENE_1465
OG0000029,Monodelphis_domestica_GENE_1724,Lepidosiren_paradoxa_GENE_1724
OG0000016,Monodelphis_domestica_GENE_2244,Lepidosiren_paradoxa_GENE_2244
OG0000032,Monodelphis_domestica_GENE_2274,Lepidosiren_paradoxa_GENE_2274
OG0000017,Monodelphis_domestica_GENE_2459,Lepidosiren_paradoxa_GENE_2459
OG0000048,Monodelphis_domestica_GENE_2498,Lepidosiren_paradoxa_GENE_2498
OG0000018,Monodelphis_domestica_GENE_2772,Lepidosiren_paradoxa_GENE_2772
OG0000036,Monodelphis_domestica_GENE_2869,Lepidosiren_paradoxa_GENE_2869
OG0000002,Monodelphis_domestica_GENE_3026,Lepidosiren_paradoxa_GENE_3026
OG0000052,Monodelphis_domestica_GENE_3317,Lepidosiren_paradoxa_GENE_3317
OG0000040,Monodelphis_domestica_GENE_3515,Lepidosiren_paradoxa_GENE_3515
OG0000005,Monodelphis_domestica_GENE_3570,Lepidosiren_paradoxa_GENE_3570
OG0000007,Monodelphis_domestica_GENE_3907,Lepidosiren_paradoxa_GENE_3907
OG0000053,Monodelphis_domestica_GENE_3913,Lepidosiren_paradoxa_GENE_3913
OG0000043,Monodelphis_domestica_GENE_401,Lepidosiren_paradoxa_GENE_401
OG0000008,Monodelphis_domestica_GENE_541,Lepidosiren_paradoxa_GENE_541
OG0000024,Monodelphis_domestica_GENE_609,Lepidosiren_paradoxa_GENE_609
OG0000054,Monodelphis_domestica_GENE_634,Lepidosiren_paradoxa_GENE_634
OG0000026,Monodelphis_domestica_GENE_974,Lepidosiren_paradoxa_GENE_974
