Orthogroup,Monodelphis,Macropus
OG0000011,Monodelphis_domestica_GENE_1093,Macropus_eugenii_GENE_1093
OG0000012,Monodelphis_domestica_GENE_1206,Macropus_eugenii_GENE_1206
OG0000013,Monodelphis_domestica_GENE_1224,Macropus_eugenii_GENE_1224
OG0000027,Monodelphis_domestica_GENE_1465,Macropus_eugenii_GENE_1465
OG0000014,Monodelphis_domestica_GENE_1646,Macropus_eugenii_GENE_1646
OG0000028,Monodelphis_domestica_GENE_1671,Macropus_eugenii_GENE_1671
OG0000030,Monodelphis_domestica_GENE_1984,Macropus_eugenii_GENE_1984
OG0000047,Monodelphis_domestica_GENE_2063,Macropus_eugenii_GENE_2063
OG0000015,Monodelphis_domestica_GENE_2194,Macropus_eugenii_GENE_2194
OG0000032,Monodelphis_domestica_GENE_2274,Macropus_eugenii_GENE_2274
OG0000034,Monodelphis_domestica_GENE_248,Macropus_eugenii_GENE_248
OG0000048,Monodelphis_domestica_GENE_2498,Macropus_eugenii_GENE_2498
OG0000035,Monodelphis_domestica_GENE_2537,Macropus_eugenii_GENE_2537
OG0000036,Monodelphis_domestica_GENE_2869,Macropus_eugenii_GENE_2869
OG0000002,Monodelphis_domestica_GENE_3026,Macropus_eugenii_GENE_3026
OG0000037,Monodelphis_domestica_GENE_3089,Macropus_eugenii_GENE_3089
OG0000039,Monodelphis_domestica_GENE_3290,Macropus_eugenii_GENE_3290
OG0000052,Monodelphis_domestica_GENE_3317,Macropus_eugenii_GENE_3317
OG0000003,Monodelphis_domestica_GENE_3380,Macropus_eugenii_GENE_3380
OG0000004,Monodelphis_domestica_GENE_343,Macropus_eugenii_GENE_343
OG0000021,Monodelphis_domestica_GENE_3458,Macropus_eugenii_GENE_3458
OG0000022,Monodelphis_domestica_GENE_3508,Macropus_eugenii_GENE_3508
OG0000046,Monodelphis_domestica_GENE_368,Macropus_eugenii_GENE_368
OG0000006,Monodelphis_domestica_GENE_3818,Macropus_eugenii_GENE_3818
OG0000043,Monodelphis_domestica_GENE_401,Macropus_eugenii_GENE_401
OG0000008,Monodelphis_domestica_GENE_541,Macropus_eugenii_GENE_541
OG0000024,Monodelphis_domestica_GENE_609,Macropus_eugenii_GENE_609
OG0000054,Monodelphis_domestica_GENE_634,Macropus_eugenii_GENE_634
OG0000009,Monodelphis_domestica_GENE_730,Macropus_eugenii_GENE_730
OG0000045,Monodelphis_domestica_GENE_952,Macropus_eugenii_GENE_952
