Orthogroup,Monodelphis,Protopterus
OG0000013,Monodelphis_domestica_GENE_1224,Protopterus_annectens_GENE_1224
OG0000000,Monodelphis_domestica_GENE_1433,Protopterus_annectens_GENE_1433
OG0000027,Monodelphis_domestica_GENE_1465,Protopterus_annectens_GENE_1465
OG0000029,Monodelphis_domestica_GENE_1724,Protopterus_annectens_GENE_1724
OG0000016,Monodelphis_domestica_GENE_2244,Protopterus_annectens_GENE_2244
OG0000032,Monodelphis_domestica_GENE_2274,Protopterus_annectens_GENE_2274
OG0000017,Monodelphis_domestica_GENE_2459,Protopterus_annectens_GENE_2459
OG0000048,Monodelphis_domestica_GENE_2498,Protopterus_annectens_GENE_2498
OG0000018,Monodelphis_domestica_GENE_2772,Protopterus_annectens_GENE_2772
OG0000036,Monodelphis_domestica_GENE_2869,Protopterus_annectens_GENE_2869
OG0000002,Monodelphis_domestica_GENE_3026,Protopterus_annectens_GENE_3026
OG0000052,Monodelphis_domestica_GENE_3317,Protopterus_annectens_GENE_3317
OG0000040,Monodelphis_domestica_GENE_3515,Protopterus_annectens_GENE_3515
OG0000007,Monodelphis_domestica_GENE_3907,Protopterus_annectens_GENE_3907
OG0000053,Monodelphis_domestica_GENE_3913,Protopterus_annectens_GENE_3913
OG0000043,Monodelphis_domestica_GENE_401,Protopterus_annectens_GENE_401
OG0000008,Monodelphis_domestica_GENE_541,Protopterus_annectens_GENE_541
OG0000024,Monodelphis_domestica_GENE_609,Protopterus_annectens_GENE_609
OG0000054,Monodelphis_domestica_GENE_634,Protopterus_annectens_GENE_634
OG0000026,Monodelphis_domestica_GENE_974,Protopterus_annectens_GENE_974
