Orthogroup,Monodelphis,Homo
OG0000012,Monodelphis_domestica_GENE_1206,Homo_sapiens_GENE_1206
OG0000013,Monodelphis_domestica_GENE_1224,Homo_sapiens_GENE_1224
OG0000027,Monodelphis_domestica_GENE_1465,Homo_sapiens_GENE_1465
OG0000014,Monodelphis_domestica_GENE_1646,Homo_sapiens_GENE_1646
OG0000028,Monodelphis_domestica_GENE_1671,Homo_sapiens_GENE_1671
OG0000031,Monodelphis_domestica_GENE_2024,Homo_sapiens_GENE_2024
OG0000015,Monodelphis_domestica_GENE_2194,Homo_sapiens_GENE_2194
OG0000016,Monodelphis_domestica_GENE_2244,Homo_sapiens_GENE_2244
OG0000032,Monodelphis_domestica_GENE_2274,Homo_sapiens_GENE_2274
OG0000017,Monodelphis_domestica_GENE_2459,Homo_sapiens_GENE_2459
OG0000048,Monodelphis_domestica_GENE_2498,Homo_sapiens_GENE_2498
OG0000035,Monodelphis_domestica_GENE_2537,Homo_sapiens_GENE_2537
OG0000036,Monodelphis_domestica_GENE_2869,Homo_sapiens_GENE_2869
OG0000037,Monodelphis_domestica_GENE_3089,Homo_sapiens_GENE_3089
OG0000052,Monodelphis_domestica_GENE_3317,Homo_sapiens_GENE_3317
OG0000004,Monodelphis_domestica_GENE_343,Homo_sapiens_GENE_343
OG0000021,Monodelphis_domestica_GENE_3458,Homo_sapiens_GENE_3458
OG0000022,Monodelphis_domestica_GENE_3508,Homo_sapiens_GENE_3508
OG0000040,Monodelphis_domestica_GENE_3515,Homo_sapiens_GENE_3515
OG0000005,Monodelphis_domestica_GENE_3570,Homo_sapiens_GENE_3570
OG0000046,Monodelphis_domestica_GENE_368,Homo_sapiens_GENE_368
OG0000006,Monodelphis_domestica_GENE_3818,Homo_sapiens_GENE_3818
OG0000041,Monodelphis_domestica_GENE_39,Homo_sapiens_GENE_39
OG0000053,Monodelphis_domestica_GENE_3913,Homo_sapiens_GENE_3913
OG0000043,Monodelphis_domestica_GENE_401,Homo_sapiens_GENE_401
OG0000054,Monodelphis_domestica_GENE_634,Homo_sapiens_GENE_634
OG0000025,Monodelphis_domestica_GENE_697,Homo_sapiens_GENE_697
OG0000009,Monodelphis_domestica_GENE_730,Homo_sapiens_GENE_730
