Orthogroup,Monodelphis,Gallus
OG0000010,Monodelphis_domestica_GENE_1086,Gallus_gallus_GENE_1086
OG0000000,Monodelphis_domestica_GENE_1433,Gallus_gallus_GENE_1433
OG0000027,Monodelphis_domestica_GENE_1465,Gallus_gallus_GENE_1465
OG0000028,Monodelphis_domestica_GENE_1671,Gallus_gallus_GENE_1671
OG0000031,Monodelphis_domestica_GENE_2024,Gallus_gallus_GENE_2024
OG0000047,Monodelphis_domestica_GENE_2063,Gallus_gallus_GENE_2063
OG0000032,Monodelphis_domestica_GENE_2274,Gallus_gallus_GENE_2274
OG0000017,Monodelphis_domestica_GENE_2459,Gallus_gallus_GENE_2459
OG0000048,Monodelphis_domestica_GENE_2498,Gallus_gallus_GENE_2498
OG0000035,Monodelphis_domestica_GENE_2537,Gallus_gallus_GENE_2537
OG0000018,Monodelphis_domestica_GENE_2772,Gallus_gallus_GENE_2772
OG0000036,Monodelphis_domestica_GENE_2869,Gallus_gallus_GENE_2869
OG0000037,Monodelphis_domestica_GENE_3089,Gallus_gallus_GENE_3089
OG0000039,Monodelphis_domestica_GENE_3290,Gallus_gallus_GENE_3290
OG0000052,Monodelphis_domestica_GENE_3317,Gallus_gallus_GENE_3317
OG0000021,Monodelphis_domestica_GENE_3458,Gallus_gallus_GENE_3458
OG0000040,Monodelphis_domestica_GENE_3515,Gallus_gallus_GENE_3515
OG0000006,Monodelphis_domestica_GENE_3818,Gallus_gallus_GENE_3818
OG0000007,Monodelphis_domestica_GENE_3907,Gallus_gallus_GENE_3907
OG0000043,Monodelphis_domestica_GENE_401,Gallus_gallus_GENE_401
OG0000024,Monodelphis_domestica_GENE_609,Gallus_gallus_GENE_609
OG0000009,Monodelphis_domestica_GENE_730,Gallus_gallus_GENE_730
