Orthogroup,Monodelphis,Canis
OG0000012,Monodelphis_domestica_GENE_1206,Canis_lupus_familiaris_GENE_1206
OG0000013,Monodelphis_domestica_GENE_1224,Canis_lupus_familiaris_GENE_1224
OG0000027,Monodelphis_domestica_GENE_1465,Canis_lupus_familiaris_GENE_1465
OG0000014,Monodelphis_domestica_GENE_1646,Canis_lupus_familiaris_GENE_1646
OG0000028,Monodelphis_domestica_GENE_1671,Canis_lupus_familiaris_GENE_1671
OG0000031,Monodelphis_domestica_GENE_2024,Canis_lupus_familiaris_GENE_2024
OG0000015,Monodelphis_domestica_GENE_2194,Canis_lupus_familiaris_GENE_2194
OG0000016,Monodelphis_domestica_GENE_2244,Canis_lupus_familiaris_GENE_2244
OG0000032,Monodelphis_domestica_GENE_2274,Canis_lupus_familiaris_GENE_2274
OG0000048,Monodelphis_domestica_GENE_2498,Canis_lupus_familiaris_GENE_2498
OG0000035,Monodelphis_domestica_GENE_2537,Canis_lupus_familiaris_GENE_2537
OG0000037,Monodelphis_domestica_GENE_3089,Canis_lupus_familiaris_GENE_3089
OG0000004,Monodelphis_domestica_GENE_343,Canis_lupus_familiaris_GENE_343
OG0000021,Monodelphis_domestica_GENE_3458,Canis_lupus_familiaris_GENE_3458
OG0000022,Monodelphis_domestica_GENE_3508,Canis_lupus_familiaris_GENE_3508
OG0000005,Monodelphis_domestica_GENE_3570,Canis_lupus_familiaris_GENE_3570
OG0000046,Monodelphis_domestica_GENE_368,Canis_lupus_familiaris_GENE_368
OG0000006,Monodelphis_domestica_GENE_3818,Canis_lupus_familiaris_GENE_3818
OG0000041,Monodelphis_domestica_GENE_39,Canis_lupus_familiaris_GENE_39
OG0000043,Monodelphis_domestica_GENE_401,Canis_lupus_familiaris_GENE_401
OG0000054,Monodelphis_domestica_GENE_634,Canis_lupus_familiaris_GENE_634
OG0000025,Monodelphis_domestica_GENE_697,Canis_lupus_familiaris_GENE_697
OG0000009,Monodelphis_domestica_GENE_730,Canis_lupus_familiaris_GENE_730
