Orthogroup,Monodelphis,Xenopus
OG0000010,Monodelphis_domestica_GENE_1086,Xenopus_Silurana_tropicalis_GENE_1086
OG0000011,Monodelphis_domestica_GENE_1093,Xenopus_Silurana_tropicalis_GENE_1093
OG0000000,Monodelphis_domestica_GENE_1433,Xenopus_Silurana_tropicalis_GENE_1433
OG0000027,Monodelphis_domestica_GENE_1465,Xenopus_Silurana_tropicalis_GENE_1465
OG0000029,Monodelphis_domestica_GENE_1724,Xenopus_Silurana_tropicalis_GENE_1724
OG0000031,Monodelphis_domestica_GENE_2024,Xenopus_Silurana_tropicalis_GENE_2024
OG0000047,Monodelphis_domestica_GENE_2063,Xenopus_Silurana_tropicalis_GENE_2063
OG0000016,Monodelphis_domestica_GENE_2244,Xenopus_Silurana_tropicalis_GENE_2244
OG0000032,Monodelphis_domestica_GENE_2274,Xenopus_Silurana_tropicalis_GENE_2274
OG0000034,Monodelphis_domestica_GENE_248,Xenopus_Silurana_tropicalis_GENE_248
OG0000048,Monodelphis_domestica_GENE_2498,Xenopus_Silurana_tropicalis_GENE_2498
OG0000035,Monodelphis_domestica_GENE_2537,Xenopus_Silurana_tropicalis_GENE_2537
OG0000018,Monodelphis_domestica_GENE_2772,Xenopus_Silurana_tropicalis_GENE_2772
OG0000036,Monodelphis_domestica_GENE_2869,Xenopus_Silurana_tropicalis_GENE_2869
OG0000002,Monodelphis_domestica_GENE_3026,Xenopus_Silurana_tropicalis_GENE_3026
OG0000049,Monodelphis_domestica_GENE_3058,Xenopus_Silurana_tropicalis_GENE_3058
OG0000037,Monodelphis_domestica_GENE_3089,Xenopus_Silurana_tropicalis_GENE_3089
OG0000039,Monodelphis_domestica_GENE_3290,Xenopus_Silurana_tropicalis_GENE_3290
OG0000021,Monodelphis_domestica_GENE_3458,Xenopus_Silurana_tropicalis_GENE_3458
OG0000007,Monodelphis_domestica_GENE_3907,Xenopus_Silurana_tropicalis_GENE_3907
OG0000042,Monodelphis_domestica_GENE_3912,Xenopus_Silurana_tropicalis_GENE_3912
OG0000043,Monodelphis_domestica_GENE_401,Xenopus_Silurana_tropicalis_GENE_401
OG0000008,Monodelphis_domestica_GENE_541,Xenopus_Silurana_tropicalis_GENE_541
OG0000044,Monodelphis_domestica_GENE_583,Xenopus_Silurana_tropicalis_GENE_583
OG0000054,Monodelphis_domestica_GENE_634,Xenopus_Silurana_tropicalis_GENE_634
OG0000009,Monodelphis_domestica_GENE_730,Xenopus_Silurana_tropicalis_GENE_730
OG0000045,Monodelphis_domestica_GENE_952,Xenopus_Silurana_tropicalis_GENE_952
OG0000026,Monodelphis_domestica_GENE_974,Xenopus_Silurana_tropicalis_GENE_974
