Orthogroup,Anolis,Dasypus
OG0000010,Anolis_carolinensis_GENE_1086,Dasypus_novemcinctus_GENE_1086
OG0000012,Anolis_carolinensis_GENE_1206,Dasypus_novemcinctus_GENE_1206
OG0000027,Anolis_carolinensis_GENE_1465,Dasypus_novemcinctus_GENE_1465
OG0000028,Anolis_carolinensis_GENE_1671,Dasypus_novemcinctus_GENE_1671
OG0000031,Anolis_carolinensis_GENE_2024,Dasypus_novemcinctus_GENE_2024
OG0000047,Anolis_carolinensis_GENE_2063,Dasypus_novemcinctus_GENE_2063
OG0000016,Anolis_carolinensis_GENE_2244,Dasypus_novemcinctus_GENE_2244
OG0000032,Anolis_carolinensis_GENE_2274,Dasypus_novemcinctus_GENE_2274
OG0000035,Anolis_carolinensis_GENE_2537,Dasypus_novemcinctus_GENE_2537
OG0000036,Anolis_carolinensis_GENE_2869,Dasypus_novemcinctus_GENE_2869
OG0000019,Anolis_carolinensis_GENE_2903,Dasypus_novemcinctus_GENE_2903
OG0000038,Anolis_carolinensis_GENE_3150,Dasypus_novemcinctus_GENE_3150
OG0000039,Anolis_carolinensis_GENE_3290,Dasypus_novemcinctus_GENE_3290
OG0000052,Anolis_carolinensis_GENE_3317,Dasypus_novemcinctus_GENE_3317
OG0000021,Anolis_carolinensis_GENE_3458,Dasypus_novemcinctus_GENE_3458
OG0000022,Anolis_carolinensis_GENE_3508,Dasypus_novemcinctus_GENE_3508
OG0000040,Anolis_carolinensis_GENE_3515,Dasypus_novemcinctus_GENE_3515
OG0000006,Anolis_carolinensis_GENE_3818,Dasypus_novemcinctus_GENE_3818
OG0000041,Anolis_carolinensis_GENE_39,Dasypus_novemcinctus_GENE_39
OG0000007,Anolis_carolinensis_GENE_3907,Dasypus_novemcinctus_GENE_3907
OG0000042,Anolis_carolinensis_GENE_3912,Dasypus_novemcinctus_GENE_3912
OG0000043,Anolis_carolinensis_GENE_401,Dasypus_novemcinctus_GENE_401
OG0000024,Anolis_carolinensis_GENE_609,Dasypus_novemcinctus_GENE_609
OG0000054,Anolis_carolinensis_GENE_634,Dasypus_novemcinctus_GENE_634
OG0000009,Anolis_carolinensis_GENE_730,Dasypus_novemcinctus_GENE_730
