Orthogroup,Anolis,Pelodiscus
OG0000000,Anolis_carolinensis_GENE_1433,Pelodiscus_sinensis_GENE_1433
OG0000027,Anolis_carolinensis_GENE_1465,Pelodiscus_sinensis_GENE_1465
OG0000028,Anolis_carolinensis_GENE_1671,Pelodiscus_sinensis_GENE_1671
OG0000029,Anolis_carolinensis_GENE_1724,Pelodiscus_sinensis_GENE_1724
OG0000030,Anolis_carolinensis_GENE_1984,Pelodiscus_sinensis_GENE_1984
OG0000047,Anolis_carolinensis_GENE_2063,Pelodiscus_sinensis_GENE_2063
OG0000016,Anolis_carolinensis_GENE_2244,Pelodiscus_sinensis_GENE_2244
OG0000032,Anolis_carolinensis_GENE_2274,Pelodiscus_sinensis_GENE_2274
OG0000033,Anolis_carolinensis_GENE_2443,Pelodiscus_sinensis_GENE_2443
OG0000048,Anolis_carolinensis_GENE_2498,Pelodiscus_sinensis_GENE_2498
OG0000035,Anolis_carolinensis_GENE_2537,Pelodiscus_sinensis_GENE_2537
OG0000036,Anolis_carolinensis_GENE_2869,Pelodiscus_sinensis_GENE_2869
OG0000019,Anolis_carolinensis_GENE_2903,Pelodiscus_sinensis_GENE_2903
OG0000049,Anolis_carolinensis_GENE_3058,Pelodiscus_sinensis_GENE_3058
OG0000037,Anolis_carolinensis_GENE_3089,Pelodiscus_sinensis_GENE_3089
OG0000051,Anolis_carolinensis_GENE_3283,Pelodiscus_sinensis_GENE_3283
OG0000039,Anolis_carolinensis_GENE_3290,Pelodiscus_sinensis_GENE_3290
OG0000052,Anolis_carolinensis_GENE_3317,Pelodiscus_sinensis_GENE_3317
OG0000021,Anolis_carolinensis_GENE_3458,Pelodiscus_sinensis_GENE_3458
OG0000040,Anolis_carolinensis_GENE_3515,Pelodiscus_sinensis_GENE_3515
OG0000005,Anolis_carolinensis_GENE_3570,Pelodiscus_sinensis_GENE_3570
OG0000006,Anolis_carolinensis_GENE_3818,Pelodiscus_sinensis_GENE_3818
OG0000041,Anolis_carolinensis_GENE_39,Pelodiscus_sinensis_GENE_39
OG0000007,Anolis_carolinensis_GENE_3907,Pelodiscus_sinensis_GENE_3907
OG0000043,Anolis_carolinensis_GENE_401,Pelodiscus_sinensis_GENE_401
OG0000024,Anolis_carolinensis_GENE_609,Pelodiscus_sinensis_GENE_609
OG0000009,Anolis_carolinensis_GENE_730,Pelodiscus_sinensis_GENE_730
