Orthogroup,Anolis,Meleagris
OG0000010,Anolis_carolinensis_GENE_1086,Meleagris_gallopavo_GENE_1086
OG0000027,Anolis_carolinensis_GENE_1465,Meleagris_gallopavo_GENE_1465
OG0000029,Anolis_carolinensis_GENE_1724,Meleagris_gallopavo_GENE_1724
OG0000030,Anolis_carolinensis_GENE_1984,Meleagris_gallopavo_GENE_1984
OG0000031,Anolis_carolinensis_GENE_2024,Meleagris_gallopavo_GENE_2024
OG0000047,Anolis_carolinensis_GENE_2063,Meleagris_gallopavo_GENE_2063
OG0000016,Anolis_carolinensis_GENE_2244,Meleagris_gallopavo_GENE_2244
OG0000032,Anolis_carolinensis_GENE_2274,Meleagris_gallopavo_GENE_2274
OG0000048,Anolis_carolinensis_GENE_2498,Meleagris_gallopavo_GENE_2498
OG0000035,Anolis_carolinensis_GENE_2537,Meleagris_gallopavo_GENE_2537
OG0000019,Anolis_carolinensis_GENE_2903,Meleagris_gallopavo_GENE_2903
OG0000049,Anolis_carolinensis_GENE_3058,Meleagris_gallopavo_GENE_3058
OG0000050,Anolis_carolinensis_GENE_3210,Meleagris_gallopavo_GENE_3210
OG0000051,Anolis_carolinensis_GENE_3283,Meleagris_gallopavo_GENE_3283
OG0000039,Anolis_carolinensis_GENE_3290,Meleagris_gallopavo_GENE_3290
OG0000052,Anolis_carolinensis_GENE_3317,Meleagris_gallopavo_GENE_3317
OG0000021,Anolis_carolinensis_GENE_3458,Meleagris_gallopavo_GENE_3458
OG0000005,Anolis_carolinensis_GENE_3570,Meleagris_gallopavo_GENE_3570
OG0000041,Anolis_carolinensis_GENE_39,Meleagris_gallopavo_GENE_39
OG0000007,Anolis_carolinensis_GENE_3907,Meleagris_gallopavo_GENE_3907
OG0000053,Anolis_carolinensis_GENE_3913,Meleagris_gallopavo_GENE_3913
OG0000043,Anolis_carolinensis_GENE_401,Meleagris_gallopavo_GENE_401
OG0000024,Anolis_carolinensis_GENE_609,Meleagris_gallopavo_GENE_609
OG0000009,Anolis_carolinensis_GENE_730,Meleagris_gallopavo_GENE_730
