Orthogroup,Anolis,Takifugu
OG0000012,Anolis_carolinensis_GENE_1206,Takifugu_rubripes_GENE_1206
OG0000013,Anolis_carolinensis_GENE_1224,Takifugu_rubripes_GENE_1224
OG0000000,Anolis_carolinensis_GENE_1433,Takifugu_rubripes_GENE_1433
OG0000016,Anolis_carolinensis_GENE_2244,Takifugu_rubripes_GENE_2244
OG0000032,Anolis_carolinensis_GENE_2274,Takifugu_rubripes_GENE_2274
OG0000017,Anolis_carolinensis_GENE_2459,Takifugu_rubripes_GENE_2459
OG0000035,Anolis_carolinensis_GENE_2537,Takifugu_rubripes_GENE_2537
OG0000018,Anolis_carolinensis_GENE_2772,Takifugu_rubripes_GENE_2772
OG0000036,Anolis_carolinensis_GENE_2869,Takifugu_rubripes_GENE_2869
OG0000019,Anolis_carolinensis_GENE_2903,Takifugu_rubripes_GENE_2903
OG0000002,Anolis_carolinensis_GENE_3026,Takifugu_rubripes_GENE_3026
OG0000050,Anolis_carolinensis_GENE_3210,Takifugu_rubripes_GENE_3210
OG0000052,Anolis_carolinensis_GENE_3317,Takifugu_rubripes_GENE_3317
OG0000005,Anolis_carolinensis_GENE_3570,Takifugu_rubripes_GENE_3570
OG0000041,Anolis_carolinensis_GENE_39,Takifugu_rubripes_GENE_39
OG0000007,Anolis_carolinensis_GENE_3907,Takifugu_rubripes_GENE_3907
OG0000008,Anolis_carolinensis_GENE_541,Takifugu_rubripes_GENE_541
OG0000054,Anolis_carolinensis_GENE_634,Takifugu_rubripes_GENE_634
OG0000026,Anolis_carolinensis_GENE_974,Takifugu_rubripes_GENE_974
