Orthogroup,Anolis,Monodelphis
OG0000010,Anolis_carolinensis_GENE_1086,Monodelphis_domestica_GENE_1086
OG0000012,Anolis_carolinensis_GENE_1206,Monodelphis_domestica_GENE_1206
OG0000000,Anolis_carolinensis_GENE_1433,Monodelphis_domestica_GENE_1433
OG0000027,Anolis_carolinensis_GENE_1465,Monodelphis_domestica_GENE_1465
OG0000028,Anolis_carolinensis_GENE_1671,Monodelphis_domestica_GENE_1671
OG0000031,Anolis_carolinensis_GENE_2024,Monodelphis_domestica_GENE_2024
OG0000047,Anolis_carolinensis_GENE_2063,Monodelphis_domestica_GENE_2063
OG0000032,Anolis_carolinensis_GENE_2274,Monodelphis_domestica_GENE_2274
OG0000001,Anolis_carolinensis_GENE_2421,Monodelphis_domestica_GENE_2421
OG0000017,Anolis_carolinensis_GENE_2459,Monodelphis_domestica_GENE_2459
OG0000048,Anolis_carolinensis_GENE_2498,Monodelphis_domestica_GENE_2498
OG0000035,Anolis_carolinensis_GENE_2537,Monodelphis_domestica_GENE_2537
OG0000036,Anolis_carolinensis_GENE_2869,Monodelphis_domestica_GENE_2869
OG0000037,Anolis_carolinensis_GENE_3089,Monodelphis_domestica_GENE_3089
OG0000039,Anolis_carolinensis_GENE_3290,Monodelphis_domestica_GENE_3290
OG0000052,Anolis_carolinensis_GENE_3317,Monodelphis_domestica_GENE_3317
OG0000021,Anolis_carolinensis_GENE_3458,Monodelphis_domestica_GENE_3458
OG0000022,Anolis_carolinensis_GENE_3508,Monodelphis_domestica_GENE_3508
OG0000040,Anolis_carolinensis_GENE_3515,Monodelphis_domestica_GENE_3515
OG0000006,Anolis_carolinensis_GENE_3818,Monodelphis_domestica_GENE_3818
OG0000041,Anolis_carolinensis_GENE_39,Monodelphis_domestica_GENE_39
OG0000007,Anolis_carolinensis_GENE_3907,Monodelphis_domestica_GENE_3907
OG0000042,Anolis_carolinensis_GENE_3912,Monodelphis_domestica_GENE_3912
OG0000043,Anolis_carolinensis_GENE_401,Monodelphis_domestica_GENE_401
OG0000024,Anolis_carolinensis_GENE_609,Monodelphis_domestica_GENE_609
OG0000054,Anolis_carolinensis_GENE_634,Monodelphis_domestica_GENE_634
OG0000009,Anolis_carolinensis_GENE_730,Monodelphis_domestica_GENE_730
