Orthogroup,Anolis,Latimeria
OG0000000,Anolis_carolinensis_GENE_1433,Latimeria_chalumnae_GENE_1433
OG0000029,Anolis_carolinensis_GENE_1724,Latimeria_chalumnae_GENE_1724
OG0000016,Anolis_carolinensis_GENE_2244,Latimeria_chalumnae_GENE_2244
OG0000032,Anolis_carolinensis_GENE_2274,Latimeria_chalumnae_GENE_2274
OG0000017,Anolis_carolinensis_GENE_2459,Latimeria_chalumnae_GENE_2459
OG0000036,Anolis_carolinensis_GENE_2869,Latimeria_chalumnae_GENE_2869
OG0000019,Anolis_carolinensis_GENE_2903,Latimeria_chalumnae_GENE_2903
OG0000002,Anolis_carolinensis_GENE_3026,Latimeria_chalumnae_GENE_3026
OG0000050,Anolis_carolinensis_GENE_3210,Latimeria_chalumnae_GENE_3210
OG0000052,Anolis_carolinensis_GENE_3317,Latimeria_chalumnae_GENE_3317
OG0000005,Anolis_carolinensis_GENE_3570,Latimeria_chalumnae_GENE_3570
OG0000007,Anolis_carolinensis_GENE_3907,Latimeria_chalumnae_GENE_3907
OG0000043,Anolis_carolinensis_GENE_401,Latimeria_chalumnae_GENE_401
OG0000008,Anolis_carolinensis_GENE_541,Latimeria_chalumnae_GENE_541
OG0000054,Anolis_carolinensis_GENE_634,Latimeria_chalumnae_GENE_634
OG0000026,Anolis_carolinensis_GENE_974,Latimeria_chalumnae_GENE_974
