Orthogroup,Anolis,Taeniopygia
OG0000027,Anolis_carolinensis_GENE_1465,Taeniopygia_guttata_GENE_1465
OG0000029,Anolis_carolinensis_GENE_1724,Taeniopygia_guttata_GENE_1724
OG0000030,Anolis_carolinensis_GENE_1984,Taeniopygia_guttata_GENE_1984
OG0000031,Anolis_carolinensis_GENE_2024,Taeniopygia_guttata_GENE_2024
OG0000047,Anolis_carolinensis_GENE_2063,Taeniopygia_guttata_GENE_2063
OG0000016,Anolis_carolinensis_GENE_2244,Taeniopygia_guttata_GENE_2244
OG0000017,Anolis_carolinensis_GENE_2459,Taeniopygia_guttata_GENE_2459
OG0000048,Anolis_carolinensis_GENE_2498,Taeniopygia_guttata_GENE_2498
OG0000019,Anolis_carolinensis_GENE_2903,Taeniopygia_guttata_GENE_2903
OG0000050,Anolis_carolinensis_GENE_3210,Taeniopygia_guttata_GENE_3210
OG0000051,Anolis_carolinensis_GENE_3283,Taeniopygia_guttata_GENE_3283
OG0000052,Anolis_carolinensis_GENE_3317,Taeniopygia_guttata_GENE_3317
OG0000021,Anolis_carolinensis_GENE_3458,Taeniopygia_guttata_GENE_3458
OG0000005,Anolis_carolinensis_GENE_3570,Taeniopygia_guttata_GENE_3570
OG0000041,Anolis_carolinensis_GENE_39,Taeniopygia_guttata_GENE_39
OG0000007,Anolis_carolinensis_GENE_3907,Taeniopygia_guttata_GENE_3907
OG0000053,Anolis_carolinensis_GENE_3913,Taeniopygia_guttata_GENE_3913
OG0000043,Anolis_carolinensis_GENE_401,Taeniopygia_guttata_GENE_401
OG0000024,Anolis_carolinensis_GENE_609,Taeniopygia_guttata_GENE_609
OG0000009,Anolis_carolinensis_GENE_730,Taeniopygia_guttata_GENE_730
