Orthogroup,Anolis,Gallus
OG0000010,Anolis_carolinensis_GENE_1086,Gallus_gallus_GENE_1086
OG0000027,Anolis_carolinensis_GENE_1465,Gallus_gallus_GENE_1465
OG0000028,Anolis_carolinensis_GENE_1671,Gallus_gallus_GENE_1671
OG0000029,Anolis_carolinensis_GENE_1724,Gallus_gallus_GENE_1724
OG0000030,Anolis_carolinensis_GENE_1984,Gallus_gallus_GENE_1984
OG0000031,Anolis_carolinensis_GENE_2024,Gallus_gallus_GENE_2024
OG0000047,Anolis_carolinensis_GENE_2063,Gallus_gallus_GENE_2063
OG0000016,Anolis_carolinensis_GENE_2244,Gallus_gallus_GENE_2244
OG0000032,Anolis_carolinensis_GENE_2274,Gallus_gallus_GENE_2274
OG0000033,Anolis_carolinensis_GENE_2443,Gallus_gallus_GENE_2443
OG0000017,Anolis_carolinensis_GENE_2459,Gallus_gallus_GENE_2459
OG0000048,Anolis_carolinensis_GENE_2498,Gallus_gallus_GENE_2498
OG0000035,Anolis_carolinensis_GENE_2537,Gallus_gallus_GENE_2537
OG0000019,Anolis_carolinensis_GENE_2903,Gallus_gallus_GENE_2903
OG0000049,Anolis_carolinensis_GENE_3058,Gallus_gallus_GENE_3058
OG0000050,Anolis_carolinensis_GENE_3210,Gallus_gallus_GENE_3210
OG0000051,Anolis_carolinensis_GENE_3283,Gallus_gallus_GENE_3283
OG0000039,Anolis_carolinensis_GENE_3290,Gallus_gallus_GENE_3290
OG0000052,Anolis_carolinensis_GENE_3317,Gallus_gallus_GENE_3317
OG0000021,Anolis_carolinensis_GENE_3458,Gallus_gallus_GENE_3458
OG0000005,Anolis_carolinensis_GENE_3570,Gallus_gallus_GENE_3570
OG0000007,Anolis_carolinensis_GENE_3907,Gallus_gallus_GENE_3907
OG0000053,Anolis_carolinensis_GENE_3913,Gallus_gallus_GENE_3913
OG0000043,Anolis_carolinensis_GENE_401,Gallus_gallus_GENE_401
OG0000024,Anolis_carolinensis_GENE_609,Gallus_gallus_GENE_609
OG0000009,Anolis_carolinensis_GENE_730,Gallus_gallus_GENE_730
