Orthogroup,Anolis,Protopterus
OG0000013,Anolis_carolinensis_GENE_1224,Protopterus_annectens_GENE_1224
OG0000000,Anolis_carolinensis_GENE_1433,Protopterus_annectens_GENE_1433
OG0000027,Anolis_carolinensis_GENE_1465,Protopterus_annectens_GENE_1465
OG0000029,Anolis_carolinensis_GENE_1724,Protopterus_annectens_GENE_1724
OG0000016,Anolis_carolinensis_GENE_2244,Protopterus_annectens_GENE_2244
OG0000032,Anolis_carolinensis_GENE_2274,Protopterus_annectens_GENE_2274
OG0000017,Anolis_carolinensis_GENE_2459,Protopterus_annectens_GENE_2459
OG0000048,Anolis_carolinensis_GENE_2498,Protopterus_annectens_GENE_2498
OG0000018,Anolis_carolinensis_GENE_2772,Protopterus_annectens_GENE_2772
OG0000036,Anolis_carolinensis_GENE_2869,Protopterus_annectens_GENE_2869
OG0000019,Anolis_carolinensis_GENE_2903,Protopterus_annectens_GENE_2903
OG0000002,Anolis_carolinensis_GENE_3026,Protopterus_annectens_GENE_3026
OG0000050,Anolis_carolinensis_GENE_3210,Protopterus_annectens_GENE_3210
OG0000052,Anolis_carolinensis_GENE_3317,Protopterus_annectens_GENE_3317
OG0000003,Anolis_carolinensis_GENE_3380,Protopterus_annectens_GENE_3380
OG0000040,Anolis_carolinensis_GENE_3515,Protopterus_annectens_GENE_3515
OG0000005,Anolis_carolinensis_GENE_3570,Protopterus_annectens_GENE_3570
OG0000007,Anolis_carolinensis_GENE_3907,Protopterus_annectens_GENE_3907
OG0000043,Anolis_carolinensis_GENE_401,Protopterus_annectens_GENE_401
OG0000008,Anolis_carolinensis_GENE_541,Protopterus_annectens_GENE_541
OG0000024,Anolis_carolinensis_GENE_609,Protopterus_annectens_GENE_609
OG0000054,Anolis_carolinensis_GENE_634,Protopterus_annectens_GENE_634
OG0000026,Anolis_carolinensis_GENE_974,Protopterus_annectens_GENE_974
