Orthogroup,Anolis,Homo
OG0000010,Anolis_carolinensis_GENE_1086,Homo_sapiens_GENE_1086
OG0000011,Anolis_carolinensis_GENE_1093,Homo_sapiens_GENE_1093
OG0000012,Anolis_carolinensis_GENE_1206,Homo_sapiens_GENE_1206
OG0000027,Anolis_carolinensis_GENE_1465,Homo_sapiens_GENE_1465
OG0000028,Anolis_carolinensis_GENE_1671,Homo_sapiens_GENE_1671
OG0000031,Anolis_carolinensis_GENE_2024,Homo_sapiens_GENE_2024
OG0000032,Anolis_carolinensis_GENE_2274,Homo_sapiens_GENE_2274
OG0000017,Anolis_carolinensis_GENE_2459,Homo_sapiens_GENE_2459
OG0000048,Anolis_carolinensis_GENE_2498,Homo_sapiens_GENE_2498
OG0000035,Anolis_carolinensis_GENE_2537,Homo_sapiens_GENE_2537
OG0000036,Anolis_carolinensis_GENE_2869,Homo_sapiens_GENE_2869
OG0000019,Anolis_carolinensis_GENE_2903,Homo_sapiens_GENE_2903
OG0000037,Anolis_carolinensis_GENE_3089,Homo_sapiens_GENE_3089
OG0000038,Anolis_carolinensis_GENE_3150,Homo_sapiens_GENE_3150
OG0000050,Anolis_carolinensis_GENE_3210,Homo_sapiens_GENE_3210
OG0000039,Anolis_carolinensis_GENE_3290,Homo_sapiens_GENE_3290
OG0000052,Anolis_carolinensis_GENE_3317,Homo_sapiens_GENE_3317
OG0000021,Anolis_carolinensis_GENE_3458,Homo_sapiens_GENE_3458
OG0000022,Anolis_carolinensis_GENE_3508,Homo_sapiens_GENE_3508
OG0000040,Anolis_carolinensis_GENE_3515,Homo_sapiens_GENE_3515
OG0000006,Anolis_carolinensis_GENE_3818,Homo_sapiens_GENE_3818
OG0000041,Anolis_carolinensis_GENE_39,Homo_sapiens_GENE_39
OG0000007,Anolis_carolinensis_GENE_3907,Homo_sapiens_GENE_3907
OG0000042,Anolis_carolinensis_GENE_3912,Homo_sapiens_GENE_3912
OG0000043,Anolis_carolinensis_GENE_401,Homo_sapiens_GENE_401
OG0000024,Anolis_carolinensis_GENE_609,Homo_sapiens_GENE_609
OG0000054,Anolis_carolinensis_GENE_634,Homo_sapiens_GENE_634
OG0000009,Anolis_carolinensis_GENE_730,Homo_sapiens_GENE_730
