Orthogroup,Anolis,Ornithorhynchus
OG0000010,Anolis_carolinensis_GENE_1086,Ornithorhynchus_anatinus_GENE_1086
OG0000012,Anolis_carolinensis_GENE_1206,Ornithorhynchus_anatinus_GENE_1206
OG0000027,Anolis_carolinensis_GENE_1465,Ornithorhynchus_anatinus_GENE_1465
OG0000028,Anolis_carolinensis_GENE_1671,Ornithorhynchus_anatinus_GENE_1671
OG0000016,Anolis_carolinensis_GENE_2244,Ornithorhynchus_anatinus_GENE_2244
OG0000001,Anolis_carolinensis_GENE_2421,Ornithorhynchus_anatinus_GENE_2421
OG0000048,Anolis_carolinensis_GENE_2498,Ornithorhynchus_anatinus_GENE_2498
OG0000019,Anolis_carolinensis_GENE_2903,Ornithorhynchus_anatinus_GENE_2903
OG0000038,Anolis_carolinensis_GENE_3150,Ornithorhynchus_anatinus_GENE_3150
OG0000051,Anolis_carolinensis_GENE_3283,Ornithorhynchus_anatinus_GENE_3283
OG0000021,Anolis_carolinensis_GENE_3458,Ornithorhynchus_anatinus_GENE_3458
OG0000022,Anolis_carolinensis_GENE_3508,Ornithorhynchus_anatinus_GENE_3508
OG0000006,Anolis_carolinensis_GENE_3818,Ornithorhynchus_anatinus_GENE_3818
OG0000041,Anolis_carolinensis_GENE_39,Ornithorhynchus_anatinus_GENE_39
OG0000007,Anolis_carolinensis_GENE_3907,Ornithorhynchus_anatinus_GENE_3907
OG0000042,Anolis_carolinensis_GENE_3912,Ornithorhynchus_anatinus_GENE_3912
OG0000043,Anolis_carolinensis_GENE_401,Ornithorhynchus_anatinus_GENE_401
OG0000024,Anolis_carolinensis_GENE_609,Ornithorhynchus_anatinus_GENE_609
OG0000054,Anolis_carolinensis_GENE_634,Ornithorhynchus_anatinus_GENE_634
OG0000009,Anolis_carolinensis_GENE_730,Ornithorhynchus_anatinus_GENE_730
