Orthogroup,Anolis,Macropus
OG0000012,Anolis_carolinensis_GENE_1206,Macropus_eugenii_GENE_1206
OG0000027,Anolis_carolinensis_GENE_1465,Macropus_eugenii_GENE_1465
OG0000028,Anolis_carolinensis_GENE_1671,Macropus_eugenii_GENE_1671
OG0000029,Anolis_carolinensis_GENE_1724,Macropus_eugenii_GENE_1724
OG0000047,Anolis_carolinensis_GENE_2063,Macropus_eugenii_GENE_2063
OG0000032,Anolis_carolinensis_GENE_2274,Macropus_eugenii_GENE_2274
OG0000048,Anolis_carolinensis_GENE_2498,Macropus_eugenii_GENE_2498
OG0000035,Anolis_carolinensis_GENE_2537,Macropus_eugenii_GENE_2537
OG0000018,Anolis_carolinensis_GENE_2772,Macropus_eugenii_GENE_2772
OG0000036,Anolis_carolinensis_GENE_2869,Macropus_eugenii_GENE_2869
OG0000019,Anolis_carolinensis_GENE_2903,Macropus_eugenii_GENE_2903
OG0000037,Anolis_carolinensis_GENE_3089,Macropus_eugenii_GENE_3089
OG0000050,Anolis_carolinensis_GENE_3210,Macropus_eugenii_GENE_3210
OG0000039,Anolis_carolinensis_GENE_3290,Macropus_eugenii_GENE_3290
OG0000052,Anolis_carolinensis_GENE_3317,Macropus_eugenii_GENE_3317
OG0000021,Anolis_carolinensis_GENE_3458,Macropus_eugenii_GENE_3458
OG0000022,Anolis_carolinensis_GENE_3508,Macropus_eugenii_GENE_3508
OG0000040,Anolis_carolinensis_GENE_3515,Macropus_eugenii_GENE_3515
OG0000006,Anolis_carolinensis_GENE_3818,Macropus_eugenii_GENE_3818
OG0000007,Anolis_carolinensis_GENE_3907,Macropus_eugenii_GENE_3907
OG0000042,Anolis_carolinensis_GENE_3912,Macropus_eugenii_GENE_3912
OG0000043,Anolis_carolinensis_GENE_401,Macropus_eugenii_GENE_401
OG0000024,Anolis_carolinensis_GENE_609,Macropus_eugenii_GENE_609
OG0000054,Anolis_carolinensis_GENE_634,Macropus_eugenii_GENE_634
OG0000009,Anolis_carolinensis_GENE_730,Macropus_eugenii_GENE_730
