Orthogroup,Anolis,Neoceratodus
OG0000013,Anolis_carolinensis_GENE_1224,Neoceratodus_forsteri_GENE_1224
OG0000000,Anolis_carolinensis_GENE_1433,Neoceratodus_forsteri_GENE_1433
OG0000027,Anolis_carolinensis_GENE_1465,Neoceratodus_forsteri_GENE_1465
OG0000029,Anolis_carolinensis_GENE_1724,Neoceratodus_forsteri_GENE_1724
OG0000016,Anolis_carolinensis_GENE_2244,Neoceratodus_forsteri_GENE_2244
OG0000032,Anolis_carolinensis_GENE_2274,Neoceratodus_forsteri_GENE_2274
OG0000001,Anolis_carolinensis_GENE_2421,Neoceratodus_forsteri_GENE_2421
OG0000017,Anolis_carolinensis_GENE_2459,Neoceratodus_forsteri_GENE_2459
OG0000048,Anolis_carolinensis_GENE_2498,Neoceratodus_forsteri_GENE_2498
OG0000018,Anolis_carolinensis_GENE_2772,Neoceratodus_forsteri_GENE_2772
OG0000036,Anolis_carolinensis_GENE_2869,Neoceratodus_forsteri_GENE_2869
OG0000019,Anolis_carolinensis_GENE_2903,Neoceratodus_forsteri_GENE_2903
OG0000002,Anolis_carolinensis_GENE_3026,Neoceratodus_forsteri_GENE_3026
OG0000050,Anolis_carolinensis_GENE_3210,Neoceratodus_forsteri_GENE_3210
OG0000052,Anolis_carolinensis_GENE_3317,Neoceratodus_forsteri_GENE_3317
OG0000003,Anolis_carolinensis_GENE_3380,Neoceratodus_forsteri_GENE_3380
OG0000022,Anolis_carolinensis_GENE_3508,Neoceratodus_forsteri_GENE_3508
OG0000005,Anolis_carolinensis_GENE_3570,Neoceratodus_forsteri_GENE_3570
OG0000007,Anolis_carolinensis_GENE_3907,Neoceratodus_forsteri_GENE_3907
OG0000043,Anolis_carolinensis_GENE_401,Neoceratodus_forsteri_GENE_401
OG0000008,Anolis_carolinensis_GENE_541,Neoceratodus_forsteri_GENE_541
OG0000024,Anolis_carolinensis_GENE_609,Neoceratodus_forsteri_GENE_609
OG0000054,Anolis_carolinensis_GENE_634,Neoceratodus_forsteri_GENE_634
OG0000026,Anolis_carolinensis_GENE_974,Neoceratodus_forsteri_GENE_974
