Orthogroup,Anolis,Callorhinchus
OG0000013,Anolis_carolinensis_GENE_1224,Callorhinchus_milii_GENE_1224
OG0000000,Anolis_carolinensis_GENE_1433,Callorhinchus_milii_GENE_1433
OG0000029,Anolis_carolinensis_GENE_1724,Callorhinchus_milii_GENE_1724
OG0000016,Anolis_carolinensis_GENE_2244,Callorhinchus_milii_GENE_2244
OG0000032,Anolis_carolinensis_GENE_2274,Callorhinchus_milii_GENE_2274
OG0000017,Anolis_carolinensis_GENE_2459,Callorhinchus_milii_GENE_2459
OG0000018,Anolis_carolinensis_GENE_2772,Callorhinchus_milii_GENE_2772
OG0000036,Anolis_carolinensis_GENE_2869,Callorhinchus_milii_GENE_2869
OG0000019,Anolis_carolinensis_GENE_2903,Callorhinchus_milii_GENE_2903
OG0000002,Anolis_carolinensis_GENE_3026,Callorhinchus_milii_GENE_3026
OG0000038,Anolis_carolinensis_GENE_3150,Callorhinchus_milii_GENE_3150
OG0000050,Anolis_carolinensis_GENE_3210,Callorhinchus_milii_GENE_3210
OG0000052,Anolis_carolinensis_GENE_3317,Callorhinchus_milii_GENE_3317
OG0000005,Anolis_carolinensis_GENE_3570,Callorhinchus_milii_GENE_3570
OG0000006,Anolis_carolinensis_GENE_3818,Callorhinchus_milii_GENE_3818
OG0000007,Anolis_carolinensis_GENE_3907,Callorhinchus_milii_GENE_3907
OG0000043,Anolis_carolinensis_GENE_401,Callorhinchus_milii_GENE_401
OG0000008,Anolis_carolinensis_GENE_541,Callorhinchus_milii_GENE_541
OG0000054,Anolis_carolinensis_GENE_634,Callorhinchus_milii_GENE_634
OG0000009,Anolis_carolinensis_GENE_730,Callorhinchus_milii_GENE_730
OG0000026,Anolis_carolinensis_GENE_974,Callorhinchus_milii_GENE_974
