Orthogroup,Danio,Neoceratodus
OG0000011,Danio_rerio_GENE_1093,Neoceratodus_forsteri_GENE_1093
OG0000000,Danio_rerio_GENE_1433,Neoceratodus_forsteri_GENE_1433
OG0000055,Danio_rerio_GENE_17,Neoceratodus_forsteri_GENE_17
OG0000029,Danio_rerio_GENE_1724,Neoceratodus_forsteri_GENE_1724
OG0000016,Danio_rerio_GENE_2244,Neoceratodus_forsteri_GENE_2244
OG0000032,Danio_rerio_GENE_2274,Neoceratodus_forsteri_GENE_2274
OG0000048,Danio_rerio_GENE_2498,Neoceratodus_forsteri_GENE_2498
OG0000018,Danio_rerio_GENE_2772,Neoceratodus_forsteri_GENE_2772
OG0000036,Danio_rerio_GENE_2869,Neoceratodus_forsteri_GENE_2869
OG0000019,Danio_rerio_GENE_2903,Neoceratodus_forsteri_GENE_2903
OG0000037,Danio_rerio_GENE_3089,Neoceratodus_forsteri_GENE_3089
OG0000050,Danio_rerio_GENE_3210,Neoceratodus_forsteri_GENE_3210
OG0000052,Danio_rerio_GENE_3317,Neoceratodus_forsteri_GENE_3317
OG0000005,Danio_rerio_GENE_3570,Neoceratodus_forsteri_GENE_3570
OG0000007,Danio_rerio_GENE_3907,Neoceratodus_forsteri_GENE_3907
OG0000043,Danio_rerio_GENE_401,Neoceratodus_forsteri_GENE_401
OG0000008,Danio_rerio_GENE_541,Neoceratodus_forsteri_GENE_541
OG0000054,Danio_rerio_GENE_634,Neoceratodus_forsteri_GENE_634
