Orthogroup,Danio,Lepisosteus
OG0000000,Danio_rerio_GENE_1433,Lepisosteus_oculatus_GENE_1433
OG0000029,Danio_rerio_GENE_1724,Lepisosteus_oculatus_GENE_1724
OG0000031,Danio_rerio_GENE_2024,Lepisosteus_oculatus_GENE_2024
OG0000047,Danio_rerio_GENE_2063,Lepisosteus_oculatus_GENE_2063
OG0000015,Danio_rerio_GENE_2194,Lepisosteus_oculatus_GENE_2194
OG0000016,Danio_rerio_GENE_2244,Lepisosteus_oculatus_GENE_2244
OG0000032,Danio_rerio_GENE_2274,Lepisosteus_oculatus_GENE_2274
OG0000001,Danio_rerio_GENE_2421,Lepisosteus_oculatus_GENE_2421
OG0000017,Danio_rerio_GENE_2459,Lepisosteus_oculatus_GENE_2459
OG0000048,Danio_rerio_GENE_2498,Lepisosteus_oculatus_GENE_2498
OG0000035,Danio_rerio_GENE_2537,Lepisosteus_oculatus_GENE_2537
OG0000036,Danio_rerio_GENE_2869,Lepisosteus_oculatus_GENE_2869
OG0000019,Danio_rerio_GENE_2903,Lepisosteus_oculatus_GENE_2903
OG0000002,Danio_rerio_GENE_3026,Lepisosteus_oculatus_GENE_3026
OG0000038,Danio_rerio_GENE_3150,Lepisosteus_oculatus_GENE_3150
OG0000052,Danio_rerio_GENE_3317,Lepisosteus_oculatus_GENE_3317
OG0000005,Danio_rerio_GENE_3570,Lepisosteus_oculatus_GENE_3570
OG0000041,Danio_rerio_GENE_39,Lepisosteus_oculatus_GENE_39
OG0000043,Danio_rerio_GENE_401,Lepisosteus_oculatus_GENE_401
OG0000054,Danio_rerio_GENE_634,Lepisosteus_oculatus_GENE_634
