Orthogroup,Danio,Takifugu
OG0000011,Danio_rerio_GENE_1093,Takifugu_rubripes_GENE_1093
OG0000012,Danio_rerio_GENE_1206,Takifugu_rubripes_GENE_1206
OG0000000,Danio_rerio_GENE_1433,Takifugu_rubripes_GENE_1433
OG0000014,Danio_rerio_GENE_1646,Takifugu_rubripes_GENE_1646
OG0000055,Danio_rerio_GENE_17,Takifugu_rubripes_GENE_17
OG0000031,Danio_rerio_GENE_2024,Takifugu_rubripes_GENE_2024
OG0000015,Danio_rerio_GENE_2194,Takifugu_rubripes_GENE_2194
OG0000016,Danio_rerio_GENE_2244,Takifugu_rubripes_GENE_2244
OG0000017,Danio_rerio_GENE_2459,Takifugu_rubripes_GENE_2459
OG0000035,Danio_rerio_GENE_2537,Takifugu_rubripes_GENE_2537
OG0000036,Danio_rerio_GENE_2869,Takifugu_rubripes_GENE_2869
OG0000019,Danio_rerio_GENE_2903,Takifugu_rubripes_GENE_2903
OG0000038,Danio_rerio_GENE_3150,Takifugu_rubripes_GENE_3150
OG0000050,Danio_rerio_GENE_3210,Takifugu_rubripes_GENE_3210
OG0000052,Danio_rerio_GENE_3317,Takifugu_rubripes_GENE_3317
OG0000003,Danio_rerio_GENE_3380,Takifugu_rubripes_GENE_3380
OG0000004,Danio_rerio_GENE_343,Takifugu_rubripes_GENE_343
OG0000046,Danio_rerio_GENE_368,Takifugu_rubripes_GENE_368
OG0000006,Danio_rerio_GENE_3818,Takifugu_rubripes_GENE_3818
OG0000041,Danio_rerio_GENE_39,Takifugu_rubripes_GENE_39
OG0000007,Danio_rerio_GENE_3907,Takifugu_rubripes_GENE_3907
OG0000042,Danio_rerio_GENE_3912,Takifugu_rubripes_GENE_3912
OG0000008,Danio_rerio_GENE_541,Takifugu_rubripes_GENE_541
OG0000054,Danio_rerio_GENE_634,Takifugu_rubripes_GENE_634
OG0000009,Danio_rerio_GENE_730,Takifugu_rubripes_GENE_730
OG0000026,Danio_rerio_GENE_974,Takifugu_rubripes_GENE_974
