Orthogroup,Danio,Meleagris
OG0000012,Danio_rerio_GENE_1206,Meleagris_gallopavo_GENE_1206
OG0000000,Danio_rerio_GENE_1433,Meleagris_gallopavo_GENE_1433
OG0000055,Danio_rerio_GENE_17,Meleagris_gallopavo_GENE_17
OG0000029,Danio_rerio_GENE_1724,Meleagris_gallopavo_GENE_1724
OG0000047,Danio_rerio_GENE_2063,Meleagris_gallopavo_GENE_2063
OG0000016,Danio_rerio_GENE_2244,Meleagris_gallopavo_GENE_2244
OG0000032,Danio_rerio_GENE_2274,Meleagris_gallopavo_GENE_2274
OG0000048,Danio_rerio_GENE_2498,Meleagris_gallopavo_GENE_2498
OG0000035,Danio_rerio_GENE_2537,Meleagris_gallopavo_GENE_2537
OG0000018,Danio_rerio_GENE_2772,Meleagris_gallopavo_GENE_2772
OG0000036,Danio_rerio_GENE_2869,Meleagris_gallopavo_GENE_2869
OG0000019,Danio_rerio_GENE_2903,Meleagris_gallopavo_GENE_2903
OG0000002,Danio_rerio_GENE_3026,Meleagris_gallopavo_GENE_3026
OG0000050,Danio_rerio_GENE_3210,Meleagris_gallopavo_GENE_3210
OG0000052,Danio_rerio_GENE_3317,Meleagris_gallopavo_GENE_3317
OG0000005,Danio_rerio_GENE_3570,Meleagris_gallopavo_GENE_3570
OG0000041,Danio_rerio_GENE_39,Meleagris_gallopavo_GENE_39
OG0000007,Danio_rerio_GENE_3907,Meleagris_gallopavo_GENE_3907
OG0000043,Danio_rerio_GENE_401,Meleagris_gallopavo_GENE_401
OG0000008,Danio_rerio_GENE_541,Meleagris_gallopavo_GENE_541
OG0000026,Danio_rerio_GENE_974,Meleagris_gallopavo_GENE_974
