Orthogroup,Danio,Lepidosiren
OG0000011,Danio_rerio_GENE_1093,Lepidosiren_paradoxa_GENE_1093
OG0000000,Danio_rerio_GENE_1433,Lepidosiren_paradoxa_GENE_1433
OG0000055,Danio_rerio_GENE_17,Lepidosiren_paradoxa_GENE_17
OG0000029,Danio_rerio_GENE_1724,Lepidosiren_paradoxa_GENE_1724
OG0000016,Danio_rerio_GENE_2244,Lepidosiren_paradoxa_GENE_2244
OG0000032,Danio_rerio_GENE_2274,Lepidosiren_paradoxa_GENE_2274
OG0000048,Danio_rerio_GENE_2498,Lepidosiren_paradoxa_GENE_2498
OG0000018,Danio_rerio_GENE_2772,Lepidosiren_paradoxa_GENE_2772
OG0000036,Danio_rerio_GENE_2869,Lepidosiren_paradoxa_GENE_2869
OG0000019,Danio_rerio_GENE_2903,Lepidosiren_paradoxa_GENE_2903
OG0000037,Danio_rerio_GENE_3089,Lepidosiren_paradoxa_GENE_3089
OG0000052,Danio_rerio_GENE_3317,Lepidosiren_paradoxa_GENE_3317
OG0000007,Danio_rerio_GENE_3907,Lepidosiren_paradoxa_GENE_3907
OG0000043,Danio_rerio_GENE_401,Lepidosiren_paradoxa_GENE_401
OG0000008,Danio_rerio_GENE_541,Lepidosiren_paradoxa_GENE_541
OG0000054,Danio_rerio_GENE_634,Lepidosiren_paradoxa_GENE_634
OG0000026,Danio_rerio_GENE_974,Lepidosiren_paradoxa_GENE_974
