Orthogroup,Danio,Ornithorhynchus
OG0000012,Danio_rerio_GENE_1206,Ornithorhynchus_anatinus_GENE_1206
OG0000013,Danio_rerio_GENE_1224,Ornithorhynchus_anatinus_GENE_1224
OG0000000,Danio_rerio_GENE_1433,Ornithorhynchus_anatinus_GENE_1433
OG0000029,Danio_rerio_GENE_1724,Ornithorhynchus_anatinus_GENE_1724
OG0000047,Danio_rerio_GENE_2063,Ornithorhynchus_anatinus_GENE_2063
OG0000016,Danio_rerio_GENE_2244,Ornithorhynchus_anatinus_GENE_2244
OG0000017,Danio_rerio_GENE_2459,Ornithorhynchus_anatinus_GENE_2459
OG0000048,Danio_rerio_GENE_2498,Ornithorhynchus_anatinus_GENE_2498
OG0000019,Danio_rerio_GENE_2903,Ornithorhynchus_anatinus_GENE_2903
OG0000002,Danio_rerio_GENE_3026,Ornithorhynchus_anatinus_GENE_3026
OG0000050,Danio_rerio_GENE_3210,Ornithorhynchus_anatinus_GENE_3210
OG0000040,Danio_rerio_GENE_3515,Ornithorhynchus_anatinus_GENE_3515
OG0000041,Danio_rerio_GENE_39,Ornithorhynchus_anatinus_GENE_39
OG0000007,Danio_rerio_GENE_3907,Ornithorhynchus_anatinus_GENE_3907
OG0000043,Danio_rerio_GENE_401,Ornithorhynchus_anatinus_GENE_401
OG0000008,Danio_rerio_GENE_541,Ornithorhynchus_anatinus_GENE_541
OG0000054,Danio_rerio_GENE_634,Ornithorhynchus_anatinus_GENE_634
OG0000026,Danio_rerio_GENE_974,Ornithorhynchus_anatinus_GENE_974
