Orthogroup,Danio,Xenopus
OG0000055,Danio_rerio_GENE_17,Xenopus_Silurana_tropicalis_GENE_17
OG0000047,Danio_rerio_GENE_2063,Xenopus_Silurana_tropicalis_GENE_2063
OG0000016,Danio_rerio_GENE_2244,Xenopus_Silurana_tropicalis_GENE_2244
OG0000048,Danio_rerio_GENE_2498,Xenopus_Silurana_tropicalis_GENE_2498
OG0000035,Danio_rerio_GENE_2537,Xenopus_Silurana_tropicalis_GENE_2537
OG0000019,Danio_rerio_GENE_2903,Xenopus_Silurana_tropicalis_GENE_2903
OG0000050,Danio_rerio_GENE_3210,Xenopus_Silurana_tropicalis_GENE_3210
OG0000006,Danio_rerio_GENE_3818,Xenopus_Silurana_tropicalis_GENE_3818
OG0000043,Danio_rerio_GENE_401,Xenopus_Silurana_tropicalis_GENE_401
