Orthogroup,Danio,Oreochromis
OG0000011,Danio_rerio_GENE_1093,Oreochromis_niloticus_GENE_1093
OG0000012,Danio_rerio_GENE_1206,Oreochromis_niloticus_GENE_1206
OG0000000,Danio_rerio_GENE_1433,Oreochromis_niloticus_GENE_1433
OG0000014,Danio_rerio_GENE_1646,Oreochromis_niloticus_GENE_1646
OG0000055,Danio_rerio_GENE_17,Oreochromis_niloticus_GENE_17
OG0000031,Danio_rerio_GENE_2024,Oreochromis_niloticus_GENE_2024
OG0000047,Danio_rerio_GENE_2063,Oreochromis_niloticus_GENE_2063
OG0000015,Danio_rerio_GENE_2194,Oreochromis_niloticus_GENE_2194
OG0000016,Danio_rerio_GENE_2244,Oreochromis_niloticus_GENE_2244
OG0000001,Danio_rerio_GENE_2421,Oreochromis_niloticus_GENE_2421
OG0000017,Danio_rerio_GENE_2459,Oreochromis_niloticus_GENE_2459
OG0000035,Danio_rerio_GENE_2537,Oreochromis_niloticus_GENE_2537
OG0000036,Danio_rerio_GENE_2869,Oreochromis_niloticus_GENE_2869
OG0000019,Danio_rerio_GENE_2903,Oreochromis_niloticus_GENE_2903
OG0000038,Danio_rerio_GENE_3150,Oreochromis_niloticus_GENE_3150
OG0000050,Danio_rerio_GENE_3210,Oreochromis_niloticus_GENE_3210
OG0000052,Danio_rerio_GENE_3317,Oreochromis_niloticus_GENE_3317
OG0000003,Danio_rerio_GENE_3380,Oreochromis_niloticus_GENE_3380
OG0000004,Danio_rerio_GENE_343,Oreochromis_niloticus_GENE_343
OG0000046,Danio_rerio_GENE_368,Oreochromis_niloticus_GENE_368
OG0000006,Danio_rerio_GENE_3818,Oreochromis_niloticus_GENE_3818
OG0000041,Danio_rerio_GENE_39,Oreochromis_niloticus_GENE_39
OG0000007,Danio_rerio_GENE_3907,Oreochromis_niloticus_GENE_3907
OG0000042,Danio_rerio_GENE_3912,Oreochromis_niloticus_GENE_3912
OG0000008,Danio_rerio_GENE_541,Oreochromis_niloticus_GENE_541
OG0000024,Danio_rerio_GENE_609,Oreochromis_niloticus_GENE_609
OG0000054,Danio_rerio_GENE_634,Oreochromis_niloticus_GENE_634
OG0000025,Danio_rerio_GENE_697,Oreochromis_niloticus_GENE_697
OG0000009,Danio_rerio_GENE_730,Oreochromis_niloticus_GENE_730
OG0000026,Danio_rerio_GENE_974,Oreochromis_niloticus_GENE_974
