Orthogroup,Danio,Canis
OG0000012,Danio_rerio_GENE_1206,Canis_lupus_familiaris_GENE_1206
OG0000013,Danio_rerio_GENE_1224,Canis_lupus_familiaris_GENE_1224
OG0000000,Danio_rerio_GENE_1433,Canis_lupus_familiaris_GENE_1433
OG0000055,Danio_rerio_GENE_17,Canis_lupus_familiaris_GENE_17
OG0000029,Danio_rerio_GENE_1724,Canis_lupus_familiaris_GENE_1724
OG0000016,Danio_rerio_GENE_2244,Canis_lupus_familiaris_GENE_2244
OG0000032,Danio_rerio_GENE_2274,Canis_lupus_familiaris_GENE_2274
OG0000048,Danio_rerio_GENE_2498,Canis_lupus_familiaris_GENE_2498
OG0000035,Danio_rerio_GENE_2537,Canis_lupus_familiaris_GENE_2537
OG0000018,Danio_rerio_GENE_2772,Canis_lupus_familiaris_GENE_2772
OG0000036,Danio_rerio_GENE_2869,Canis_lupus_familiaris_GENE_2869
OG0000019,Danio_rerio_GENE_2903,Canis_lupus_familiaris_GENE_2903
OG0000002,Danio_rerio_GENE_3026,Canis_lupus_familiaris_GENE_3026
OG0000050,Danio_rerio_GENE_3210,Canis_lupus_familiaris_GENE_3210
OG0000041,Danio_rerio_GENE_39,Canis_lupus_familiaris_GENE_39
OG0000007,Danio_rerio_GENE_3907,Canis_lupus_familiaris_GENE_3907
OG0000043,Danio_rerio_GENE_401,Canis_lupus_familiaris_GENE_401
OG0000008,Danio_rerio_GENE_541,Canis_lupus_familiaris_GENE_541
OG0000054,Danio_rerio_GENE_634,Canis_lupus_familiaris_GENE_634
OG0000026,Danio_rerio_GENE_974,Canis_lupus_familiaris_GENE_974
