Orthogroup,Danio,Callorhinchus
OG0000011,Danio_rerio_GENE_1093,Callorhinchus_milii_GENE_1093
OG0000000,Danio_rerio_GENE_1433,Callorhinchus_milii_GENE_1433
OG0000055,Danio_rerio_GENE_17,Callorhinchus_milii_GENE_17
OG0000029,Danio_rerio_GENE_1724,Callorhinchus_milii_GENE_1724
OG0000031,Danio_rerio_GENE_2024,Callorhinchus_milii_GENE_2024
OG0000015,Danio_rerio_GENE_2194,Callorhinchus_milii_GENE_2194
OG0000016,Danio_rerio_GENE_2244,Callorhinchus_milii_GENE_2244
OG0000001,Danio_rerio_GENE_2421,Callorhinchus_milii_GENE_2421
OG0000018,Danio_rerio_GENE_2772,Callorhinchus_milii_GENE_2772
OG0000036,Danio_rerio_GENE_2869,Callorhinchus_milii_GENE_2869
OG0000019,Danio_rerio_GENE_2903,Callorhinchus_milii_GENE_2903
OG0000002,Danio_rerio_GENE_3026,Callorhinchus_milii_GENE_3026
OG0000052,Danio_rerio_GENE_3317,Callorhinchus_milii_GENE_3317
OG0000003,Danio_rerio_GENE_3380,Callorhinchus_milii_GENE_3380
OG0000005,Danio_rerio_GENE_3570,Callorhinchus_milii_GENE_3570
OG0000007,Danio_rerio_GENE_3907,Callorhinchus_milii_GENE_3907
OG0000043,Danio_rerio_GENE_401,Callorhinchus_milii_GENE_401
OG0000024,Danio_rerio_GENE_609,Callorhinchus_milii_GENE_609
