Orthogroup,Danio,Taeniopygia
OG0000012,Danio_rerio_GENE_1206,Taeniopygia_guttata_GENE_1206
OG0000000,Danio_rerio_GENE_1433,Taeniopygia_guttata_GENE_1433
OG0000055,Danio_rerio_GENE_17,Taeniopygia_guttata_GENE_17
OG0000029,Danio_rerio_GENE_1724,Taeniopygia_guttata_GENE_1724
OG0000047,Danio_rerio_GENE_2063,Taeniopygia_guttata_GENE_2063
OG0000016,Danio_rerio_GENE_2244,Taeniopygia_guttata_GENE_2244
OG0000017,Danio_rerio_GENE_2459,Taeniopygia_guttata_GENE_2459
OG0000048,Danio_rerio_GENE_2498,Taeniopygia_guttata_GENE_2498
OG0000018,Danio_rerio_GENE_2772,Taeniopygia_guttata_GENE_2772
OG0000019,Danio_rerio_GENE_2903,Taeniopygia_guttata_GENE_2903
OG0000002,Danio_rerio_GENE_3026,Taeniopygia_guttata_GENE_3026
OG0000050,Danio_rerio_GENE_3210,Taeniopygia_guttata_GENE_3210
OG0000052,Danio_rerio_GENE_3317,Taeniopygia_guttata_GENE_3317
OG0000005,Danio_rerio_GENE_3570,Taeniopygia_guttata_GENE_3570
OG0000041,Danio_rerio_GENE_39,Taeniopygia_guttata_GENE_39
OG0000007,Danio_rerio_GENE_3907,Taeniopygia_guttata_GENE_3907
OG0000043,Danio_rerio_GENE_401,Taeniopygia_guttata_GENE_401
OG0000008,Danio_rerio_GENE_541,Taeniopygia_guttata_GENE_541
OG0000026,Danio_rerio_GENE_974,Taeniopygia_guttata_GENE_974
