Orthogroup,Danio,Gallus
OG0000013,Danio_rerio_GENE_1224,Gallus_gallus_GENE_1224
OG0000000,Danio_rerio_GENE_1433,Gallus_gallus_GENE_1433
OG0000055,Danio_rerio_GENE_17,Gallus_gallus_GENE_17
OG0000029,Danio_rerio_GENE_1724,Gallus_gallus_GENE_1724
OG0000047,Danio_rerio_GENE_2063,Gallus_gallus_GENE_2063
OG0000016,Danio_rerio_GENE_2244,Gallus_gallus_GENE_2244
OG0000032,Danio_rerio_GENE_2274,Gallus_gallus_GENE_2274
OG0000017,Danio_rerio_GENE_2459,Gallus_gallus_GENE_2459
OG0000048,Danio_rerio_GENE_2498,Gallus_gallus_GENE_2498
OG0000035,Danio_rerio_GENE_2537,Gallus_gallus_GENE_2537
OG0000018,Danio_rerio_GENE_2772,Gallus_gallus_GENE_2772
OG0000036,Danio_rerio_GENE_2869,Gallus_gallus_GENE_2869
OG0000019,Danio_rerio_GENE_2903,Gallus_gallus_GENE_2903
OG0000002,Danio_rerio_GENE_3026,Gallus_gallus_GENE_3026
OG0000050,Danio_rerio_GENE_3210,Gallus_gallus_GENE_3210
OG0000052,Danio_rerio_GENE_3317,Gallus_gallus_GENE_3317
OG0000005,Danio_rerio_GENE_3570,Gallus_gallus_GENE_3570
OG0000007,Danio_rerio_GENE_3907,Gallus_gallus_GENE_3907
OG0000043,Danio_rerio_GENE_401,Gallus_gallus_GENE_401
OG0000008,Danio_rerio_GENE_541,Gallus_gallus_GENE_541
OG0000026,Danio_rerio_GENE_974,Gallus_gallus_GENE_974
