Orthogroup,Danio,Latimeria
OG0000000,Danio_rerio_GENE_1433,Latimeria_chalumnae_GENE_1433
OG0000014,Danio_rerio_GENE_1646,Latimeria_chalumnae_GENE_1646
OG0000055,Danio_rerio_GENE_17,Latimeria_chalumnae_GENE_17
OG0000029,Danio_rerio_GENE_1724,Latimeria_chalumnae_GENE_1724
OG0000031,Danio_rerio_GENE_2024,Latimeria_chalumnae_GENE_2024
OG0000016,Danio_rerio_GENE_2244,Latimeria_chalumnae_GENE_2244
OG0000032,Danio_rerio_GENE_2274,Latimeria_chalumnae_GENE_2274
OG0000017,Danio_rerio_GENE_2459,Latimeria_chalumnae_GENE_2459
OG0000018,Danio_rerio_GENE_2772,Latimeria_chalumnae_GENE_2772
OG0000036,Danio_rerio_GENE_2869,Latimeria_chalumnae_GENE_2869
OG0000019,Danio_rerio_GENE_2903,Latimeria_chalumnae_GENE_2903
OG0000002,Danio_rerio_GENE_3026,Latimeria_chalumnae_GENE_3026
OG0000050,Danio_rerio_GENE_3210,Latimeria_chalumnae_GENE_3210
OG0000052,Danio_rerio_GENE_3317,Latimeria_chalumnae_GENE_3317
OG0000004,Danio_rerio_GENE_343,Latimeria_chalumnae_GENE_343
OG0000005,Danio_rerio_GENE_3570,Latimeria_chalumnae_GENE_3570
OG0000046,Danio_rerio_GENE_368,Latimeria_chalumnae_GENE_368
OG0000007,Danio_rerio_GENE_3907,Latimeria_chalumnae_GENE_3907
OG0000043,Danio_rerio_GENE_401,Latimeria_chalumnae_GENE_401
OG0000008,Danio_rerio_GENE_541,Latimeria_chalumnae_GENE_541
OG0000024,Danio_rerio_GENE_609,Latimeria_chalumnae_GENE_609
OG0000054,Danio_rerio_GENE_634,Latimeria_chalumnae_GENE_634
OG0000026,Danio_rerio_GENE_974,Latimeria_chalumnae_GENE_974
