Orthogroup,Danio,Protopterus
OG0000011,Danio_rerio_GENE_1093,Protopterus_annectens_GENE_1093
OG0000055,Danio_rerio_GENE_17,Protopterus_annectens_GENE_17
OG0000029,Danio_rerio_GENE_1724,Protopterus_annectens_GENE_1724
OG0000016,Danio_rerio_GENE_2244,Protopterus_annectens_GENE_2244
OG0000032,Danio_rerio_GENE_2274,Protopterus_annectens_GENE_2274
OG0000048,Danio_rerio_GENE_2498,Protopterus_annectens_GENE_2498
OG0000018,Danio_rerio_GENE_2772,Protopterus_annectens_GENE_2772
OG0000036,Danio_rerio_GENE_2869,Protopterus_annectens_GENE_2869
OG0000019,Danio_rerio_GENE_2903,Protopterus_annectens_GENE_2903
OG0000037,Danio_rerio_GENE_3089,Protopterus_annectens_GENE_3089
OG0000052,Danio_rerio_GENE_3317,Protopterus_annectens_GENE_3317
OG0000005,Danio_rerio_GENE_3570,Protopterus_annectens_GENE_3570
OG0000007,Danio_rerio_GENE_3907,Protopterus_annectens_GENE_3907
OG0000043,Danio_rerio_GENE_401,Protopterus_annectens_GENE_401
OG0000008,Danio_rerio_GENE_541,Protopterus_annectens_GENE_541
OG0000054,Danio_rerio_GENE_634,Protopterus_annectens_GENE_634
OG0000026,Danio_rerio_GENE_974,Protopterus_annectens_GENE_974
