Orthogroup,Danio,Macropus
OG0000010,Danio_rerio_GENE_1086,Macropus_eugenii_GENE_1086
OG0000012,Danio_rerio_GENE_1206,Macropus_eugenii_GENE_1206
OG0000013,Danio_rerio_GENE_1224,Macropus_eugenii_GENE_1224
OG0000000,Danio_rerio_GENE_1433,Macropus_eugenii_GENE_1433
OG0000055,Danio_rerio_GENE_17,Macropus_eugenii_GENE_17
OG0000029,Danio_rerio_GENE_1724,Macropus_eugenii_GENE_1724
OG0000047,Danio_rerio_GENE_2063,Macropus_eugenii_GENE_2063
OG0000032,Danio_rerio_GENE_2274,Macropus_eugenii_GENE_2274
OG0000048,Danio_rerio_GENE_2498,Macropus_eugenii_GENE_2498
OG0000035,Danio_rerio_GENE_2537,Macropus_eugenii_GENE_2537
OG0000018,Danio_rerio_GENE_2772,Macropus_eugenii_GENE_2772
OG0000036,Danio_rerio_GENE_2869,Macropus_eugenii_GENE_2869
OG0000019,Danio_rerio_GENE_2903,Macropus_eugenii_GENE_2903
OG0000002,Danio_rerio_GENE_3026,Macropus_eugenii_GENE_3026
OG0000050,Danio_rerio_GENE_3210,Macropus_eugenii_GENE_3210
OG0000052,Danio_rerio_GENE_3317,Macropus_eugenii_GENE_3317
OG0000007,Danio_rerio_GENE_3907,Macropus_eugenii_GENE_3907
OG0000043,Danio_rerio_GENE_401,Macropus_eugenii_GENE_401
OG0000008,Danio_rerio_GENE_541,Macropus_eugenii_GENE_541
OG0000054,Danio_rerio_GENE_634,Macropus_eugenii_GENE_634
