Orthogroup,Ornithorhynchus,Takifugu
OG0000012,Ornithorhynchus_anatinus_GENE_1206,Takifugu_rubripes_GENE_1206
OG0000013,Ornithorhynchus_anatinus_GENE_1224,Takifugu_rubripes_GENE_1224
OG0000000,Ornithorhynchus_anatinus_GENE_1433,Takifugu_rubripes_GENE_1433
OG0000016,Ornithorhynchus_anatinus_GENE_2244,Takifugu_rubripes_GENE_2244
OG0000017,Ornithorhynchus_anatinus_GENE_2459,Takifugu_rubripes_GENE_2459
OG0000019,Ornithorhynchus_anatinus_GENE_2903,Takifugu_rubripes_GENE_2903
OG0000002,Ornithorhynchus_anatinus_GENE_3026,Takifugu_rubripes_GENE_3026
OG0000050,Ornithorhynchus_anatinus_GENE_3210,Takifugu_rubripes_GENE_3210
OG0000041,Ornithorhynchus_anatinus_GENE_39,Takifugu_rubripes_GENE_39
OG0000007,Ornithorhynchus_anatinus_GENE_3907,Takifugu_rubripes_GENE_3907
OG0000008,Ornithorhynchus_anatinus_GENE_541,Takifugu_rubripes_GENE_541
OG0000044,Ornithorhynchus_anatinus_GENE_583,Takifugu_rubripes_GENE_583
OG0000054,Ornithorhynchus_anatinus_GENE_634,Takifugu_rubripes_GENE_634
OG0000026,Ornithorhynchus_anatinus_GENE_974,Takifugu_rubripes_GENE_974
