Orthogroup,Ornithorhynchus,Anolis
OG0000010,Ornithorhynchus_anatinus_GENE_1086,Anolis_carolinensis_GENE_1086
OG0000012,Ornithorhynchus_anatinus_GENE_1206,Anolis_carolinensis_GENE_1206
OG0000027,Ornithorhynchus_anatinus_GENE_1465,Anolis_carolinensis_GENE_1465
OG0000028,Ornithorhynchus_anatinus_GENE_1671,Anolis_carolinensis_GENE_1671
OG0000016,Ornithorhynchus_anatinus_GENE_2244,Anolis_carolinensis_GENE_2244
OG0000001,Ornithorhynchus_anatinus_GENE_2421,Anolis_carolinensis_GENE_2421
OG0000048,Ornithorhynchus_anatinus_GENE_2498,Anolis_carolinensis_GENE_2498
OG0000019,Ornithorhynchus_anatinus_GENE_2903,Anolis_carolinensis_GENE_2903
OG0000038,Ornithorhynchus_anatinus_GENE_3150,Anolis_carolinensis_GENE_3150
OG0000051,Ornithorhynchus_anatinus_GENE_3283,Anolis_carolinensis_GENE_3283
OG0000021,Ornithorhynchus_anatinus_GENE_3458,Anolis_carolinensis_GENE_3458
OG0000022,Ornithorhynchus_anatinus_GENE_3508,Anolis_carolinensis_GENE_3508
OG0000006,Ornithorhynchus_anatinus_GENE_3818,Anolis_carolinensis_GENE_3818
OG0000041,Ornithorhynchus_anatinus_GENE_39,Anolis_carolinensis_GENE_39
OG0000007,Ornithorhynchus_anatinus_GENE_3907,Anolis_carolinensis_GENE_3907
OG0000042,Ornithorhynchus_anatinus_GENE_3912,Anolis_carolinensis_GENE_3912
OG0000043,Ornithorhynchus_anatinus_GENE_401,Anolis_carolinensis_GENE_401
OG0000024,Ornithorhynchus_anatinus_GENE_609,Anolis_carolinensis_GENE_609
OG0000054,Ornithorhynchus_anatinus_GENE_634,Anolis_carolinensis_GENE_634
OG0000009,Ornithorhynchus_anatinus_GENE_730,Anolis_carolinensis_GENE_730
