Orthogroup,Ornithorhynchus,Homo
OG0000010,Ornithorhynchus_anatinus_GENE_1086,Homo_sapiens_GENE_1086
OG0000012,Ornithorhynchus_anatinus_GENE_1206,Homo_sapiens_GENE_1206
OG0000000,Ornithorhynchus_anatinus_GENE_1433,Homo_sapiens_GENE_1433
OG0000027,Ornithorhynchus_anatinus_GENE_1465,Homo_sapiens_GENE_1465
OG0000028,Ornithorhynchus_anatinus_GENE_1671,Homo_sapiens_GENE_1671
OG0000030,Ornithorhynchus_anatinus_GENE_1984,Homo_sapiens_GENE_1984
OG0000048,Ornithorhynchus_anatinus_GENE_2498,Homo_sapiens_GENE_2498
OG0000019,Ornithorhynchus_anatinus_GENE_2903,Homo_sapiens_GENE_2903
OG0000021,Ornithorhynchus_anatinus_GENE_3458,Homo_sapiens_GENE_3458
OG0000022,Ornithorhynchus_anatinus_GENE_3508,Homo_sapiens_GENE_3508
OG0000005,Ornithorhynchus_anatinus_GENE_3570,Homo_sapiens_GENE_3570
OG0000042,Ornithorhynchus_anatinus_GENE_3912,Homo_sapiens_GENE_3912
OG0000043,Ornithorhynchus_anatinus_GENE_401,Homo_sapiens_GENE_401
OG0000024,Ornithorhynchus_anatinus_GENE_609,Homo_sapiens_GENE_609
OG0000054,Ornithorhynchus_anatinus_GENE_634,Homo_sapiens_GENE_634
OG0000009,Ornithorhynchus_anatinus_GENE_730,Homo_sapiens_GENE_730
