Orthogroup,Ornithorhynchus,Latimeria
OG0000000,Ornithorhynchus_anatinus_GENE_1433,Latimeria_chalumnae_GENE_1433
OG0000029,Ornithorhynchus_anatinus_GENE_1724,Latimeria_chalumnae_GENE_1724
OG0000016,Ornithorhynchus_anatinus_GENE_2244,Latimeria_chalumnae_GENE_2244
OG0000017,Ornithorhynchus_anatinus_GENE_2459,Latimeria_chalumnae_GENE_2459
OG0000019,Ornithorhynchus_anatinus_GENE_2903,Latimeria_chalumnae_GENE_2903
OG0000002,Ornithorhynchus_anatinus_GENE_3026,Latimeria_chalumnae_GENE_3026
OG0000050,Ornithorhynchus_anatinus_GENE_3210,Latimeria_chalumnae_GENE_3210
OG0000007,Ornithorhynchus_anatinus_GENE_3907,Latimeria_chalumnae_GENE_3907
OG0000043,Ornithorhynchus_anatinus_GENE_401,Latimeria_chalumnae_GENE_401
OG0000008,Ornithorhynchus_anatinus_GENE_541,Latimeria_chalumnae_GENE_541
OG0000044,Ornithorhynchus_anatinus_GENE_583,Latimeria_chalumnae_GENE_583
OG0000054,Ornithorhynchus_anatinus_GENE_634,Latimeria_chalumnae_GENE_634
OG0000026,Ornithorhynchus_anatinus_GENE_974,Latimeria_chalumnae_GENE_974
