Orthogroup,Ornithorhynchus,Neoceratodus
OG0000013,Ornithorhynchus_anatinus_GENE_1224,Neoceratodus_forsteri_GENE_1224
OG0000000,Ornithorhynchus_anatinus_GENE_1433,Neoceratodus_forsteri_GENE_1433
OG0000027,Ornithorhynchus_anatinus_GENE_1465,Neoceratodus_forsteri_GENE_1465
OG0000029,Ornithorhynchus_anatinus_GENE_1724,Neoceratodus_forsteri_GENE_1724
OG0000016,Ornithorhynchus_anatinus_GENE_2244,Neoceratodus_forsteri_GENE_2244
OG0000001,Ornithorhynchus_anatinus_GENE_2421,Neoceratodus_forsteri_GENE_2421
OG0000017,Ornithorhynchus_anatinus_GENE_2459,Neoceratodus_forsteri_GENE_2459
OG0000048,Ornithorhynchus_anatinus_GENE_2498,Neoceratodus_forsteri_GENE_2498
OG0000019,Ornithorhynchus_anatinus_GENE_2903,Neoceratodus_forsteri_GENE_2903
OG0000002,Ornithorhynchus_anatinus_GENE_3026,Neoceratodus_forsteri_GENE_3026
OG0000050,Ornithorhynchus_anatinus_GENE_3210,Neoceratodus_forsteri_GENE_3210
OG0000022,Ornithorhynchus_anatinus_GENE_3508,Neoceratodus_forsteri_GENE_3508
OG0000007,Ornithorhynchus_anatinus_GENE_3907,Neoceratodus_forsteri_GENE_3907
OG0000043,Ornithorhynchus_anatinus_GENE_401,Neoceratodus_forsteri_GENE_401
OG0000008,Ornithorhynchus_anatinus_GENE_541,Neoceratodus_forsteri_GENE_541
OG0000044,Ornithorhynchus_anatinus_GENE_583,Neoceratodus_forsteri_GENE_583
OG0000024,Ornithorhynchus_anatinus_GENE_609,Neoceratodus_forsteri_GENE_609
OG0000054,Ornithorhynchus_anatinus_GENE_634,Neoceratodus_forsteri_GENE_634
OG0000026,Ornithorhynchus_anatinus_GENE_974,Neoceratodus_forsteri_GENE_974
