Orthogroup,Ornithorhynchus,Lepidosiren
OG0000013,Ornithorhynchus_anatinus_GENE_1224,Lepidosiren_paradoxa_GENE_1224
OG0000000,Ornithorhynchus_anatinus_GENE_1433,Lepidosiren_paradoxa_GENE_1433
OG0000027,Ornithorhynchus_anatinus_GENE_1465,Lepidosiren_paradoxa_GENE_1465
OG0000029,Ornithorhynchus_anatinus_GENE_1724,Lepidosiren_paradoxa_GENE_1724
OG0000016,Ornithorhynchus_anatinus_GENE_2244,Lepidosiren_paradoxa_GENE_2244
OG0000017,Ornithorhynchus_anatinus_GENE_2459,Lepidosiren_paradoxa_GENE_2459
OG0000048,Ornithorhynchus_anatinus_GENE_2498,Lepidosiren_paradoxa_GENE_2498
OG0000019,Ornithorhynchus_anatinus_GENE_2903,Lepidosiren_paradoxa_GENE_2903
OG0000002,Ornithorhynchus_anatinus_GENE_3026,Lepidosiren_paradoxa_GENE_3026
OG0000050,Ornithorhynchus_anatinus_GENE_3210,Lepidosiren_paradoxa_GENE_3210
OG0000005,Ornithorhynchus_anatinus_GENE_3570,Lepidosiren_paradoxa_GENE_3570
OG0000007,Ornithorhynchus_anatinus_GENE_3907,Lepidosiren_paradoxa_GENE_3907
OG0000043,Ornithorhynchus_anatinus_GENE_401,Lepidosiren_paradoxa_GENE_401
OG0000008,Ornithorhynchus_anatinus_GENE_541,Lepidosiren_paradoxa_GENE_541
OG0000044,Ornithorhynchus_anatinus_GENE_583,Lepidosiren_paradoxa_GENE_583
OG0000024,Ornithorhynchus_anatinus_GENE_609,Lepidosiren_paradoxa_GENE_609
OG0000054,Ornithorhynchus_anatinus_GENE_634,Lepidosiren_paradoxa_GENE_634
OG0000026,Ornithorhynchus_anatinus_GENE_974,Lepidosiren_paradoxa_GENE_974
