Orthogroup,Ornithorhynchus,Loxodonta
OG0000010,Ornithorhynchus_anatinus_GENE_1086,Loxodonta_africana_GENE_1086
OG0000012,Ornithorhynchus_anatinus_GENE_1206,Loxodonta_africana_GENE_1206
OG0000000,Ornithorhynchus_anatinus_GENE_1433,Loxodonta_africana_GENE_1433
OG0000027,Ornithorhynchus_anatinus_GENE_1465,Loxodonta_africana_GENE_1465
OG0000028,Ornithorhynchus_anatinus_GENE_1671,Loxodonta_africana_GENE_1671
OG0000030,Ornithorhynchus_anatinus_GENE_1984,Loxodonta_africana_GENE_1984
OG0000034,Ornithorhynchus_anatinus_GENE_248,Loxodonta_africana_GENE_248
OG0000048,Ornithorhynchus_anatinus_GENE_2498,Loxodonta_africana_GENE_2498
OG0000019,Ornithorhynchus_anatinus_GENE_2903,Loxodonta_africana_GENE_2903
OG0000038,Ornithorhynchus_anatinus_GENE_3150,Loxodonta_africana_GENE_3150
OG0000021,Ornithorhynchus_anatinus_GENE_3458,Loxodonta_africana_GENE_3458
OG0000022,Ornithorhynchus_anatinus_GENE_3508,Loxodonta_africana_GENE_3508
OG0000005,Ornithorhynchus_anatinus_GENE_3570,Loxodonta_africana_GENE_3570
OG0000042,Ornithorhynchus_anatinus_GENE_3912,Loxodonta_africana_GENE_3912
OG0000043,Ornithorhynchus_anatinus_GENE_401,Loxodonta_africana_GENE_401
OG0000024,Ornithorhynchus_anatinus_GENE_609,Loxodonta_africana_GENE_609
OG0000054,Ornithorhynchus_anatinus_GENE_634,Loxodonta_africana_GENE_634
OG0000009,Ornithorhynchus_anatinus_GENE_730,Loxodonta_africana_GENE_730
