Orthogroup,Ornithorhynchus,Callorhinchus
OG0000013,Ornithorhynchus_anatinus_GENE_1224,Callorhinchus_milii_GENE_1224
OG0000000,Ornithorhynchus_anatinus_GENE_1433,Callorhinchus_milii_GENE_1433
OG0000029,Ornithorhynchus_anatinus_GENE_1724,Callorhinchus_milii_GENE_1724
OG0000016,Ornithorhynchus_anatinus_GENE_2244,Callorhinchus_milii_GENE_2244
OG0000017,Ornithorhynchus_anatinus_GENE_2459,Callorhinchus_milii_GENE_2459
OG0000019,Ornithorhynchus_anatinus_GENE_2903,Callorhinchus_milii_GENE_2903
OG0000002,Ornithorhynchus_anatinus_GENE_3026,Callorhinchus_milii_GENE_3026
OG0000038,Ornithorhynchus_anatinus_GENE_3150,Callorhinchus_milii_GENE_3150
OG0000050,Ornithorhynchus_anatinus_GENE_3210,Callorhinchus_milii_GENE_3210
OG0000046,Ornithorhynchus_anatinus_GENE_368,Callorhinchus_milii_GENE_368
OG0000006,Ornithorhynchus_anatinus_GENE_3818,Callorhinchus_milii_GENE_3818
OG0000007,Ornithorhynchus_anatinus_GENE_3907,Callorhinchus_milii_GENE_3907
OG0000043,Ornithorhynchus_anatinus_GENE_401,Callorhinchus_milii_GENE_401
OG0000008,Ornithorhynchus_anatinus_GENE_541,Callorhinchus_milii_GENE_541
OG0000054,Ornithorhynchus_anatinus_GENE_634,Callorhinchus_milii_GENE_634
OG0000009,Ornithorhynchus_anatinus_GENE_730,Callorhinchus_milii_GENE_730
OG0000026,Ornithorhynchus_anatinus_GENE_974,Callorhinchus_milii_GENE_974
