Orthogroup,Ornithorhynchus,Monodelphis
OG0000012,Ornithorhynchus_anatinus_GENE_1206,Monodelphis_domestica_GENE_1206
OG0000027,Ornithorhynchus_anatinus_GENE_1465,Monodelphis_domestica_GENE_1465
OG0000028,Ornithorhynchus_anatinus_GENE_1671,Monodelphis_domestica_GENE_1671
OG0000029,Ornithorhynchus_anatinus_GENE_1724,Monodelphis_domestica_GENE_1724
OG0000001,Ornithorhynchus_anatinus_GENE_2421,Monodelphis_domestica_GENE_2421
OG0000034,Ornithorhynchus_anatinus_GENE_248,Monodelphis_domestica_GENE_248
OG0000048,Ornithorhynchus_anatinus_GENE_2498,Monodelphis_domestica_GENE_2498
OG0000021,Ornithorhynchus_anatinus_GENE_3458,Monodelphis_domestica_GENE_3458
OG0000022,Ornithorhynchus_anatinus_GENE_3508,Monodelphis_domestica_GENE_3508
OG0000043,Ornithorhynchus_anatinus_GENE_401,Monodelphis_domestica_GENE_401
OG0000008,Ornithorhynchus_anatinus_GENE_541,Monodelphis_domestica_GENE_541
OG0000054,Ornithorhynchus_anatinus_GENE_634,Monodelphis_domestica_GENE_634
OG0000009,Ornithorhynchus_anatinus_GENE_730,Monodelphis_domestica_GENE_730
