Orthogroup,Ornithorhynchus,Protopterus
OG0000013,Ornithorhynchus_anatinus_GENE_1224,Protopterus_annectens_GENE_1224
OG0000000,Ornithorhynchus_anatinus_GENE_1433,Protopterus_annectens_GENE_1433
OG0000027,Ornithorhynchus_anatinus_GENE_1465,Protopterus_annectens_GENE_1465
OG0000029,Ornithorhynchus_anatinus_GENE_1724,Protopterus_annectens_GENE_1724
OG0000016,Ornithorhynchus_anatinus_GENE_2244,Protopterus_annectens_GENE_2244
OG0000017,Ornithorhynchus_anatinus_GENE_2459,Protopterus_annectens_GENE_2459
OG0000048,Ornithorhynchus_anatinus_GENE_2498,Protopterus_annectens_GENE_2498
OG0000019,Ornithorhynchus_anatinus_GENE_2903,Protopterus_annectens_GENE_2903
OG0000002,Ornithorhynchus_anatinus_GENE_3026,Protopterus_annectens_GENE_3026
OG0000050,Ornithorhynchus_anatinus_GENE_3210,Protopterus_annectens_GENE_3210
OG0000007,Ornithorhynchus_anatinus_GENE_3907,Protopterus_annectens_GENE_3907
OG0000043,Ornithorhynchus_anatinus_GENE_401,Protopterus_annectens_GENE_401
OG0000008,Ornithorhynchus_anatinus_GENE_541,Protopterus_annectens_GENE_541
OG0000044,Ornithorhynchus_anatinus_GENE_583,Protopterus_annectens_GENE_583
OG0000024,Ornithorhynchus_anatinus_GENE_609,Protopterus_annectens_GENE_609
OG0000054,Ornithorhynchus_anatinus_GENE_634,Protopterus_annectens_GENE_634
OG0000026,Ornithorhynchus_anatinus_GENE_974,Protopterus_annectens_GENE_974
