Orthogroup,Ornithorhynchus,Lepisosteus
OG0000013,Ornithorhynchus_anatinus_GENE_1224,Lepisosteus_oculatus_GENE_1224
OG0000000,Ornithorhynchus_anatinus_GENE_1433,Lepisosteus_oculatus_GENE_1433
OG0000029,Ornithorhynchus_anatinus_GENE_1724,Lepisosteus_oculatus_GENE_1724
OG0000047,Ornithorhynchus_anatinus_GENE_2063,Lepisosteus_oculatus_GENE_2063
OG0000016,Ornithorhynchus_anatinus_GENE_2244,Lepisosteus_oculatus_GENE_2244
OG0000017,Ornithorhynchus_anatinus_GENE_2459,Lepisosteus_oculatus_GENE_2459
OG0000048,Ornithorhynchus_anatinus_GENE_2498,Lepisosteus_oculatus_GENE_2498
OG0000019,Ornithorhynchus_anatinus_GENE_2903,Lepisosteus_oculatus_GENE_2903
OG0000002,Ornithorhynchus_anatinus_GENE_3026,Lepisosteus_oculatus_GENE_3026
OG0000050,Ornithorhynchus_anatinus_GENE_3210,Lepisosteus_oculatus_GENE_3210
OG0000041,Ornithorhynchus_anatinus_GENE_39,Lepisosteus_oculatus_GENE_39
OG0000007,Ornithorhynchus_anatinus_GENE_3907,Lepisosteus_oculatus_GENE_3907
OG0000043,Ornithorhynchus_anatinus_GENE_401,Lepisosteus_oculatus_GENE_401
OG0000008,Ornithorhynchus_anatinus_GENE_541,Lepisosteus_oculatus_GENE_541
OG0000044,Ornithorhynchus_anatinus_GENE_583,Lepisosteus_oculatus_GENE_583
OG0000054,Ornithorhynchus_anatinus_GENE_634,Lepisosteus_oculatus_GENE_634
OG0000026,Ornithorhynchus_anatinus_GENE_974,Lepisosteus_oculatus_GENE_974
