Orthogroup,Ornithorhynchus,Pelodiscus
OG0000010,Ornithorhynchus_anatinus_GENE_1086,Pelodiscus_sinensis_GENE_1086
OG0000011,Ornithorhynchus_anatinus_GENE_1093,Pelodiscus_sinensis_GENE_1093
OG0000027,Ornithorhynchus_anatinus_GENE_1465,Pelodiscus_sinensis_GENE_1465
OG0000028,Ornithorhynchus_anatinus_GENE_1671,Pelodiscus_sinensis_GENE_1671
OG0000016,Ornithorhynchus_anatinus_GENE_2244,Pelodiscus_sinensis_GENE_2244
OG0000017,Ornithorhynchus_anatinus_GENE_2459,Pelodiscus_sinensis_GENE_2459
OG0000048,Ornithorhynchus_anatinus_GENE_2498,Pelodiscus_sinensis_GENE_2498
OG0000019,Ornithorhynchus_anatinus_GENE_2903,Pelodiscus_sinensis_GENE_2903
OG0000050,Ornithorhynchus_anatinus_GENE_3210,Pelodiscus_sinensis_GENE_3210
OG0000051,Ornithorhynchus_anatinus_GENE_3283,Pelodiscus_sinensis_GENE_3283
OG0000003,Ornithorhynchus_anatinus_GENE_3380,Pelodiscus_sinensis_GENE_3380
OG0000021,Ornithorhynchus_anatinus_GENE_3458,Pelodiscus_sinensis_GENE_3458
OG0000006,Ornithorhynchus_anatinus_GENE_3818,Pelodiscus_sinensis_GENE_3818
OG0000041,Ornithorhynchus_anatinus_GENE_39,Pelodiscus_sinensis_GENE_39
OG0000007,Ornithorhynchus_anatinus_GENE_3907,Pelodiscus_sinensis_GENE_3907
OG0000053,Ornithorhynchus_anatinus_GENE_3913,Pelodiscus_sinensis_GENE_3913
OG0000023,Ornithorhynchus_anatinus_GENE_3942,Pelodiscus_sinensis_GENE_3942
OG0000043,Ornithorhynchus_anatinus_GENE_401,Pelodiscus_sinensis_GENE_401
OG0000008,Ornithorhynchus_anatinus_GENE_541,Pelodiscus_sinensis_GENE_541
OG0000024,Ornithorhynchus_anatinus_GENE_609,Pelodiscus_sinensis_GENE_609
OG0000009,Ornithorhynchus_anatinus_GENE_730,Pelodiscus_sinensis_GENE_730
OG0000045,Ornithorhynchus_anatinus_GENE_952,Pelodiscus_sinensis_GENE_952
