Orthogroup,Ornithorhynchus,Taeniopygia
OG0000027,Ornithorhynchus_anatinus_GENE_1465,Taeniopygia_guttata_GENE_1465
OG0000016,Ornithorhynchus_anatinus_GENE_2244,Taeniopygia_guttata_GENE_2244
OG0000048,Ornithorhynchus_anatinus_GENE_2498,Taeniopygia_guttata_GENE_2498
OG0000019,Ornithorhynchus_anatinus_GENE_2903,Taeniopygia_guttata_GENE_2903
OG0000051,Ornithorhynchus_anatinus_GENE_3283,Taeniopygia_guttata_GENE_3283
OG0000021,Ornithorhynchus_anatinus_GENE_3458,Taeniopygia_guttata_GENE_3458
OG0000046,Ornithorhynchus_anatinus_GENE_368,Taeniopygia_guttata_GENE_368
OG0000006,Ornithorhynchus_anatinus_GENE_3818,Taeniopygia_guttata_GENE_3818
OG0000041,Ornithorhynchus_anatinus_GENE_39,Taeniopygia_guttata_GENE_39
OG0000007,Ornithorhynchus_anatinus_GENE_3907,Taeniopygia_guttata_GENE_3907
OG0000043,Ornithorhynchus_anatinus_GENE_401,Taeniopygia_guttata_GENE_401
OG0000024,Ornithorhynchus_anatinus_GENE_609,Taeniopygia_guttata_GENE_609
OG0000009,Ornithorhynchus_anatinus_GENE_730,Taeniopygia_guttata_GENE_730
