Orthogroup,Ornithorhynchus,Dasypus
OG0000010,Ornithorhynchus_anatinus_GENE_1086,Dasypus_novemcinctus_GENE_1086
OG0000012,Ornithorhynchus_anatinus_GENE_1206,Dasypus_novemcinctus_GENE_1206
OG0000027,Ornithorhynchus_anatinus_GENE_1465,Dasypus_novemcinctus_GENE_1465
OG0000028,Ornithorhynchus_anatinus_GENE_1671,Dasypus_novemcinctus_GENE_1671
OG0000030,Ornithorhynchus_anatinus_GENE_1984,Dasypus_novemcinctus_GENE_1984
OG0000016,Ornithorhynchus_anatinus_GENE_2244,Dasypus_novemcinctus_GENE_2244
OG0000019,Ornithorhynchus_anatinus_GENE_2903,Dasypus_novemcinctus_GENE_2903
OG0000038,Ornithorhynchus_anatinus_GENE_3150,Dasypus_novemcinctus_GENE_3150
OG0000003,Ornithorhynchus_anatinus_GENE_3380,Dasypus_novemcinctus_GENE_3380
OG0000021,Ornithorhynchus_anatinus_GENE_3458,Dasypus_novemcinctus_GENE_3458
OG0000022,Ornithorhynchus_anatinus_GENE_3508,Dasypus_novemcinctus_GENE_3508
OG0000005,Ornithorhynchus_anatinus_GENE_3570,Dasypus_novemcinctus_GENE_3570
OG0000042,Ornithorhynchus_anatinus_GENE_3912,Dasypus_novemcinctus_GENE_3912
OG0000043,Ornithorhynchus_anatinus_GENE_401,Dasypus_novemcinctus_GENE_401
OG0000024,Ornithorhynchus_anatinus_GENE_609,Dasypus_novemcinctus_GENE_609
OG0000054,Ornithorhynchus_anatinus_GENE_634,Dasypus_novemcinctus_GENE_634
OG0000009,Ornithorhynchus_anatinus_GENE_730,Dasypus_novemcinctus_GENE_730
