Orthogroup,Ornithorhynchus,Gallus
OG0000010,Ornithorhynchus_anatinus_GENE_1086,Gallus_gallus_GENE_1086
OG0000013,Ornithorhynchus_anatinus_GENE_1224,Gallus_gallus_GENE_1224
OG0000027,Ornithorhynchus_anatinus_GENE_1465,Gallus_gallus_GENE_1465
OG0000028,Ornithorhynchus_anatinus_GENE_1671,Gallus_gallus_GENE_1671
OG0000016,Ornithorhynchus_anatinus_GENE_2244,Gallus_gallus_GENE_2244
OG0000048,Ornithorhynchus_anatinus_GENE_2498,Gallus_gallus_GENE_2498
OG0000019,Ornithorhynchus_anatinus_GENE_2903,Gallus_gallus_GENE_2903
OG0000051,Ornithorhynchus_anatinus_GENE_3283,Gallus_gallus_GENE_3283
OG0000021,Ornithorhynchus_anatinus_GENE_3458,Gallus_gallus_GENE_3458
OG0000046,Ornithorhynchus_anatinus_GENE_368,Gallus_gallus_GENE_368
OG0000006,Ornithorhynchus_anatinus_GENE_3818,Gallus_gallus_GENE_3818
OG0000007,Ornithorhynchus_anatinus_GENE_3907,Gallus_gallus_GENE_3907
OG0000043,Ornithorhynchus_anatinus_GENE_401,Gallus_gallus_GENE_401
OG0000024,Ornithorhynchus_anatinus_GENE_609,Gallus_gallus_GENE_609
OG0000009,Ornithorhynchus_anatinus_GENE_730,Gallus_gallus_GENE_730
