Orthogroup,Ornithorhynchus,Danio
OG0000012,Ornithorhynchus_anatinus_GENE_1206,Danio_rerio_GENE_1206
OG0000013,Ornithorhynchus_anatinus_GENE_1224,Danio_rerio_GENE_1224
OG0000000,Ornithorhynchus_anatinus_GENE_1433,Danio_rerio_GENE_1433
OG0000029,Ornithorhynchus_anatinus_GENE_1724,Danio_rerio_GENE_1724
OG0000047,Ornithorhynchus_anatinus_GENE_2063,Danio_rerio_GENE_2063
OG0000016,Ornithorhynchus_anatinus_GENE_2244,Danio_rerio_GENE_2244
OG0000017,Ornithorhynchus_anatinus_GENE_2459,Danio_rerio_GENE_2459
OG0000048,Ornithorhynchus_anatinus_GENE_2498,Danio_rerio_GENE_2498
OG0000019,Ornithorhynchus_anatinus_GENE_2903,Danio_rerio_GENE_2903
OG0000002,Ornithorhynchus_anatinus_GENE_3026,Danio_rerio_GENE_3026
OG0000050,Ornithorhynchus_anatinus_GENE_3210,Danio_rerio_GENE_3210
OG0000040,Ornithorhynchus_anatinus_GENE_3515,Danio_rerio_GENE_3515
OG0000041,Ornithorhynchus_anatinus_GENE_39,Danio_rerio_GENE_39
OG0000007,Ornithorhynchus_anatinus_GENE_3907,Danio_rerio_GENE_3907
OG0000043,Ornithorhynchus_anatinus_GENE_401,Danio_rerio_GENE_401
OG0000008,Ornithorhynchus_anatinus_GENE_541,Danio_rerio_GENE_541
OG0000054,Ornithorhynchus_anatinus_GENE_634,Danio_rerio_GENE_634
OG0000026,Ornithorhynchus_anatinus_GENE_974,Danio_rerio_GENE_974
