Orthogroup,Ornithorhynchus,Oreochromis
OG0000012,Ornithorhynchus_anatinus_GENE_1206,Oreochromis_niloticus_GENE_1206
OG0000013,Ornithorhynchus_anatinus_GENE_1224,Oreochromis_niloticus_GENE_1224
OG0000000,Ornithorhynchus_anatinus_GENE_1433,Oreochromis_niloticus_GENE_1433
OG0000047,Ornithorhynchus_anatinus_GENE_2063,Oreochromis_niloticus_GENE_2063
OG0000016,Ornithorhynchus_anatinus_GENE_2244,Oreochromis_niloticus_GENE_2244
OG0000017,Ornithorhynchus_anatinus_GENE_2459,Oreochromis_niloticus_GENE_2459
OG0000019,Ornithorhynchus_anatinus_GENE_2903,Oreochromis_niloticus_GENE_2903
OG0000002,Ornithorhynchus_anatinus_GENE_3026,Oreochromis_niloticus_GENE_3026
OG0000050,Ornithorhynchus_anatinus_GENE_3210,Oreochromis_niloticus_GENE_3210
OG0000041,Ornithorhynchus_anatinus_GENE_39,Oreochromis_niloticus_GENE_39
OG0000007,Ornithorhynchus_anatinus_GENE_3907,Oreochromis_niloticus_GENE_3907
OG0000008,Ornithorhynchus_anatinus_GENE_541,Oreochromis_niloticus_GENE_541
OG0000054,Ornithorhynchus_anatinus_GENE_634,Oreochromis_niloticus_GENE_634
OG0000026,Ornithorhynchus_anatinus_GENE_974,Oreochromis_niloticus_GENE_974
