Orthogroup,Ornithorhynchus,Meleagris
OG0000010,Ornithorhynchus_anatinus_GENE_1086,Meleagris_gallopavo_GENE_1086
OG0000027,Ornithorhynchus_anatinus_GENE_1465,Meleagris_gallopavo_GENE_1465
OG0000016,Ornithorhynchus_anatinus_GENE_2244,Meleagris_gallopavo_GENE_2244
OG0000048,Ornithorhynchus_anatinus_GENE_2498,Meleagris_gallopavo_GENE_2498
OG0000019,Ornithorhynchus_anatinus_GENE_2903,Meleagris_gallopavo_GENE_2903
OG0000051,Ornithorhynchus_anatinus_GENE_3283,Meleagris_gallopavo_GENE_3283
OG0000021,Ornithorhynchus_anatinus_GENE_3458,Meleagris_gallopavo_GENE_3458
OG0000046,Ornithorhynchus_anatinus_GENE_368,Meleagris_gallopavo_GENE_368
OG0000006,Ornithorhynchus_anatinus_GENE_3818,Meleagris_gallopavo_GENE_3818
OG0000041,Ornithorhynchus_anatinus_GENE_39,Meleagris_gallopavo_GENE_39
OG0000007,Ornithorhynchus_anatinus_GENE_3907,Meleagris_gallopavo_GENE_3907
OG0000043,Ornithorhynchus_anatinus_GENE_401,Meleagris_gallopavo_GENE_401
OG0000024,Ornithorhynchus_anatinus_GENE_609,Meleagris_gallopavo_GENE_609
OG0000009,Ornithorhynchus_anatinus_GENE_730,Meleagris_gallopavo_GENE_730
