Orthogroup,Ornithorhynchus,Xenopus
OG0000010,Ornithorhynchus_anatinus_GENE_1086,Xenopus_Silurana_tropicalis_GENE_1086
OG0000011,Ornithorhynchus_anatinus_GENE_1093,Xenopus_Silurana_tropicalis_GENE_1093
OG0000000,Ornithorhynchus_anatinus_GENE_1433,Xenopus_Silurana_tropicalis_GENE_1433
OG0000027,Ornithorhynchus_anatinus_GENE_1465,Xenopus_Silurana_tropicalis_GENE_1465
OG0000029,Ornithorhynchus_anatinus_GENE_1724,Xenopus_Silurana_tropicalis_GENE_1724
OG0000047,Ornithorhynchus_anatinus_GENE_2063,Xenopus_Silurana_tropicalis_GENE_2063
OG0000016,Ornithorhynchus_anatinus_GENE_2244,Xenopus_Silurana_tropicalis_GENE_2244
OG0000034,Ornithorhynchus_anatinus_GENE_248,Xenopus_Silurana_tropicalis_GENE_248
OG0000048,Ornithorhynchus_anatinus_GENE_2498,Xenopus_Silurana_tropicalis_GENE_2498
OG0000019,Ornithorhynchus_anatinus_GENE_2903,Xenopus_Silurana_tropicalis_GENE_2903
OG0000002,Ornithorhynchus_anatinus_GENE_3026,Xenopus_Silurana_tropicalis_GENE_3026
OG0000038,Ornithorhynchus_anatinus_GENE_3150,Xenopus_Silurana_tropicalis_GENE_3150
OG0000050,Ornithorhynchus_anatinus_GENE_3210,Xenopus_Silurana_tropicalis_GENE_3210
OG0000021,Ornithorhynchus_anatinus_GENE_3458,Xenopus_Silurana_tropicalis_GENE_3458
OG0000007,Ornithorhynchus_anatinus_GENE_3907,Xenopus_Silurana_tropicalis_GENE_3907
OG0000042,Ornithorhynchus_anatinus_GENE_3912,Xenopus_Silurana_tropicalis_GENE_3912
OG0000053,Ornithorhynchus_anatinus_GENE_3913,Xenopus_Silurana_tropicalis_GENE_3913
OG0000043,Ornithorhynchus_anatinus_GENE_401,Xenopus_Silurana_tropicalis_GENE_401
OG0000008,Ornithorhynchus_anatinus_GENE_541,Xenopus_Silurana_tropicalis_GENE_541
OG0000054,Ornithorhynchus_anatinus_GENE_634,Xenopus_Silurana_tropicalis_GENE_634
OG0000009,Ornithorhynchus_anatinus_GENE_730,Xenopus_Silurana_tropicalis_GENE_730
OG0000045,Ornithorhynchus_anatinus_GENE_952,Xenopus_Silurana_tropicalis_GENE_952
OG0000026,Ornithorhynchus_anatinus_GENE_974,Xenopus_Silurana_tropicalis_GENE_974
