Orthogroup,Ornithorhynchus,Macropus
OG0000012,Ornithorhynchus_anatinus_GENE_1206,Macropus_eugenii_GENE_1206
OG0000027,Ornithorhynchus_anatinus_GENE_1465,Macropus_eugenii_GENE_1465
OG0000028,Ornithorhynchus_anatinus_GENE_1671,Macropus_eugenii_GENE_1671
OG0000034,Ornithorhynchus_anatinus_GENE_248,Macropus_eugenii_GENE_248
OG0000048,Ornithorhynchus_anatinus_GENE_2498,Macropus_eugenii_GENE_2498
OG0000019,Ornithorhynchus_anatinus_GENE_2903,Macropus_eugenii_GENE_2903
OG0000021,Ornithorhynchus_anatinus_GENE_3458,Macropus_eugenii_GENE_3458
OG0000022,Ornithorhynchus_anatinus_GENE_3508,Macropus_eugenii_GENE_3508
OG0000005,Ornithorhynchus_anatinus_GENE_3570,Macropus_eugenii_GENE_3570
OG0000042,Ornithorhynchus_anatinus_GENE_3912,Macropus_eugenii_GENE_3912
OG0000053,Ornithorhynchus_anatinus_GENE_3913,Macropus_eugenii_GENE_3913
OG0000043,Ornithorhynchus_anatinus_GENE_401,Macropus_eugenii_GENE_401
OG0000008,Ornithorhynchus_anatinus_GENE_541,Macropus_eugenii_GENE_541
OG0000054,Ornithorhynchus_anatinus_GENE_634,Macropus_eugenii_GENE_634
OG0000009,Ornithorhynchus_anatinus_GENE_730,Macropus_eugenii_GENE_730
