Orthogroup,Callorhinchus,Homo
OG0000013,Callorhinchus_milii_GENE_1224,Homo_sapiens_GENE_1224
OG0000000,Callorhinchus_milii_GENE_1433,Homo_sapiens_GENE_1433
OG0000055,Callorhinchus_milii_GENE_17,Homo_sapiens_GENE_17
OG0000029,Callorhinchus_milii_GENE_1724,Homo_sapiens_GENE_1724
OG0000016,Callorhinchus_milii_GENE_2244,Homo_sapiens_GENE_2244
OG0000032,Callorhinchus_milii_GENE_2274,Homo_sapiens_GENE_2274
OG0000017,Callorhinchus_milii_GENE_2459,Homo_sapiens_GENE_2459
OG0000018,Callorhinchus_milii_GENE_2772,Homo_sapiens_GENE_2772
OG0000036,Callorhinchus_milii_GENE_2869,Homo_sapiens_GENE_2869
OG0000019,Callorhinchus_milii_GENE_2903,Homo_sapiens_GENE_2903
OG0000002,Callorhinchus_milii_GENE_3026,Homo_sapiens_GENE_3026
OG0000038,Callorhinchus_milii_GENE_3150,Homo_sapiens_GENE_3150
OG0000050,Callorhinchus_milii_GENE_3210,Homo_sapiens_GENE_3210
OG0000052,Callorhinchus_milii_GENE_3317,Homo_sapiens_GENE_3317
OG0000046,Callorhinchus_milii_GENE_368,Homo_sapiens_GENE_368
OG0000006,Callorhinchus_milii_GENE_3818,Homo_sapiens_GENE_3818
OG0000007,Callorhinchus_milii_GENE_3907,Homo_sapiens_GENE_3907
OG0000053,Callorhinchus_milii_GENE_3913,Homo_sapiens_GENE_3913
OG0000043,Callorhinchus_milii_GENE_401,Homo_sapiens_GENE_401
OG0000008,Callorhinchus_milii_GENE_541,Homo_sapiens_GENE_541
OG0000044,Callorhinchus_milii_GENE_583,Homo_sapiens_GENE_583
OG0000054,Callorhinchus_milii_GENE_634,Homo_sapiens_GENE_634
OG0000009,Callorhinchus_milii_GENE_730,Homo_sapiens_GENE_730
OG0000026,Callorhinchus_milii_GENE_974,Homo_sapiens_GENE_974
