Orthogroup,Callorhinchus,Danio
OG0000011,Callorhinchus_milii_GENE_1093,Danio_rerio_GENE_1093
OG0000000,Callorhinchus_milii_GENE_1433,Danio_rerio_GENE_1433
OG0000055,Callorhinchus_milii_GENE_17,Danio_rerio_GENE_17
OG0000029,Callorhinchus_milii_GENE_1724,Danio_rerio_GENE_1724
OG0000031,Callorhinchus_milii_GENE_2024,Danio_rerio_GENE_2024
OG0000015,Callorhinchus_milii_GENE_2194,Danio_rerio_GENE_2194
OG0000016,Callorhinchus_milii_GENE_2244,Danio_rerio_GENE_2244
OG0000001,Callorhinchus_milii_GENE_2421,Danio_rerio_GENE_2421
OG0000018,Callorhinchus_milii_GENE_2772,Danio_rerio_GENE_2772
OG0000036,Callorhinchus_milii_GENE_2869,Danio_rerio_GENE_2869
OG0000019,Callorhinchus_milii_GENE_2903,Danio_rerio_GENE_2903
OG0000002,Callorhinchus_milii_GENE_3026,Danio_rerio_GENE_3026
OG0000052,Callorhinchus_milii_GENE_3317,Danio_rerio_GENE_3317
OG0000003,Callorhinchus_milii_GENE_3380,Danio_rerio_GENE_3380
OG0000005,Callorhinchus_milii_GENE_3570,Danio_rerio_GENE_3570
OG0000007,Callorhinchus_milii_GENE_3907,Danio_rerio_GENE_3907
OG0000043,Callorhinchus_milii_GENE_401,Danio_rerio_GENE_401
OG0000024,Callorhinchus_milii_GENE_609,Danio_rerio_GENE_609
