Orthogroup,Callorhinchus,Monodelphis
OG0000013,Callorhinchus_milii_GENE_1224,Monodelphis_domestica_GENE_1224
OG0000000,Callorhinchus_milii_GENE_1433,Monodelphis_domestica_GENE_1433
OG0000029,Callorhinchus_milii_GENE_1724,Monodelphis_domestica_GENE_1724
OG0000016,Callorhinchus_milii_GENE_2244,Monodelphis_domestica_GENE_2244
OG0000032,Callorhinchus_milii_GENE_2274,Monodelphis_domestica_GENE_2274
OG0000017,Callorhinchus_milii_GENE_2459,Monodelphis_domestica_GENE_2459
OG0000018,Callorhinchus_milii_GENE_2772,Monodelphis_domestica_GENE_2772
OG0000036,Callorhinchus_milii_GENE_2869,Monodelphis_domestica_GENE_2869
OG0000002,Callorhinchus_milii_GENE_3026,Monodelphis_domestica_GENE_3026
OG0000052,Callorhinchus_milii_GENE_3317,Monodelphis_domestica_GENE_3317
OG0000046,Callorhinchus_milii_GENE_368,Monodelphis_domestica_GENE_368
OG0000006,Callorhinchus_milii_GENE_3818,Monodelphis_domestica_GENE_3818
OG0000007,Callorhinchus_milii_GENE_3907,Monodelphis_domestica_GENE_3907
OG0000053,Callorhinchus_milii_GENE_3913,Monodelphis_domestica_GENE_3913
OG0000043,Callorhinchus_milii_GENE_401,Monodelphis_domestica_GENE_401
OG0000008,Callorhinchus_milii_GENE_541,Monodelphis_domestica_GENE_541
OG0000044,Callorhinchus_milii_GENE_583,Monodelphis_domestica_GENE_583
OG0000054,Callorhinchus_milii_GENE_634,Monodelphis_domestica_GENE_634
OG0000009,Callorhinchus_milii_GENE_730,Monodelphis_domestica_GENE_730
OG0000026,Callorhinchus_milii_GENE_974,Monodelphis_domestica_GENE_974
