Orthogroup,Callorhinchus,Taeniopygia
OG0000000,Callorhinchus_milii_GENE_1433,Taeniopygia_guttata_GENE_1433
OG0000055,Callorhinchus_milii_GENE_17,Taeniopygia_guttata_GENE_17
OG0000029,Callorhinchus_milii_GENE_1724,Taeniopygia_guttata_GENE_1724
OG0000016,Callorhinchus_milii_GENE_2244,Taeniopygia_guttata_GENE_2244
OG0000017,Callorhinchus_milii_GENE_2459,Taeniopygia_guttata_GENE_2459
OG0000018,Callorhinchus_milii_GENE_2772,Taeniopygia_guttata_GENE_2772
OG0000019,Callorhinchus_milii_GENE_2903,Taeniopygia_guttata_GENE_2903
OG0000002,Callorhinchus_milii_GENE_3026,Taeniopygia_guttata_GENE_3026
OG0000038,Callorhinchus_milii_GENE_3150,Taeniopygia_guttata_GENE_3150
OG0000050,Callorhinchus_milii_GENE_3210,Taeniopygia_guttata_GENE_3210
OG0000052,Callorhinchus_milii_GENE_3317,Taeniopygia_guttata_GENE_3317
OG0000020,Callorhinchus_milii_GENE_3353,Taeniopygia_guttata_GENE_3353
OG0000022,Callorhinchus_milii_GENE_3508,Taeniopygia_guttata_GENE_3508
OG0000005,Callorhinchus_milii_GENE_3570,Taeniopygia_guttata_GENE_3570
OG0000046,Callorhinchus_milii_GENE_368,Taeniopygia_guttata_GENE_368
OG0000006,Callorhinchus_milii_GENE_3818,Taeniopygia_guttata_GENE_3818
OG0000007,Callorhinchus_milii_GENE_3907,Taeniopygia_guttata_GENE_3907
OG0000043,Callorhinchus_milii_GENE_401,Taeniopygia_guttata_GENE_401
OG0000008,Callorhinchus_milii_GENE_541,Taeniopygia_guttata_GENE_541
OG0000044,Callorhinchus_milii_GENE_583,Taeniopygia_guttata_GENE_583
OG0000009,Callorhinchus_milii_GENE_730,Taeniopygia_guttata_GENE_730
OG0000026,Callorhinchus_milii_GENE_974,Taeniopygia_guttata_GENE_974
