Orthogroup,Callorhinchus,Latimeria
OG0000010,Callorhinchus_milii_GENE_1086,Latimeria_chalumnae_GENE_1086
OG0000000,Callorhinchus_milii_GENE_1433,Latimeria_chalumnae_GENE_1433
OG0000027,Callorhinchus_milii_GENE_1465,Latimeria_chalumnae_GENE_1465
OG0000014,Callorhinchus_milii_GENE_1646,Latimeria_chalumnae_GENE_1646
OG0000055,Callorhinchus_milii_GENE_17,Latimeria_chalumnae_GENE_17
OG0000029,Callorhinchus_milii_GENE_1724,Latimeria_chalumnae_GENE_1724
OG0000030,Callorhinchus_milii_GENE_1984,Latimeria_chalumnae_GENE_1984
OG0000031,Callorhinchus_milii_GENE_2024,Latimeria_chalumnae_GENE_2024
OG0000016,Callorhinchus_milii_GENE_2244,Latimeria_chalumnae_GENE_2244
OG0000032,Callorhinchus_milii_GENE_2274,Latimeria_chalumnae_GENE_2274
OG0000033,Callorhinchus_milii_GENE_2443,Latimeria_chalumnae_GENE_2443
OG0000017,Callorhinchus_milii_GENE_2459,Latimeria_chalumnae_GENE_2459
OG0000034,Callorhinchus_milii_GENE_248,Latimeria_chalumnae_GENE_248
OG0000048,Callorhinchus_milii_GENE_2498,Latimeria_chalumnae_GENE_2498
OG0000035,Callorhinchus_milii_GENE_2537,Latimeria_chalumnae_GENE_2537
OG0000018,Callorhinchus_milii_GENE_2772,Latimeria_chalumnae_GENE_2772
OG0000036,Callorhinchus_milii_GENE_2869,Latimeria_chalumnae_GENE_2869
OG0000019,Callorhinchus_milii_GENE_2903,Latimeria_chalumnae_GENE_2903
OG0000002,Callorhinchus_milii_GENE_3026,Latimeria_chalumnae_GENE_3026
OG0000049,Callorhinchus_milii_GENE_3058,Latimeria_chalumnae_GENE_3058
OG0000037,Callorhinchus_milii_GENE_3089,Latimeria_chalumnae_GENE_3089
OG0000050,Callorhinchus_milii_GENE_3210,Latimeria_chalumnae_GENE_3210
OG0000051,Callorhinchus_milii_GENE_3283,Latimeria_chalumnae_GENE_3283
OG0000052,Callorhinchus_milii_GENE_3317,Latimeria_chalumnae_GENE_3317
OG0000021,Callorhinchus_milii_GENE_3458,Latimeria_chalumnae_GENE_3458
OG0000022,Callorhinchus_milii_GENE_3508,Latimeria_chalumnae_GENE_3508
OG0000040,Callorhinchus_milii_GENE_3515,Latimeria_chalumnae_GENE_3515
OG0000005,Callorhinchus_milii_GENE_3570,Latimeria_chalumnae_GENE_3570
OG0000007,Callorhinchus_milii_GENE_3907,Latimeria_chalumnae_GENE_3907
OG0000053,Callorhinchus_milii_GENE_3913,Latimeria_chalumnae_GENE_3913
OG0000043,Callorhinchus_milii_GENE_401,Latimeria_chalumnae_GENE_401
OG0000008,Callorhinchus_milii_GENE_541,Latimeria_chalumnae_GENE_541
OG0000024,Callorhinchus_milii_GENE_609,Latimeria_chalumnae_GENE_609
OG0000054,Callorhinchus_milii_GENE_634,Latimeria_chalumnae_GENE_634
OG0000025,Callorhinchus_milii_GENE_697,Latimeria_chalumnae_GENE_697
OG0000026,Callorhinchus_milii_GENE_974,Latimeria_chalumnae_GENE_974
