Orthogroup,Callorhinchus,Pelodiscus
OG0000013,Callorhinchus_milii_GENE_1224,Pelodiscus_sinensis_GENE_1224
OG0000000,Callorhinchus_milii_GENE_1433,Pelodiscus_sinensis_GENE_1433
OG0000055,Callorhinchus_milii_GENE_17,Pelodiscus_sinensis_GENE_17
OG0000029,Callorhinchus_milii_GENE_1724,Pelodiscus_sinensis_GENE_1724
OG0000016,Callorhinchus_milii_GENE_2244,Pelodiscus_sinensis_GENE_2244
OG0000032,Callorhinchus_milii_GENE_2274,Pelodiscus_sinensis_GENE_2274
OG0000017,Callorhinchus_milii_GENE_2459,Pelodiscus_sinensis_GENE_2459
OG0000018,Callorhinchus_milii_GENE_2772,Pelodiscus_sinensis_GENE_2772
OG0000036,Callorhinchus_milii_GENE_2869,Pelodiscus_sinensis_GENE_2869
OG0000019,Callorhinchus_milii_GENE_2903,Pelodiscus_sinensis_GENE_2903
OG0000002,Callorhinchus_milii_GENE_3026,Pelodiscus_sinensis_GENE_3026
OG0000038,Callorhinchus_milii_GENE_3150,Pelodiscus_sinensis_GENE_3150
OG0000050,Callorhinchus_milii_GENE_3210,Pelodiscus_sinensis_GENE_3210
OG0000052,Callorhinchus_milii_GENE_3317,Pelodiscus_sinensis_GENE_3317
OG0000005,Callorhinchus_milii_GENE_3570,Pelodiscus_sinensis_GENE_3570
OG0000006,Callorhinchus_milii_GENE_3818,Pelodiscus_sinensis_GENE_3818
OG0000007,Callorhinchus_milii_GENE_3907,Pelodiscus_sinensis_GENE_3907
OG0000043,Callorhinchus_milii_GENE_401,Pelodiscus_sinensis_GENE_401
OG0000008,Callorhinchus_milii_GENE_541,Pelodiscus_sinensis_GENE_541
OG0000044,Callorhinchus_milii_GENE_583,Pelodiscus_sinensis_GENE_583
OG0000054,Callorhinchus_milii_GENE_634,Pelodiscus_sinensis_GENE_634
OG0000009,Callorhinchus_milii_GENE_730,Pelodiscus_sinensis_GENE_730
OG0000026,Callorhinchus_milii_GENE_974,Pelodiscus_sinensis_GENE_974
