Orthogroup,Callorhinchus,Meleagris
OG0000000,Callorhinchus_milii_GENE_1433,Meleagris_gallopavo_GENE_1433
OG0000055,Callorhinchus_milii_GENE_17,Meleagris_gallopavo_GENE_17
OG0000029,Callorhinchus_milii_GENE_1724,Meleagris_gallopavo_GENE_1724
OG0000016,Callorhinchus_milii_GENE_2244,Meleagris_gallopavo_GENE_2244
OG0000032,Callorhinchus_milii_GENE_2274,Meleagris_gallopavo_GENE_2274
OG0000018,Callorhinchus_milii_GENE_2772,Meleagris_gallopavo_GENE_2772
OG0000036,Callorhinchus_milii_GENE_2869,Meleagris_gallopavo_GENE_2869
OG0000019,Callorhinchus_milii_GENE_2903,Meleagris_gallopavo_GENE_2903
OG0000002,Callorhinchus_milii_GENE_3026,Meleagris_gallopavo_GENE_3026
OG0000038,Callorhinchus_milii_GENE_3150,Meleagris_gallopavo_GENE_3150
OG0000050,Callorhinchus_milii_GENE_3210,Meleagris_gallopavo_GENE_3210
OG0000052,Callorhinchus_milii_GENE_3317,Meleagris_gallopavo_GENE_3317
OG0000022,Callorhinchus_milii_GENE_3508,Meleagris_gallopavo_GENE_3508
OG0000005,Callorhinchus_milii_GENE_3570,Meleagris_gallopavo_GENE_3570
OG0000046,Callorhinchus_milii_GENE_368,Meleagris_gallopavo_GENE_368
OG0000006,Callorhinchus_milii_GENE_3818,Meleagris_gallopavo_GENE_3818
OG0000007,Callorhinchus_milii_GENE_3907,Meleagris_gallopavo_GENE_3907
OG0000043,Callorhinchus_milii_GENE_401,Meleagris_gallopavo_GENE_401
OG0000008,Callorhinchus_milii_GENE_541,Meleagris_gallopavo_GENE_541
OG0000009,Callorhinchus_milii_GENE_730,Meleagris_gallopavo_GENE_730
OG0000026,Callorhinchus_milii_GENE_974,Meleagris_gallopavo_GENE_974
