Orthogroup,Callorhinchus,Macropus
OG0000013,Callorhinchus_milii_GENE_1224,Macropus_eugenii_GENE_1224
OG0000000,Callorhinchus_milii_GENE_1433,Macropus_eugenii_GENE_1433
OG0000055,Callorhinchus_milii_GENE_17,Macropus_eugenii_GENE_17
OG0000029,Callorhinchus_milii_GENE_1724,Macropus_eugenii_GENE_1724
OG0000032,Callorhinchus_milii_GENE_2274,Macropus_eugenii_GENE_2274
OG0000018,Callorhinchus_milii_GENE_2772,Macropus_eugenii_GENE_2772
OG0000036,Callorhinchus_milii_GENE_2869,Macropus_eugenii_GENE_2869
OG0000019,Callorhinchus_milii_GENE_2903,Macropus_eugenii_GENE_2903
OG0000002,Callorhinchus_milii_GENE_3026,Macropus_eugenii_GENE_3026
OG0000050,Callorhinchus_milii_GENE_3210,Macropus_eugenii_GENE_3210
OG0000052,Callorhinchus_milii_GENE_3317,Macropus_eugenii_GENE_3317
OG0000046,Callorhinchus_milii_GENE_368,Macropus_eugenii_GENE_368
OG0000006,Callorhinchus_milii_GENE_3818,Macropus_eugenii_GENE_3818
OG0000007,Callorhinchus_milii_GENE_3907,Macropus_eugenii_GENE_3907
OG0000043,Callorhinchus_milii_GENE_401,Macropus_eugenii_GENE_401
OG0000008,Callorhinchus_milii_GENE_541,Macropus_eugenii_GENE_541
OG0000044,Callorhinchus_milii_GENE_583,Macropus_eugenii_GENE_583
OG0000054,Callorhinchus_milii_GENE_634,Macropus_eugenii_GENE_634
OG0000009,Callorhinchus_milii_GENE_730,Macropus_eugenii_GENE_730
