Orthogroup,Callorhinchus,Lepisosteus
OG0000010,Callorhinchus_milii_GENE_1086,Lepisosteus_oculatus_GENE_1086
OG0000000,Callorhinchus_milii_GENE_1433,Lepisosteus_oculatus_GENE_1433
OG0000027,Callorhinchus_milii_GENE_1465,Lepisosteus_oculatus_GENE_1465
OG0000055,Callorhinchus_milii_GENE_17,Lepisosteus_oculatus_GENE_17
OG0000029,Callorhinchus_milii_GENE_1724,Lepisosteus_oculatus_GENE_1724
OG0000031,Callorhinchus_milii_GENE_2024,Lepisosteus_oculatus_GENE_2024
OG0000015,Callorhinchus_milii_GENE_2194,Lepisosteus_oculatus_GENE_2194
OG0000016,Callorhinchus_milii_GENE_2244,Lepisosteus_oculatus_GENE_2244
OG0000001,Callorhinchus_milii_GENE_2421,Lepisosteus_oculatus_GENE_2421
OG0000018,Callorhinchus_milii_GENE_2772,Lepisosteus_oculatus_GENE_2772
OG0000036,Callorhinchus_milii_GENE_2869,Lepisosteus_oculatus_GENE_2869
OG0000019,Callorhinchus_milii_GENE_2903,Lepisosteus_oculatus_GENE_2903
OG0000002,Callorhinchus_milii_GENE_3026,Lepisosteus_oculatus_GENE_3026
OG0000052,Callorhinchus_milii_GENE_3317,Lepisosteus_oculatus_GENE_3317
OG0000003,Callorhinchus_milii_GENE_3380,Lepisosteus_oculatus_GENE_3380
OG0000021,Callorhinchus_milii_GENE_3458,Lepisosteus_oculatus_GENE_3458
OG0000022,Callorhinchus_milii_GENE_3508,Lepisosteus_oculatus_GENE_3508
OG0000005,Callorhinchus_milii_GENE_3570,Lepisosteus_oculatus_GENE_3570
OG0000007,Callorhinchus_milii_GENE_3907,Lepisosteus_oculatus_GENE_3907
OG0000053,Callorhinchus_milii_GENE_3913,Lepisosteus_oculatus_GENE_3913
OG0000043,Callorhinchus_milii_GENE_401,Lepisosteus_oculatus_GENE_401
OG0000024,Callorhinchus_milii_GENE_609,Lepisosteus_oculatus_GENE_609
OG0000045,Callorhinchus_milii_GENE_952,Lepisosteus_oculatus_GENE_952
