Orthogroup,Callorhinchus,Canis
OG0000013,Callorhinchus_milii_GENE_1224,Canis_lupus_familiaris_GENE_1224
OG0000000,Callorhinchus_milii_GENE_1433,Canis_lupus_familiaris_GENE_1433
OG0000055,Callorhinchus_milii_GENE_17,Canis_lupus_familiaris_GENE_17
OG0000029,Callorhinchus_milii_GENE_1724,Canis_lupus_familiaris_GENE_1724
OG0000016,Callorhinchus_milii_GENE_2244,Canis_lupus_familiaris_GENE_2244
OG0000032,Callorhinchus_milii_GENE_2274,Canis_lupus_familiaris_GENE_2274
OG0000018,Callorhinchus_milii_GENE_2772,Canis_lupus_familiaris_GENE_2772
OG0000036,Callorhinchus_milii_GENE_2869,Canis_lupus_familiaris_GENE_2869
OG0000019,Callorhinchus_milii_GENE_2903,Canis_lupus_familiaris_GENE_2903
OG0000002,Callorhinchus_milii_GENE_3026,Canis_lupus_familiaris_GENE_3026
OG0000038,Callorhinchus_milii_GENE_3150,Canis_lupus_familiaris_GENE_3150
OG0000050,Callorhinchus_milii_GENE_3210,Canis_lupus_familiaris_GENE_3210
OG0000046,Callorhinchus_milii_GENE_368,Canis_lupus_familiaris_GENE_368
OG0000006,Callorhinchus_milii_GENE_3818,Canis_lupus_familiaris_GENE_3818
OG0000007,Callorhinchus_milii_GENE_3907,Canis_lupus_familiaris_GENE_3907
OG0000043,Callorhinchus_milii_GENE_401,Canis_lupus_familiaris_GENE_401
OG0000008,Callorhinchus_milii_GENE_541,Canis_lupus_familiaris_GENE_541
OG0000044,Callorhinchus_milii_GENE_583,Canis_lupus_familiaris_GENE_583
OG0000054,Callorhinchus_milii_GENE_634,Canis_lupus_familiaris_GENE_634
OG0000009,Callorhinchus_milii_GENE_730,Canis_lupus_familiaris_GENE_730
OG0000026,Callorhinchus_milii_GENE_974,Canis_lupus_familiaris_GENE_974
