Orthogroup,Callorhinchus,Anolis
OG0000013,Callorhinchus_milii_GENE_1224,Anolis_carolinensis_GENE_1224
OG0000000,Callorhinchus_milii_GENE_1433,Anolis_carolinensis_GENE_1433
OG0000029,Callorhinchus_milii_GENE_1724,Anolis_carolinensis_GENE_1724
OG0000016,Callorhinchus_milii_GENE_2244,Anolis_carolinensis_GENE_2244
OG0000032,Callorhinchus_milii_GENE_2274,Anolis_carolinensis_GENE_2274
OG0000017,Callorhinchus_milii_GENE_2459,Anolis_carolinensis_GENE_2459
OG0000018,Callorhinchus_milii_GENE_2772,Anolis_carolinensis_GENE_2772
OG0000036,Callorhinchus_milii_GENE_2869,Anolis_carolinensis_GENE_2869
OG0000019,Callorhinchus_milii_GENE_2903,Anolis_carolinensis_GENE_2903
OG0000002,Callorhinchus_milii_GENE_3026,Anolis_carolinensis_GENE_3026
OG0000038,Callorhinchus_milii_GENE_3150,Anolis_carolinensis_GENE_3150
OG0000050,Callorhinchus_milii_GENE_3210,Anolis_carolinensis_GENE_3210
OG0000052,Callorhinchus_milii_GENE_3317,Anolis_carolinensis_GENE_3317
OG0000005,Callorhinchus_milii_GENE_3570,Anolis_carolinensis_GENE_3570
OG0000006,Callorhinchus_milii_GENE_3818,Anolis_carolinensis_GENE_3818
OG0000007,Callorhinchus_milii_GENE_3907,Anolis_carolinensis_GENE_3907
OG0000043,Callorhinchus_milii_GENE_401,Anolis_carolinensis_GENE_401
OG0000008,Callorhinchus_milii_GENE_541,Anolis_carolinensis_GENE_541
OG0000054,Callorhinchus_milii_GENE_634,Anolis_carolinensis_GENE_634
OG0000009,Callorhinchus_milii_GENE_730,Anolis_carolinensis_GENE_730
OG0000026,Callorhinchus_milii_GENE_974,Anolis_carolinensis_GENE_974
