Orthogroup,Callorhinchus,Protopterus
OG0000011,Callorhinchus_milii_GENE_1093,Protopterus_annectens_GENE_1093
OG0000012,Callorhinchus_milii_GENE_1206,Protopterus_annectens_GENE_1206
OG0000055,Callorhinchus_milii_GENE_17,Protopterus_annectens_GENE_17
OG0000029,Callorhinchus_milii_GENE_1724,Protopterus_annectens_GENE_1724
OG0000030,Callorhinchus_milii_GENE_1984,Protopterus_annectens_GENE_1984
OG0000016,Callorhinchus_milii_GENE_2244,Protopterus_annectens_GENE_2244
OG0000017,Callorhinchus_milii_GENE_2459,Protopterus_annectens_GENE_2459
OG0000035,Callorhinchus_milii_GENE_2537,Protopterus_annectens_GENE_2537
OG0000018,Callorhinchus_milii_GENE_2772,Protopterus_annectens_GENE_2772
OG0000036,Callorhinchus_milii_GENE_2869,Protopterus_annectens_GENE_2869
OG0000019,Callorhinchus_milii_GENE_2903,Protopterus_annectens_GENE_2903
OG0000050,Callorhinchus_milii_GENE_3210,Protopterus_annectens_GENE_3210
OG0000052,Callorhinchus_milii_GENE_3317,Protopterus_annectens_GENE_3317
OG0000004,Callorhinchus_milii_GENE_343,Protopterus_annectens_GENE_343
OG0000021,Callorhinchus_milii_GENE_3458,Protopterus_annectens_GENE_3458
OG0000005,Callorhinchus_milii_GENE_3570,Protopterus_annectens_GENE_3570
OG0000007,Callorhinchus_milii_GENE_3907,Protopterus_annectens_GENE_3907
OG0000053,Callorhinchus_milii_GENE_3913,Protopterus_annectens_GENE_3913
OG0000043,Callorhinchus_milii_GENE_401,Protopterus_annectens_GENE_401
