Orthogroup,Callorhinchus,Ornithorhynchus
OG0000013,Callorhinchus_milii_GENE_1224,Ornithorhynchus_anatinus_GENE_1224
OG0000000,Callorhinchus_milii_GENE_1433,Ornithorhynchus_anatinus_GENE_1433
OG0000029,Callorhinchus_milii_GENE_1724,Ornithorhynchus_anatinus_GENE_1724
OG0000016,Callorhinchus_milii_GENE_2244,Ornithorhynchus_anatinus_GENE_2244
OG0000017,Callorhinchus_milii_GENE_2459,Ornithorhynchus_anatinus_GENE_2459
OG0000019,Callorhinchus_milii_GENE_2903,Ornithorhynchus_anatinus_GENE_2903
OG0000002,Callorhinchus_milii_GENE_3026,Ornithorhynchus_anatinus_GENE_3026
OG0000038,Callorhinchus_milii_GENE_3150,Ornithorhynchus_anatinus_GENE_3150
OG0000050,Callorhinchus_milii_GENE_3210,Ornithorhynchus_anatinus_GENE_3210
OG0000046,Callorhinchus_milii_GENE_368,Ornithorhynchus_anatinus_GENE_368
OG0000006,Callorhinchus_milii_GENE_3818,Ornithorhynchus_anatinus_GENE_3818
OG0000007,Callorhinchus_milii_GENE_3907,Ornithorhynchus_anatinus_GENE_3907
OG0000043,Callorhinchus_milii_GENE_401,Ornithorhynchus_anatinus_GENE_401
OG0000008,Callorhinchus_milii_GENE_541,Ornithorhynchus_anatinus_GENE_541
OG0000054,Callorhinchus_milii_GENE_634,Ornithorhynchus_anatinus_GENE_634
OG0000009,Callorhinchus_milii_GENE_730,Ornithorhynchus_anatinus_GENE_730
OG0000026,Callorhinchus_milii_GENE_974,Ornithorhynchus_anatinus_GENE_974
