Orthogroup,Callorhinchus,Takifugu
OG0000010,Callorhinchus_milii_GENE_1086,Takifugu_rubripes_GENE_1086
OG0000011,Callorhinchus_milii_GENE_1093,Takifugu_rubripes_GENE_1093
OG0000000,Callorhinchus_milii_GENE_1433,Takifugu_rubripes_GENE_1433
OG0000027,Callorhinchus_milii_GENE_1465,Takifugu_rubripes_GENE_1465
OG0000055,Callorhinchus_milii_GENE_17,Takifugu_rubripes_GENE_17
OG0000031,Callorhinchus_milii_GENE_2024,Takifugu_rubripes_GENE_2024
OG0000015,Callorhinchus_milii_GENE_2194,Takifugu_rubripes_GENE_2194
OG0000016,Callorhinchus_milii_GENE_2244,Takifugu_rubripes_GENE_2244
OG0000018,Callorhinchus_milii_GENE_2772,Takifugu_rubripes_GENE_2772
OG0000036,Callorhinchus_milii_GENE_2869,Takifugu_rubripes_GENE_2869
OG0000019,Callorhinchus_milii_GENE_2903,Takifugu_rubripes_GENE_2903
OG0000002,Callorhinchus_milii_GENE_3026,Takifugu_rubripes_GENE_3026
OG0000052,Callorhinchus_milii_GENE_3317,Takifugu_rubripes_GENE_3317
OG0000003,Callorhinchus_milii_GENE_3380,Takifugu_rubripes_GENE_3380
OG0000021,Callorhinchus_milii_GENE_3458,Takifugu_rubripes_GENE_3458
OG0000022,Callorhinchus_milii_GENE_3508,Takifugu_rubripes_GENE_3508
OG0000007,Callorhinchus_milii_GENE_3907,Takifugu_rubripes_GENE_3907
OG0000024,Callorhinchus_milii_GENE_609,Takifugu_rubripes_GENE_609
OG0000045,Callorhinchus_milii_GENE_952,Takifugu_rubripes_GENE_952
