Orthogroup,Callorhinchus,Oreochromis
OG0000010,Callorhinchus_milii_GENE_1086,Oreochromis_niloticus_GENE_1086
OG0000011,Callorhinchus_milii_GENE_1093,Oreochromis_niloticus_GENE_1093
OG0000000,Callorhinchus_milii_GENE_1433,Oreochromis_niloticus_GENE_1433
OG0000055,Callorhinchus_milii_GENE_17,Oreochromis_niloticus_GENE_17
OG0000031,Callorhinchus_milii_GENE_2024,Oreochromis_niloticus_GENE_2024
OG0000015,Callorhinchus_milii_GENE_2194,Oreochromis_niloticus_GENE_2194
OG0000016,Callorhinchus_milii_GENE_2244,Oreochromis_niloticus_GENE_2244
OG0000001,Callorhinchus_milii_GENE_2421,Oreochromis_niloticus_GENE_2421
OG0000018,Callorhinchus_milii_GENE_2772,Oreochromis_niloticus_GENE_2772
OG0000036,Callorhinchus_milii_GENE_2869,Oreochromis_niloticus_GENE_2869
OG0000019,Callorhinchus_milii_GENE_2903,Oreochromis_niloticus_GENE_2903
OG0000002,Callorhinchus_milii_GENE_3026,Oreochromis_niloticus_GENE_3026
OG0000052,Callorhinchus_milii_GENE_3317,Oreochromis_niloticus_GENE_3317
OG0000003,Callorhinchus_milii_GENE_3380,Oreochromis_niloticus_GENE_3380
OG0000021,Callorhinchus_milii_GENE_3458,Oreochromis_niloticus_GENE_3458
OG0000022,Callorhinchus_milii_GENE_3508,Oreochromis_niloticus_GENE_3508
OG0000007,Callorhinchus_milii_GENE_3907,Oreochromis_niloticus_GENE_3907
OG0000024,Callorhinchus_milii_GENE_609,Oreochromis_niloticus_GENE_609
OG0000045,Callorhinchus_milii_GENE_952,Oreochromis_niloticus_GENE_952
