Orthogroup,Callorhinchus,Xenopus
OG0000012,Callorhinchus_milii_GENE_1206,Xenopus_Silurana_tropicalis_GENE_1206
OG0000055,Callorhinchus_milii_GENE_17,Xenopus_Silurana_tropicalis_GENE_17
OG0000016,Callorhinchus_milii_GENE_2244,Xenopus_Silurana_tropicalis_GENE_2244
OG0000018,Callorhinchus_milii_GENE_2772,Xenopus_Silurana_tropicalis_GENE_2772
OG0000019,Callorhinchus_milii_GENE_2903,Xenopus_Silurana_tropicalis_GENE_2903
OG0000038,Callorhinchus_milii_GENE_3150,Xenopus_Silurana_tropicalis_GENE_3150
OG0000022,Callorhinchus_milii_GENE_3508,Xenopus_Silurana_tropicalis_GENE_3508
OG0000040,Callorhinchus_milii_GENE_3515,Xenopus_Silurana_tropicalis_GENE_3515
OG0000043,Callorhinchus_milii_GENE_401,Xenopus_Silurana_tropicalis_GENE_401
OG0000044,Callorhinchus_milii_GENE_583,Xenopus_Silurana_tropicalis_GENE_583
OG0000009,Callorhinchus_milii_GENE_730,Xenopus_Silurana_tropicalis_GENE_730
