Orthogroup,Lepisosteus,Latimeria
OG0000010,Lepisosteus_oculatus_GENE_1086,Latimeria_chalumnae_GENE_1086
OG0000011,Lepisosteus_oculatus_GENE_1093,Latimeria_chalumnae_GENE_1093
OG0000012,Lepisosteus_oculatus_GENE_1206,Latimeria_chalumnae_GENE_1206
OG0000000,Lepisosteus_oculatus_GENE_1433,Latimeria_chalumnae_GENE_1433
OG0000027,Lepisosteus_oculatus_GENE_1465,Latimeria_chalumnae_GENE_1465
OG0000014,Lepisosteus_oculatus_GENE_1646,Latimeria_chalumnae_GENE_1646
OG0000055,Lepisosteus_oculatus_GENE_17,Latimeria_chalumnae_GENE_17
OG0000029,Lepisosteus_oculatus_GENE_1724,Latimeria_chalumnae_GENE_1724
OG0000030,Lepisosteus_oculatus_GENE_1984,Latimeria_chalumnae_GENE_1984
OG0000031,Lepisosteus_oculatus_GENE_2024,Latimeria_chalumnae_GENE_2024
OG0000016,Lepisosteus_oculatus_GENE_2244,Latimeria_chalumnae_GENE_2244
OG0000032,Lepisosteus_oculatus_GENE_2274,Latimeria_chalumnae_GENE_2274
OG0000033,Lepisosteus_oculatus_GENE_2443,Latimeria_chalumnae_GENE_2443
OG0000017,Lepisosteus_oculatus_GENE_2459,Latimeria_chalumnae_GENE_2459
OG0000018,Lepisosteus_oculatus_GENE_2772,Latimeria_chalumnae_GENE_2772
OG0000036,Lepisosteus_oculatus_GENE_2869,Latimeria_chalumnae_GENE_2869
OG0000019,Lepisosteus_oculatus_GENE_2903,Latimeria_chalumnae_GENE_2903
OG0000002,Lepisosteus_oculatus_GENE_3026,Latimeria_chalumnae_GENE_3026
OG0000049,Lepisosteus_oculatus_GENE_3058,Latimeria_chalumnae_GENE_3058
OG0000050,Lepisosteus_oculatus_GENE_3210,Latimeria_chalumnae_GENE_3210
OG0000052,Lepisosteus_oculatus_GENE_3317,Latimeria_chalumnae_GENE_3317
OG0000004,Lepisosteus_oculatus_GENE_343,Latimeria_chalumnae_GENE_343
OG0000021,Lepisosteus_oculatus_GENE_3458,Latimeria_chalumnae_GENE_3458
OG0000022,Lepisosteus_oculatus_GENE_3508,Latimeria_chalumnae_GENE_3508
OG0000005,Lepisosteus_oculatus_GENE_3570,Latimeria_chalumnae_GENE_3570
OG0000046,Lepisosteus_oculatus_GENE_368,Latimeria_chalumnae_GENE_368
OG0000007,Lepisosteus_oculatus_GENE_3907,Latimeria_chalumnae_GENE_3907
OG0000053,Lepisosteus_oculatus_GENE_3913,Latimeria_chalumnae_GENE_3913
OG0000043,Lepisosteus_oculatus_GENE_401,Latimeria_chalumnae_GENE_401
OG0000008,Lepisosteus_oculatus_GENE_541,Latimeria_chalumnae_GENE_541
OG0000044,Lepisosteus_oculatus_GENE_583,Latimeria_chalumnae_GENE_583
OG0000024,Lepisosteus_oculatus_GENE_609,Latimeria_chalumnae_GENE_609
OG0000054,Lepisosteus_oculatus_GENE_634,Latimeria_chalumnae_GENE_634
OG0000026,Lepisosteus_oculatus_GENE_974,Latimeria_chalumnae_GENE_974
