Orthogroup,Lepisosteus,Monodelphis
OG0000013,Lepisosteus_oculatus_GENE_1224,Monodelphis_domestica_GENE_1224
OG0000000,Lepisosteus_oculatus_GENE_1433,Monodelphis_domestica_GENE_1433
OG0000029,Lepisosteus_oculatus_GENE_1724,Monodelphis_domestica_GENE_1724
OG0000047,Lepisosteus_oculatus_GENE_2063,Monodelphis_domestica_GENE_2063
OG0000016,Lepisosteus_oculatus_GENE_2244,Monodelphis_domestica_GENE_2244
OG0000032,Lepisosteus_oculatus_GENE_2274,Monodelphis_domestica_GENE_2274
OG0000017,Lepisosteus_oculatus_GENE_2459,Monodelphis_domestica_GENE_2459
OG0000048,Lepisosteus_oculatus_GENE_2498,Monodelphis_domestica_GENE_2498
OG0000035,Lepisosteus_oculatus_GENE_2537,Monodelphis_domestica_GENE_2537
OG0000018,Lepisosteus_oculatus_GENE_2772,Monodelphis_domestica_GENE_2772
OG0000036,Lepisosteus_oculatus_GENE_2869,Monodelphis_domestica_GENE_2869
OG0000002,Lepisosteus_oculatus_GENE_3026,Monodelphis_domestica_GENE_3026
OG0000052,Lepisosteus_oculatus_GENE_3317,Monodelphis_domestica_GENE_3317
OG0000041,Lepisosteus_oculatus_GENE_39,Monodelphis_domestica_GENE_39
OG0000007,Lepisosteus_oculatus_GENE_3907,Monodelphis_domestica_GENE_3907
OG0000053,Lepisosteus_oculatus_GENE_3913,Monodelphis_domestica_GENE_3913
OG0000043,Lepisosteus_oculatus_GENE_401,Monodelphis_domestica_GENE_401
OG0000008,Lepisosteus_oculatus_GENE_541,Monodelphis_domestica_GENE_541
OG0000054,Lepisosteus_oculatus_GENE_634,Monodelphis_domestica_GENE_634
OG0000026,Lepisosteus_oculatus_GENE_974,Monodelphis_domestica_GENE_974
