Orthogroup,Lepisosteus,Taeniopygia
OG0000000,Lepisosteus_oculatus_GENE_1433,Taeniopygia_guttata_GENE_1433
OG0000055,Lepisosteus_oculatus_GENE_17,Taeniopygia_guttata_GENE_17
OG0000029,Lepisosteus_oculatus_GENE_1724,Taeniopygia_guttata_GENE_1724
OG0000047,Lepisosteus_oculatus_GENE_2063,Taeniopygia_guttata_GENE_2063
OG0000016,Lepisosteus_oculatus_GENE_2244,Taeniopygia_guttata_GENE_2244
OG0000017,Lepisosteus_oculatus_GENE_2459,Taeniopygia_guttata_GENE_2459
OG0000048,Lepisosteus_oculatus_GENE_2498,Taeniopygia_guttata_GENE_2498
OG0000018,Lepisosteus_oculatus_GENE_2772,Taeniopygia_guttata_GENE_2772
OG0000019,Lepisosteus_oculatus_GENE_2903,Taeniopygia_guttata_GENE_2903
OG0000002,Lepisosteus_oculatus_GENE_3026,Taeniopygia_guttata_GENE_3026
OG0000050,Lepisosteus_oculatus_GENE_3210,Taeniopygia_guttata_GENE_3210
OG0000052,Lepisosteus_oculatus_GENE_3317,Taeniopygia_guttata_GENE_3317
OG0000020,Lepisosteus_oculatus_GENE_3353,Taeniopygia_guttata_GENE_3353
OG0000022,Lepisosteus_oculatus_GENE_3508,Taeniopygia_guttata_GENE_3508
OG0000005,Lepisosteus_oculatus_GENE_3570,Taeniopygia_guttata_GENE_3570
OG0000041,Lepisosteus_oculatus_GENE_39,Taeniopygia_guttata_GENE_39
OG0000007,Lepisosteus_oculatus_GENE_3907,Taeniopygia_guttata_GENE_3907
OG0000043,Lepisosteus_oculatus_GENE_401,Taeniopygia_guttata_GENE_401
OG0000008,Lepisosteus_oculatus_GENE_541,Taeniopygia_guttata_GENE_541
OG0000026,Lepisosteus_oculatus_GENE_974,Taeniopygia_guttata_GENE_974
