Orthogroup,Lepisosteus,Oreochromis
OG0000010,Lepisosteus_oculatus_GENE_1086,Oreochromis_niloticus_GENE_1086
OG0000013,Lepisosteus_oculatus_GENE_1224,Oreochromis_niloticus_GENE_1224
OG0000000,Lepisosteus_oculatus_GENE_1433,Oreochromis_niloticus_GENE_1433
OG0000028,Lepisosteus_oculatus_GENE_1671,Oreochromis_niloticus_GENE_1671
OG0000031,Lepisosteus_oculatus_GENE_2024,Oreochromis_niloticus_GENE_2024
OG0000047,Lepisosteus_oculatus_GENE_2063,Oreochromis_niloticus_GENE_2063
OG0000015,Lepisosteus_oculatus_GENE_2194,Oreochromis_niloticus_GENE_2194
OG0000016,Lepisosteus_oculatus_GENE_2244,Oreochromis_niloticus_GENE_2244
OG0000001,Lepisosteus_oculatus_GENE_2421,Oreochromis_niloticus_GENE_2421
OG0000033,Lepisosteus_oculatus_GENE_2443,Oreochromis_niloticus_GENE_2443
OG0000017,Lepisosteus_oculatus_GENE_2459,Oreochromis_niloticus_GENE_2459
OG0000034,Lepisosteus_oculatus_GENE_248,Oreochromis_niloticus_GENE_248
OG0000035,Lepisosteus_oculatus_GENE_2537,Oreochromis_niloticus_GENE_2537
OG0000018,Lepisosteus_oculatus_GENE_2772,Oreochromis_niloticus_GENE_2772
OG0000036,Lepisosteus_oculatus_GENE_2869,Oreochromis_niloticus_GENE_2869
OG0000019,Lepisosteus_oculatus_GENE_2903,Oreochromis_niloticus_GENE_2903
OG0000049,Lepisosteus_oculatus_GENE_3058,Oreochromis_niloticus_GENE_3058
OG0000038,Lepisosteus_oculatus_GENE_3150,Oreochromis_niloticus_GENE_3150
OG0000051,Lepisosteus_oculatus_GENE_3283,Oreochromis_niloticus_GENE_3283
OG0000039,Lepisosteus_oculatus_GENE_3290,Oreochromis_niloticus_GENE_3290
OG0000052,Lepisosteus_oculatus_GENE_3317,Oreochromis_niloticus_GENE_3317
OG0000020,Lepisosteus_oculatus_GENE_3353,Oreochromis_niloticus_GENE_3353
OG0000021,Lepisosteus_oculatus_GENE_3458,Oreochromis_niloticus_GENE_3458
OG0000022,Lepisosteus_oculatus_GENE_3508,Oreochromis_niloticus_GENE_3508
OG0000041,Lepisosteus_oculatus_GENE_39,Oreochromis_niloticus_GENE_39
OG0000054,Lepisosteus_oculatus_GENE_634,Oreochromis_niloticus_GENE_634
OG0000045,Lepisosteus_oculatus_GENE_952,Oreochromis_niloticus_GENE_952
