Orthogroup,Lepisosteus,Protopterus
OG0000013,Lepisosteus_oculatus_GENE_1224,Protopterus_annectens_GENE_1224
OG0000055,Lepisosteus_oculatus_GENE_17,Protopterus_annectens_GENE_17
OG0000029,Lepisosteus_oculatus_GENE_1724,Protopterus_annectens_GENE_1724
OG0000016,Lepisosteus_oculatus_GENE_2244,Protopterus_annectens_GENE_2244
OG0000032,Lepisosteus_oculatus_GENE_2274,Protopterus_annectens_GENE_2274
OG0000048,Lepisosteus_oculatus_GENE_2498,Protopterus_annectens_GENE_2498
OG0000018,Lepisosteus_oculatus_GENE_2772,Protopterus_annectens_GENE_2772
OG0000036,Lepisosteus_oculatus_GENE_2869,Protopterus_annectens_GENE_2869
OG0000019,Lepisosteus_oculatus_GENE_2903,Protopterus_annectens_GENE_2903
OG0000049,Lepisosteus_oculatus_GENE_3058,Protopterus_annectens_GENE_3058
OG0000052,Lepisosteus_oculatus_GENE_3317,Protopterus_annectens_GENE_3317
OG0000020,Lepisosteus_oculatus_GENE_3353,Protopterus_annectens_GENE_3353
OG0000021,Lepisosteus_oculatus_GENE_3458,Protopterus_annectens_GENE_3458
OG0000005,Lepisosteus_oculatus_GENE_3570,Protopterus_annectens_GENE_3570
OG0000007,Lepisosteus_oculatus_GENE_3907,Protopterus_annectens_GENE_3907
OG0000053,Lepisosteus_oculatus_GENE_3913,Protopterus_annectens_GENE_3913
OG0000043,Lepisosteus_oculatus_GENE_401,Protopterus_annectens_GENE_401
OG0000008,Lepisosteus_oculatus_GENE_541,Protopterus_annectens_GENE_541
OG0000044,Lepisosteus_oculatus_GENE_583,Protopterus_annectens_GENE_583
OG0000054,Lepisosteus_oculatus_GENE_634,Protopterus_annectens_GENE_634
