Orthogroup,Lepisosteus,Callorhinchus
OG0000010,Lepisosteus_oculatus_GENE_1086,Callorhinchus_milii_GENE_1086
OG0000000,Lepisosteus_oculatus_GENE_1433,Callorhinchus_milii_GENE_1433
OG0000027,Lepisosteus_oculatus_GENE_1465,Callorhinchus_milii_GENE_1465
OG0000055,Lepisosteus_oculatus_GENE_17,Callorhinchus_milii_GENE_17
OG0000029,Lepisosteus_oculatus_GENE_1724,Callorhinchus_milii_GENE_1724
OG0000031,Lepisosteus_oculatus_GENE_2024,Callorhinchus_milii_GENE_2024
OG0000015,Lepisosteus_oculatus_GENE_2194,Callorhinchus_milii_GENE_2194
OG0000016,Lepisosteus_oculatus_GENE_2244,Callorhinchus_milii_GENE_2244
OG0000001,Lepisosteus_oculatus_GENE_2421,Callorhinchus_milii_GENE_2421
OG0000018,Lepisosteus_oculatus_GENE_2772,Callorhinchus_milii_GENE_2772
OG0000036,Lepisosteus_oculatus_GENE_2869,Callorhinchus_milii_GENE_2869
OG0000019,Lepisosteus_oculatus_GENE_2903,Callorhinchus_milii_GENE_2903
OG0000002,Lepisosteus_oculatus_GENE_3026,Callorhinchus_milii_GENE_3026
OG0000052,Lepisosteus_oculatus_GENE_3317,Callorhinchus_milii_GENE_3317
OG0000003,Lepisosteus_oculatus_GENE_3380,Callorhinchus_milii_GENE_3380
OG0000021,Lepisosteus_oculatus_GENE_3458,Callorhinchus_milii_GENE_3458
OG0000022,Lepisosteus_oculatus_GENE_3508,Callorhinchus_milii_GENE_3508
OG0000005,Lepisosteus_oculatus_GENE_3570,Callorhinchus_milii_GENE_3570
OG0000007,Lepisosteus_oculatus_GENE_3907,Callorhinchus_milii_GENE_3907
OG0000053,Lepisosteus_oculatus_GENE_3913,Callorhinchus_milii_GENE_3913
OG0000043,Lepisosteus_oculatus_GENE_401,Callorhinchus_milii_GENE_401
OG0000024,Lepisosteus_oculatus_GENE_609,Callorhinchus_milii_GENE_609
OG0000045,Lepisosteus_oculatus_GENE_952,Callorhinchus_milii_GENE_952
