Orthogroup,Lepisosteus,Ornithorhynchus
OG0000013,Lepisosteus_oculatus_GENE_1224,Ornithorhynchus_anatinus_GENE_1224
OG0000000,Lepisosteus_oculatus_GENE_1433,Ornithorhynchus_anatinus_GENE_1433
OG0000029,Lepisosteus_oculatus_GENE_1724,Ornithorhynchus_anatinus_GENE_1724
OG0000047,Lepisosteus_oculatus_GENE_2063,Ornithorhynchus_anatinus_GENE_2063
OG0000016,Lepisosteus_oculatus_GENE_2244,Ornithorhynchus_anatinus_GENE_2244
OG0000017,Lepisosteus_oculatus_GENE_2459,Ornithorhynchus_anatinus_GENE_2459
OG0000048,Lepisosteus_oculatus_GENE_2498,Ornithorhynchus_anatinus_GENE_2498
OG0000019,Lepisosteus_oculatus_GENE_2903,Ornithorhynchus_anatinus_GENE_2903
OG0000002,Lepisosteus_oculatus_GENE_3026,Ornithorhynchus_anatinus_GENE_3026
OG0000050,Lepisosteus_oculatus_GENE_3210,Ornithorhynchus_anatinus_GENE_3210
OG0000041,Lepisosteus_oculatus_GENE_39,Ornithorhynchus_anatinus_GENE_39
OG0000007,Lepisosteus_oculatus_GENE_3907,Ornithorhynchus_anatinus_GENE_3907
OG0000043,Lepisosteus_oculatus_GENE_401,Ornithorhynchus_anatinus_GENE_401
OG0000008,Lepisosteus_oculatus_GENE_541,Ornithorhynchus_anatinus_GENE_541
OG0000044,Lepisosteus_oculatus_GENE_583,Ornithorhynchus_anatinus_GENE_583
OG0000054,Lepisosteus_oculatus_GENE_634,Ornithorhynchus_anatinus_GENE_634
OG0000026,Lepisosteus_oculatus_GENE_974,Ornithorhynchus_anatinus_GENE_974
