Orthogroup,Lepisosteus,Danio
OG0000000,Lepisosteus_oculatus_GENE_1433,Danio_rerio_GENE_1433
OG0000029,Lepisosteus_oculatus_GENE_1724,Danio_rerio_GENE_1724
OG0000031,Lepisosteus_oculatus_GENE_2024,Danio_rerio_GENE_2024
OG0000047,Lepisosteus_oculatus_GENE_2063,Danio_rerio_GENE_2063
OG0000015,Lepisosteus_oculatus_GENE_2194,Danio_rerio_GENE_2194
OG0000016,Lepisosteus_oculatus_GENE_2244,Danio_rerio_GENE_2244
OG0000032,Lepisosteus_oculatus_GENE_2274,Danio_rerio_GENE_2274
OG0000001,Lepisosteus_oculatus_GENE_2421,Danio_rerio_GENE_2421
OG0000017,Lepisosteus_oculatus_GENE_2459,Danio_rerio_GENE_2459
OG0000048,Lepisosteus_oculatus_GENE_2498,Danio_rerio_GENE_2498
OG0000035,Lepisosteus_oculatus_GENE_2537,Danio_rerio_GENE_2537
OG0000036,Lepisosteus_oculatus_GENE_2869,Danio_rerio_GENE_2869
OG0000019,Lepisosteus_oculatus_GENE_2903,Danio_rerio_GENE_2903
OG0000002,Lepisosteus_oculatus_GENE_3026,Danio_rerio_GENE_3026
OG0000038,Lepisosteus_oculatus_GENE_3150,Danio_rerio_GENE_3150
OG0000052,Lepisosteus_oculatus_GENE_3317,Danio_rerio_GENE_3317
OG0000005,Lepisosteus_oculatus_GENE_3570,Danio_rerio_GENE_3570
OG0000041,Lepisosteus_oculatus_GENE_39,Danio_rerio_GENE_39
OG0000043,Lepisosteus_oculatus_GENE_401,Danio_rerio_GENE_401
OG0000054,Lepisosteus_oculatus_GENE_634,Danio_rerio_GENE_634
