Orthogroup,Lepisosteus,Pelodiscus
OG0000013,Lepisosteus_oculatus_GENE_1224,Pelodiscus_sinensis_GENE_1224
OG0000000,Lepisosteus_oculatus_GENE_1433,Pelodiscus_sinensis_GENE_1433
OG0000055,Lepisosteus_oculatus_GENE_17,Pelodiscus_sinensis_GENE_17
OG0000029,Lepisosteus_oculatus_GENE_1724,Pelodiscus_sinensis_GENE_1724
OG0000047,Lepisosteus_oculatus_GENE_2063,Pelodiscus_sinensis_GENE_2063
OG0000016,Lepisosteus_oculatus_GENE_2244,Pelodiscus_sinensis_GENE_2244
OG0000032,Lepisosteus_oculatus_GENE_2274,Pelodiscus_sinensis_GENE_2274
OG0000017,Lepisosteus_oculatus_GENE_2459,Pelodiscus_sinensis_GENE_2459
OG0000048,Lepisosteus_oculatus_GENE_2498,Pelodiscus_sinensis_GENE_2498
OG0000035,Lepisosteus_oculatus_GENE_2537,Pelodiscus_sinensis_GENE_2537
OG0000018,Lepisosteus_oculatus_GENE_2772,Pelodiscus_sinensis_GENE_2772
OG0000036,Lepisosteus_oculatus_GENE_2869,Pelodiscus_sinensis_GENE_2869
OG0000019,Lepisosteus_oculatus_GENE_2903,Pelodiscus_sinensis_GENE_2903
OG0000002,Lepisosteus_oculatus_GENE_3026,Pelodiscus_sinensis_GENE_3026
OG0000050,Lepisosteus_oculatus_GENE_3210,Pelodiscus_sinensis_GENE_3210
OG0000052,Lepisosteus_oculatus_GENE_3317,Pelodiscus_sinensis_GENE_3317
OG0000005,Lepisosteus_oculatus_GENE_3570,Pelodiscus_sinensis_GENE_3570
OG0000041,Lepisosteus_oculatus_GENE_39,Pelodiscus_sinensis_GENE_39
OG0000007,Lepisosteus_oculatus_GENE_3907,Pelodiscus_sinensis_GENE_3907
OG0000043,Lepisosteus_oculatus_GENE_401,Pelodiscus_sinensis_GENE_401
OG0000008,Lepisosteus_oculatus_GENE_541,Pelodiscus_sinensis_GENE_541
OG0000054,Lepisosteus_oculatus_GENE_634,Pelodiscus_sinensis_GENE_634
OG0000026,Lepisosteus_oculatus_GENE_974,Pelodiscus_sinensis_GENE_974
