Orthogroup,Lepisosteus,Takifugu
OG0000010,Lepisosteus_oculatus_GENE_1086,Takifugu_rubripes_GENE_1086
OG0000013,Lepisosteus_oculatus_GENE_1224,Takifugu_rubripes_GENE_1224
OG0000000,Lepisosteus_oculatus_GENE_1433,Takifugu_rubripes_GENE_1433
OG0000027,Lepisosteus_oculatus_GENE_1465,Takifugu_rubripes_GENE_1465
OG0000028,Lepisosteus_oculatus_GENE_1671,Takifugu_rubripes_GENE_1671
OG0000030,Lepisosteus_oculatus_GENE_1984,Takifugu_rubripes_GENE_1984
OG0000031,Lepisosteus_oculatus_GENE_2024,Takifugu_rubripes_GENE_2024
OG0000015,Lepisosteus_oculatus_GENE_2194,Takifugu_rubripes_GENE_2194
OG0000016,Lepisosteus_oculatus_GENE_2244,Takifugu_rubripes_GENE_2244
OG0000033,Lepisosteus_oculatus_GENE_2443,Takifugu_rubripes_GENE_2443
OG0000017,Lepisosteus_oculatus_GENE_2459,Takifugu_rubripes_GENE_2459
OG0000034,Lepisosteus_oculatus_GENE_248,Takifugu_rubripes_GENE_248
OG0000035,Lepisosteus_oculatus_GENE_2537,Takifugu_rubripes_GENE_2537
OG0000018,Lepisosteus_oculatus_GENE_2772,Takifugu_rubripes_GENE_2772
OG0000036,Lepisosteus_oculatus_GENE_2869,Takifugu_rubripes_GENE_2869
OG0000019,Lepisosteus_oculatus_GENE_2903,Takifugu_rubripes_GENE_2903
OG0000049,Lepisosteus_oculatus_GENE_3058,Takifugu_rubripes_GENE_3058
OG0000038,Lepisosteus_oculatus_GENE_3150,Takifugu_rubripes_GENE_3150
OG0000051,Lepisosteus_oculatus_GENE_3283,Takifugu_rubripes_GENE_3283
OG0000039,Lepisosteus_oculatus_GENE_3290,Takifugu_rubripes_GENE_3290
OG0000052,Lepisosteus_oculatus_GENE_3317,Takifugu_rubripes_GENE_3317
OG0000020,Lepisosteus_oculatus_GENE_3353,Takifugu_rubripes_GENE_3353
OG0000021,Lepisosteus_oculatus_GENE_3458,Takifugu_rubripes_GENE_3458
OG0000022,Lepisosteus_oculatus_GENE_3508,Takifugu_rubripes_GENE_3508
OG0000041,Lepisosteus_oculatus_GENE_39,Takifugu_rubripes_GENE_39
OG0000044,Lepisosteus_oculatus_GENE_583,Takifugu_rubripes_GENE_583
OG0000054,Lepisosteus_oculatus_GENE_634,Takifugu_rubripes_GENE_634
OG0000045,Lepisosteus_oculatus_GENE_952,Takifugu_rubripes_GENE_952
