Orthogroup,Lepisosteus,Xenopus
OG0000055,Lepisosteus_oculatus_GENE_17,Xenopus_Silurana_tropicalis_GENE_17
OG0000047,Lepisosteus_oculatus_GENE_2063,Xenopus_Silurana_tropicalis_GENE_2063
OG0000016,Lepisosteus_oculatus_GENE_2244,Xenopus_Silurana_tropicalis_GENE_2244
OG0000048,Lepisosteus_oculatus_GENE_2498,Xenopus_Silurana_tropicalis_GENE_2498
OG0000035,Lepisosteus_oculatus_GENE_2537,Xenopus_Silurana_tropicalis_GENE_2537
OG0000018,Lepisosteus_oculatus_GENE_2772,Xenopus_Silurana_tropicalis_GENE_2772
OG0000019,Lepisosteus_oculatus_GENE_2903,Xenopus_Silurana_tropicalis_GENE_2903
OG0000022,Lepisosteus_oculatus_GENE_3508,Xenopus_Silurana_tropicalis_GENE_3508
OG0000006,Lepisosteus_oculatus_GENE_3818,Xenopus_Silurana_tropicalis_GENE_3818
OG0000043,Lepisosteus_oculatus_GENE_401,Xenopus_Silurana_tropicalis_GENE_401
