Orthogroup,Lepisosteus,Macropus
OG0000013,Lepisosteus_oculatus_GENE_1224,Macropus_eugenii_GENE_1224
OG0000000,Lepisosteus_oculatus_GENE_1433,Macropus_eugenii_GENE_1433
OG0000055,Lepisosteus_oculatus_GENE_17,Macropus_eugenii_GENE_17
OG0000029,Lepisosteus_oculatus_GENE_1724,Macropus_eugenii_GENE_1724
OG0000047,Lepisosteus_oculatus_GENE_2063,Macropus_eugenii_GENE_2063
OG0000032,Lepisosteus_oculatus_GENE_2274,Macropus_eugenii_GENE_2274
OG0000048,Lepisosteus_oculatus_GENE_2498,Macropus_eugenii_GENE_2498
OG0000035,Lepisosteus_oculatus_GENE_2537,Macropus_eugenii_GENE_2537
OG0000018,Lepisosteus_oculatus_GENE_2772,Macropus_eugenii_GENE_2772
OG0000036,Lepisosteus_oculatus_GENE_2869,Macropus_eugenii_GENE_2869
OG0000019,Lepisosteus_oculatus_GENE_2903,Macropus_eugenii_GENE_2903
OG0000002,Lepisosteus_oculatus_GENE_3026,Macropus_eugenii_GENE_3026
OG0000050,Lepisosteus_oculatus_GENE_3210,Macropus_eugenii_GENE_3210
OG0000052,Lepisosteus_oculatus_GENE_3317,Macropus_eugenii_GENE_3317
OG0000007,Lepisosteus_oculatus_GENE_3907,Macropus_eugenii_GENE_3907
OG0000043,Lepisosteus_oculatus_GENE_401,Macropus_eugenii_GENE_401
OG0000008,Lepisosteus_oculatus_GENE_541,Macropus_eugenii_GENE_541
OG0000054,Lepisosteus_oculatus_GENE_634,Macropus_eugenii_GENE_634
