Orthogroup,Gallus,Meleagris
OG0000010,Gallus_gallus_GENE_1086,Meleagris_gallopavo_GENE_1086
OG0000011,Gallus_gallus_GENE_1093,Meleagris_gallopavo_GENE_1093
OG0000027,Gallus_gallus_GENE_1465,Meleagris_gallopavo_GENE_1465
OG0000055,Gallus_gallus_GENE_17,Meleagris_gallopavo_GENE_17
OG0000029,Gallus_gallus_GENE_1724,Meleagris_gallopavo_GENE_1724
OG0000030,Gallus_gallus_GENE_1984,Meleagris_gallopavo_GENE_1984
OG0000031,Gallus_gallus_GENE_2024,Meleagris_gallopavo_GENE_2024
OG0000047,Gallus_gallus_GENE_2063,Meleagris_gallopavo_GENE_2063
OG0000015,Gallus_gallus_GENE_2194,Meleagris_gallopavo_GENE_2194
OG0000032,Gallus_gallus_GENE_2274,Meleagris_gallopavo_GENE_2274
OG0000034,Gallus_gallus_GENE_248,Meleagris_gallopavo_GENE_248
OG0000048,Gallus_gallus_GENE_2498,Meleagris_gallopavo_GENE_2498
OG0000035,Gallus_gallus_GENE_2537,Meleagris_gallopavo_GENE_2537
OG0000018,Gallus_gallus_GENE_2772,Meleagris_gallopavo_GENE_2772
OG0000036,Gallus_gallus_GENE_2869,Meleagris_gallopavo_GENE_2869
OG0000019,Gallus_gallus_GENE_2903,Meleagris_gallopavo_GENE_2903
OG0000002,Gallus_gallus_GENE_3026,Meleagris_gallopavo_GENE_3026
OG0000049,Gallus_gallus_GENE_3058,Meleagris_gallopavo_GENE_3058
OG0000038,Gallus_gallus_GENE_3150,Meleagris_gallopavo_GENE_3150
OG0000050,Gallus_gallus_GENE_3210,Meleagris_gallopavo_GENE_3210
OG0000039,Gallus_gallus_GENE_3290,Meleagris_gallopavo_GENE_3290
OG0000052,Gallus_gallus_GENE_3317,Meleagris_gallopavo_GENE_3317
OG0000004,Gallus_gallus_GENE_343,Meleagris_gallopavo_GENE_343
OG0000021,Gallus_gallus_GENE_3458,Meleagris_gallopavo_GENE_3458
OG0000022,Gallus_gallus_GENE_3508,Meleagris_gallopavo_GENE_3508
OG0000040,Gallus_gallus_GENE_3515,Meleagris_gallopavo_GENE_3515
OG0000005,Gallus_gallus_GENE_3570,Meleagris_gallopavo_GENE_3570
OG0000046,Gallus_gallus_GENE_368,Meleagris_gallopavo_GENE_368
OG0000006,Gallus_gallus_GENE_3818,Meleagris_gallopavo_GENE_3818
OG0000007,Gallus_gallus_GENE_3907,Meleagris_gallopavo_GENE_3907
OG0000042,Gallus_gallus_GENE_3912,Meleagris_gallopavo_GENE_3912
OG0000053,Gallus_gallus_GENE_3913,Meleagris_gallopavo_GENE_3913
OG0000043,Gallus_gallus_GENE_401,Meleagris_gallopavo_GENE_401
OG0000008,Gallus_gallus_GENE_541,Meleagris_gallopavo_GENE_541
OG0000044,Gallus_gallus_GENE_583,Meleagris_gallopavo_GENE_583
OG0000024,Gallus_gallus_GENE_609,Meleagris_gallopavo_GENE_609
OG0000025,Gallus_gallus_GENE_697,Meleagris_gallopavo_GENE_697
OG0000045,Gallus_gallus_GENE_952,Meleagris_gallopavo_GENE_952
OG0000026,Gallus_gallus_GENE_974,Meleagris_gallopavo_GENE_974
