Orthogroup,Gallus,Homo
OG0000010,Gallus_gallus_GENE_1086,Homo_sapiens_GENE_1086
OG0000027,Gallus_gallus_GENE_1465,Homo_sapiens_GENE_1465
OG0000028,Gallus_gallus_GENE_1671,Homo_sapiens_GENE_1671
OG0000031,Gallus_gallus_GENE_2024,Homo_sapiens_GENE_2024
OG0000032,Gallus_gallus_GENE_2274,Homo_sapiens_GENE_2274
OG0000001,Gallus_gallus_GENE_2421,Homo_sapiens_GENE_2421
OG0000017,Gallus_gallus_GENE_2459,Homo_sapiens_GENE_2459
OG0000048,Gallus_gallus_GENE_2498,Homo_sapiens_GENE_2498
OG0000035,Gallus_gallus_GENE_2537,Homo_sapiens_GENE_2537
OG0000036,Gallus_gallus_GENE_2869,Homo_sapiens_GENE_2869
OG0000019,Gallus_gallus_GENE_2903,Homo_sapiens_GENE_2903
OG0000037,Gallus_gallus_GENE_3089,Homo_sapiens_GENE_3089
OG0000050,Gallus_gallus_GENE_3210,Homo_sapiens_GENE_3210
OG0000039,Gallus_gallus_GENE_3290,Homo_sapiens_GENE_3290
OG0000052,Gallus_gallus_GENE_3317,Homo_sapiens_GENE_3317
OG0000021,Gallus_gallus_GENE_3458,Homo_sapiens_GENE_3458
OG0000040,Gallus_gallus_GENE_3515,Homo_sapiens_GENE_3515
OG0000006,Gallus_gallus_GENE_3818,Homo_sapiens_GENE_3818
OG0000007,Gallus_gallus_GENE_3907,Homo_sapiens_GENE_3907
OG0000043,Gallus_gallus_GENE_401,Homo_sapiens_GENE_401
OG0000024,Gallus_gallus_GENE_609,Homo_sapiens_GENE_609
OG0000009,Gallus_gallus_GENE_730,Homo_sapiens_GENE_730
OG0000026,Gallus_gallus_GENE_974,Homo_sapiens_GENE_974
