Orthogroup,Gallus,Callorhinchus
OG0000013,Gallus_gallus_GENE_1224,Callorhinchus_milii_GENE_1224
OG0000000,Gallus_gallus_GENE_1433,Callorhinchus_milii_GENE_1433
OG0000055,Gallus_gallus_GENE_17,Callorhinchus_milii_GENE_17
OG0000029,Gallus_gallus_GENE_1724,Callorhinchus_milii_GENE_1724
OG0000016,Gallus_gallus_GENE_2244,Callorhinchus_milii_GENE_2244
OG0000032,Gallus_gallus_GENE_2274,Callorhinchus_milii_GENE_2274
OG0000017,Gallus_gallus_GENE_2459,Callorhinchus_milii_GENE_2459
OG0000018,Gallus_gallus_GENE_2772,Callorhinchus_milii_GENE_2772
OG0000036,Gallus_gallus_GENE_2869,Callorhinchus_milii_GENE_2869
OG0000019,Gallus_gallus_GENE_2903,Callorhinchus_milii_GENE_2903
OG0000002,Gallus_gallus_GENE_3026,Callorhinchus_milii_GENE_3026
OG0000038,Gallus_gallus_GENE_3150,Callorhinchus_milii_GENE_3150
OG0000050,Gallus_gallus_GENE_3210,Callorhinchus_milii_GENE_3210
OG0000052,Gallus_gallus_GENE_3317,Callorhinchus_milii_GENE_3317
OG0000020,Gallus_gallus_GENE_3353,Callorhinchus_milii_GENE_3353
OG0000022,Gallus_gallus_GENE_3508,Callorhinchus_milii_GENE_3508
OG0000005,Gallus_gallus_GENE_3570,Callorhinchus_milii_GENE_3570
OG0000046,Gallus_gallus_GENE_368,Callorhinchus_milii_GENE_368
OG0000006,Gallus_gallus_GENE_3818,Callorhinchus_milii_GENE_3818
OG0000007,Gallus_gallus_GENE_3907,Callorhinchus_milii_GENE_3907
OG0000043,Gallus_gallus_GENE_401,Callorhinchus_milii_GENE_401
OG0000008,Gallus_gallus_GENE_541,Callorhinchus_milii_GENE_541
OG0000009,Gallus_gallus_GENE_730,Callorhinchus_milii_GENE_730
OG0000026,Gallus_gallus_GENE_974,Callorhinchus_milii_GENE_974
