Orthogroup,Gallus,Ornithorhynchus
OG0000010,Gallus_gallus_GENE_1086,Ornithorhynchus_anatinus_GENE_1086
OG0000013,Gallus_gallus_GENE_1224,Ornithorhynchus_anatinus_GENE_1224
OG0000027,Gallus_gallus_GENE_1465,Ornithorhynchus_anatinus_GENE_1465
OG0000028,Gallus_gallus_GENE_1671,Ornithorhynchus_anatinus_GENE_1671
OG0000016,Gallus_gallus_GENE_2244,Ornithorhynchus_anatinus_GENE_2244
OG0000048,Gallus_gallus_GENE_2498,Ornithorhynchus_anatinus_GENE_2498
OG0000019,Gallus_gallus_GENE_2903,Ornithorhynchus_anatinus_GENE_2903
OG0000051,Gallus_gallus_GENE_3283,Ornithorhynchus_anatinus_GENE_3283
OG0000021,Gallus_gallus_GENE_3458,Ornithorhynchus_anatinus_GENE_3458
OG0000046,Gallus_gallus_GENE_368,Ornithorhynchus_anatinus_GENE_368
OG0000006,Gallus_gallus_GENE_3818,Ornithorhynchus_anatinus_GENE_3818
OG0000007,Gallus_gallus_GENE_3907,Ornithorhynchus_anatinus_GENE_3907
OG0000043,Gallus_gallus_GENE_401,Ornithorhynchus_anatinus_GENE_401
OG0000024,Gallus_gallus_GENE_609,Ornithorhynchus_anatinus_GENE_609
OG0000009,Gallus_gallus_GENE_730,Ornithorhynchus_anatinus_GENE_730
