Orthogroup,Gallus,Xenopus
OG0000010,Gallus_gallus_GENE_1086,Xenopus_Silurana_tropicalis_GENE_1086
OG0000011,Gallus_gallus_GENE_1093,Xenopus_Silurana_tropicalis_GENE_1093
OG0000000,Gallus_gallus_GENE_1433,Xenopus_Silurana_tropicalis_GENE_1433
OG0000027,Gallus_gallus_GENE_1465,Xenopus_Silurana_tropicalis_GENE_1465
OG0000055,Gallus_gallus_GENE_17,Xenopus_Silurana_tropicalis_GENE_17
OG0000029,Gallus_gallus_GENE_1724,Xenopus_Silurana_tropicalis_GENE_1724
OG0000030,Gallus_gallus_GENE_1984,Xenopus_Silurana_tropicalis_GENE_1984
OG0000031,Gallus_gallus_GENE_2024,Xenopus_Silurana_tropicalis_GENE_2024
OG0000047,Gallus_gallus_GENE_2063,Xenopus_Silurana_tropicalis_GENE_2063
OG0000015,Gallus_gallus_GENE_2194,Xenopus_Silurana_tropicalis_GENE_2194
OG0000016,Gallus_gallus_GENE_2244,Xenopus_Silurana_tropicalis_GENE_2244
OG0000032,Gallus_gallus_GENE_2274,Xenopus_Silurana_tropicalis_GENE_2274
OG0000048,Gallus_gallus_GENE_2498,Xenopus_Silurana_tropicalis_GENE_2498
OG0000035,Gallus_gallus_GENE_2537,Xenopus_Silurana_tropicalis_GENE_2537
OG0000018,Gallus_gallus_GENE_2772,Xenopus_Silurana_tropicalis_GENE_2772
OG0000036,Gallus_gallus_GENE_2869,Xenopus_Silurana_tropicalis_GENE_2869
OG0000019,Gallus_gallus_GENE_2903,Xenopus_Silurana_tropicalis_GENE_2903
OG0000002,Gallus_gallus_GENE_3026,Xenopus_Silurana_tropicalis_GENE_3026
OG0000049,Gallus_gallus_GENE_3058,Xenopus_Silurana_tropicalis_GENE_3058
OG0000037,Gallus_gallus_GENE_3089,Xenopus_Silurana_tropicalis_GENE_3089
OG0000038,Gallus_gallus_GENE_3150,Xenopus_Silurana_tropicalis_GENE_3150
OG0000050,Gallus_gallus_GENE_3210,Xenopus_Silurana_tropicalis_GENE_3210
OG0000039,Gallus_gallus_GENE_3290,Xenopus_Silurana_tropicalis_GENE_3290
OG0000004,Gallus_gallus_GENE_343,Xenopus_Silurana_tropicalis_GENE_343
OG0000021,Gallus_gallus_GENE_3458,Xenopus_Silurana_tropicalis_GENE_3458
OG0000022,Gallus_gallus_GENE_3508,Xenopus_Silurana_tropicalis_GENE_3508
OG0000005,Gallus_gallus_GENE_3570,Xenopus_Silurana_tropicalis_GENE_3570
OG0000007,Gallus_gallus_GENE_3907,Xenopus_Silurana_tropicalis_GENE_3907
OG0000042,Gallus_gallus_GENE_3912,Xenopus_Silurana_tropicalis_GENE_3912
OG0000043,Gallus_gallus_GENE_401,Xenopus_Silurana_tropicalis_GENE_401
OG0000008,Gallus_gallus_GENE_541,Xenopus_Silurana_tropicalis_GENE_541
OG0000009,Gallus_gallus_GENE_730,Xenopus_Silurana_tropicalis_GENE_730
OG0000045,Gallus_gallus_GENE_952,Xenopus_Silurana_tropicalis_GENE_952
OG0000026,Gallus_gallus_GENE_974,Xenopus_Silurana_tropicalis_GENE_974
