Orthogroup,Gallus,Oreochromis
OG0000013,Gallus_gallus_GENE_1224,Oreochromis_niloticus_GENE_1224
OG0000000,Gallus_gallus_GENE_1433,Oreochromis_niloticus_GENE_1433
OG0000055,Gallus_gallus_GENE_17,Oreochromis_niloticus_GENE_17
OG0000047,Gallus_gallus_GENE_2063,Oreochromis_niloticus_GENE_2063
OG0000016,Gallus_gallus_GENE_2244,Oreochromis_niloticus_GENE_2244
OG0000032,Gallus_gallus_GENE_2274,Oreochromis_niloticus_GENE_2274
OG0000017,Gallus_gallus_GENE_2459,Oreochromis_niloticus_GENE_2459
OG0000035,Gallus_gallus_GENE_2537,Oreochromis_niloticus_GENE_2537
OG0000018,Gallus_gallus_GENE_2772,Oreochromis_niloticus_GENE_2772
OG0000036,Gallus_gallus_GENE_2869,Oreochromis_niloticus_GENE_2869
OG0000019,Gallus_gallus_GENE_2903,Oreochromis_niloticus_GENE_2903
OG0000002,Gallus_gallus_GENE_3026,Oreochromis_niloticus_GENE_3026
OG0000050,Gallus_gallus_GENE_3210,Oreochromis_niloticus_GENE_3210
OG0000052,Gallus_gallus_GENE_3317,Oreochromis_niloticus_GENE_3317
OG0000020,Gallus_gallus_GENE_3353,Oreochromis_niloticus_GENE_3353
OG0000022,Gallus_gallus_GENE_3508,Oreochromis_niloticus_GENE_3508
OG0000005,Gallus_gallus_GENE_3570,Oreochromis_niloticus_GENE_3570
OG0000007,Gallus_gallus_GENE_3907,Oreochromis_niloticus_GENE_3907
OG0000008,Gallus_gallus_GENE_541,Oreochromis_niloticus_GENE_541
OG0000026,Gallus_gallus_GENE_974,Oreochromis_niloticus_GENE_974
