Orthogroup,Gallus,Takifugu
OG0000013,Gallus_gallus_GENE_1224,Takifugu_rubripes_GENE_1224
OG0000000,Gallus_gallus_GENE_1433,Takifugu_rubripes_GENE_1433
OG0000055,Gallus_gallus_GENE_17,Takifugu_rubripes_GENE_17
OG0000016,Gallus_gallus_GENE_2244,Takifugu_rubripes_GENE_2244
OG0000032,Gallus_gallus_GENE_2274,Takifugu_rubripes_GENE_2274
OG0000017,Gallus_gallus_GENE_2459,Takifugu_rubripes_GENE_2459
OG0000035,Gallus_gallus_GENE_2537,Takifugu_rubripes_GENE_2537
OG0000018,Gallus_gallus_GENE_2772,Takifugu_rubripes_GENE_2772
OG0000036,Gallus_gallus_GENE_2869,Takifugu_rubripes_GENE_2869
OG0000019,Gallus_gallus_GENE_2903,Takifugu_rubripes_GENE_2903
OG0000002,Gallus_gallus_GENE_3026,Takifugu_rubripes_GENE_3026
OG0000050,Gallus_gallus_GENE_3210,Takifugu_rubripes_GENE_3210
OG0000052,Gallus_gallus_GENE_3317,Takifugu_rubripes_GENE_3317
OG0000020,Gallus_gallus_GENE_3353,Takifugu_rubripes_GENE_3353
OG0000022,Gallus_gallus_GENE_3508,Takifugu_rubripes_GENE_3508
OG0000005,Gallus_gallus_GENE_3570,Takifugu_rubripes_GENE_3570
OG0000007,Gallus_gallus_GENE_3907,Takifugu_rubripes_GENE_3907
OG0000008,Gallus_gallus_GENE_541,Takifugu_rubripes_GENE_541
OG0000026,Gallus_gallus_GENE_974,Takifugu_rubripes_GENE_974
