Orthogroup,Gallus,Pelodiscus
OG0000027,Gallus_gallus_GENE_1465,Pelodiscus_sinensis_GENE_1465
OG0000028,Gallus_gallus_GENE_1671,Pelodiscus_sinensis_GENE_1671
OG0000055,Gallus_gallus_GENE_17,Pelodiscus_sinensis_GENE_17
OG0000029,Gallus_gallus_GENE_1724,Pelodiscus_sinensis_GENE_1724
OG0000030,Gallus_gallus_GENE_1984,Pelodiscus_sinensis_GENE_1984
OG0000047,Gallus_gallus_GENE_2063,Pelodiscus_sinensis_GENE_2063
OG0000015,Gallus_gallus_GENE_2194,Pelodiscus_sinensis_GENE_2194
OG0000016,Gallus_gallus_GENE_2244,Pelodiscus_sinensis_GENE_2244
OG0000032,Gallus_gallus_GENE_2274,Pelodiscus_sinensis_GENE_2274
OG0000001,Gallus_gallus_GENE_2421,Pelodiscus_sinensis_GENE_2421
OG0000033,Gallus_gallus_GENE_2443,Pelodiscus_sinensis_GENE_2443
OG0000048,Gallus_gallus_GENE_2498,Pelodiscus_sinensis_GENE_2498
OG0000035,Gallus_gallus_GENE_2537,Pelodiscus_sinensis_GENE_2537
OG0000018,Gallus_gallus_GENE_2772,Pelodiscus_sinensis_GENE_2772
OG0000019,Gallus_gallus_GENE_2903,Pelodiscus_sinensis_GENE_2903
OG0000049,Gallus_gallus_GENE_3058,Pelodiscus_sinensis_GENE_3058
OG0000038,Gallus_gallus_GENE_3150,Pelodiscus_sinensis_GENE_3150
OG0000039,Gallus_gallus_GENE_3290,Pelodiscus_sinensis_GENE_3290
OG0000052,Gallus_gallus_GENE_3317,Pelodiscus_sinensis_GENE_3317
OG0000021,Gallus_gallus_GENE_3458,Pelodiscus_sinensis_GENE_3458
OG0000005,Gallus_gallus_GENE_3570,Pelodiscus_sinensis_GENE_3570
OG0000007,Gallus_gallus_GENE_3907,Pelodiscus_sinensis_GENE_3907
OG0000043,Gallus_gallus_GENE_401,Pelodiscus_sinensis_GENE_401
OG0000024,Gallus_gallus_GENE_609,Pelodiscus_sinensis_GENE_609
OG0000025,Gallus_gallus_GENE_697,Pelodiscus_sinensis_GENE_697
OG0000009,Gallus_gallus_GENE_730,Pelodiscus_sinensis_GENE_730
