Orthogroup,Gallus,Lepidosiren
OG0000013,Gallus_gallus_GENE_1224,Lepidosiren_paradoxa_GENE_1224
OG0000000,Gallus_gallus_GENE_1433,Lepidosiren_paradoxa_GENE_1433
OG0000027,Gallus_gallus_GENE_1465,Lepidosiren_paradoxa_GENE_1465
OG0000055,Gallus_gallus_GENE_17,Lepidosiren_paradoxa_GENE_17
OG0000029,Gallus_gallus_GENE_1724,Lepidosiren_paradoxa_GENE_1724
OG0000016,Gallus_gallus_GENE_2244,Lepidosiren_paradoxa_GENE_2244
OG0000032,Gallus_gallus_GENE_2274,Lepidosiren_paradoxa_GENE_2274
OG0000017,Gallus_gallus_GENE_2459,Lepidosiren_paradoxa_GENE_2459
OG0000048,Gallus_gallus_GENE_2498,Lepidosiren_paradoxa_GENE_2498
OG0000018,Gallus_gallus_GENE_2772,Lepidosiren_paradoxa_GENE_2772
OG0000036,Gallus_gallus_GENE_2869,Lepidosiren_paradoxa_GENE_2869
OG0000019,Gallus_gallus_GENE_2903,Lepidosiren_paradoxa_GENE_2903
OG0000002,Gallus_gallus_GENE_3026,Lepidosiren_paradoxa_GENE_3026
OG0000050,Gallus_gallus_GENE_3210,Lepidosiren_paradoxa_GENE_3210
OG0000052,Gallus_gallus_GENE_3317,Lepidosiren_paradoxa_GENE_3317
OG0000020,Gallus_gallus_GENE_3353,Lepidosiren_paradoxa_GENE_3353
OG0000040,Gallus_gallus_GENE_3515,Lepidosiren_paradoxa_GENE_3515
OG0000007,Gallus_gallus_GENE_3907,Lepidosiren_paradoxa_GENE_3907
OG0000043,Gallus_gallus_GENE_401,Lepidosiren_paradoxa_GENE_401
OG0000008,Gallus_gallus_GENE_541,Lepidosiren_paradoxa_GENE_541
OG0000024,Gallus_gallus_GENE_609,Lepidosiren_paradoxa_GENE_609
OG0000026,Gallus_gallus_GENE_974,Lepidosiren_paradoxa_GENE_974
