Orthogroup,Gallus,Lepisosteus
OG0000013,Gallus_gallus_GENE_1224,Lepisosteus_oculatus_GENE_1224
OG0000000,Gallus_gallus_GENE_1433,Lepisosteus_oculatus_GENE_1433
OG0000055,Gallus_gallus_GENE_17,Lepisosteus_oculatus_GENE_17
OG0000029,Gallus_gallus_GENE_1724,Lepisosteus_oculatus_GENE_1724
OG0000047,Gallus_gallus_GENE_2063,Lepisosteus_oculatus_GENE_2063
OG0000016,Gallus_gallus_GENE_2244,Lepisosteus_oculatus_GENE_2244
OG0000032,Gallus_gallus_GENE_2274,Lepisosteus_oculatus_GENE_2274
OG0000017,Gallus_gallus_GENE_2459,Lepisosteus_oculatus_GENE_2459
OG0000048,Gallus_gallus_GENE_2498,Lepisosteus_oculatus_GENE_2498
OG0000035,Gallus_gallus_GENE_2537,Lepisosteus_oculatus_GENE_2537
OG0000018,Gallus_gallus_GENE_2772,Lepisosteus_oculatus_GENE_2772
OG0000036,Gallus_gallus_GENE_2869,Lepisosteus_oculatus_GENE_2869
OG0000019,Gallus_gallus_GENE_2903,Lepisosteus_oculatus_GENE_2903
OG0000002,Gallus_gallus_GENE_3026,Lepisosteus_oculatus_GENE_3026
OG0000050,Gallus_gallus_GENE_3210,Lepisosteus_oculatus_GENE_3210
OG0000052,Gallus_gallus_GENE_3317,Lepisosteus_oculatus_GENE_3317
OG0000020,Gallus_gallus_GENE_3353,Lepisosteus_oculatus_GENE_3353
OG0000022,Gallus_gallus_GENE_3508,Lepisosteus_oculatus_GENE_3508
OG0000005,Gallus_gallus_GENE_3570,Lepisosteus_oculatus_GENE_3570
OG0000007,Gallus_gallus_GENE_3907,Lepisosteus_oculatus_GENE_3907
OG0000043,Gallus_gallus_GENE_401,Lepisosteus_oculatus_GENE_401
OG0000008,Gallus_gallus_GENE_541,Lepisosteus_oculatus_GENE_541
OG0000026,Gallus_gallus_GENE_974,Lepisosteus_oculatus_GENE_974
