Orthogroup,Gallus,Taeniopygia
OG0000000,Gallus_gallus_GENE_1433,Taeniopygia_guttata_GENE_1433
OG0000027,Gallus_gallus_GENE_1465,Taeniopygia_guttata_GENE_1465
OG0000055,Gallus_gallus_GENE_17,Taeniopygia_guttata_GENE_17
OG0000029,Gallus_gallus_GENE_1724,Taeniopygia_guttata_GENE_1724
OG0000030,Gallus_gallus_GENE_1984,Taeniopygia_guttata_GENE_1984
OG0000031,Gallus_gallus_GENE_2024,Taeniopygia_guttata_GENE_2024
OG0000047,Gallus_gallus_GENE_2063,Taeniopygia_guttata_GENE_2063
OG0000016,Gallus_gallus_GENE_2244,Taeniopygia_guttata_GENE_2244
OG0000017,Gallus_gallus_GENE_2459,Taeniopygia_guttata_GENE_2459
OG0000048,Gallus_gallus_GENE_2498,Taeniopygia_guttata_GENE_2498
OG0000018,Gallus_gallus_GENE_2772,Taeniopygia_guttata_GENE_2772
OG0000019,Gallus_gallus_GENE_2903,Taeniopygia_guttata_GENE_2903
OG0000002,Gallus_gallus_GENE_3026,Taeniopygia_guttata_GENE_3026
OG0000037,Gallus_gallus_GENE_3089,Taeniopygia_guttata_GENE_3089
OG0000038,Gallus_gallus_GENE_3150,Taeniopygia_guttata_GENE_3150
OG0000050,Gallus_gallus_GENE_3210,Taeniopygia_guttata_GENE_3210
OG0000052,Gallus_gallus_GENE_3317,Taeniopygia_guttata_GENE_3317
OG0000020,Gallus_gallus_GENE_3353,Taeniopygia_guttata_GENE_3353
OG0000004,Gallus_gallus_GENE_343,Taeniopygia_guttata_GENE_343
OG0000021,Gallus_gallus_GENE_3458,Taeniopygia_guttata_GENE_3458
OG0000022,Gallus_gallus_GENE_3508,Taeniopygia_guttata_GENE_3508
OG0000040,Gallus_gallus_GENE_3515,Taeniopygia_guttata_GENE_3515
OG0000005,Gallus_gallus_GENE_3570,Taeniopygia_guttata_GENE_3570
OG0000046,Gallus_gallus_GENE_368,Taeniopygia_guttata_GENE_368
OG0000007,Gallus_gallus_GENE_3907,Taeniopygia_guttata_GENE_3907
OG0000053,Gallus_gallus_GENE_3913,Taeniopygia_guttata_GENE_3913
OG0000043,Gallus_gallus_GENE_401,Taeniopygia_guttata_GENE_401
OG0000008,Gallus_gallus_GENE_541,Taeniopygia_guttata_GENE_541
OG0000024,Gallus_gallus_GENE_609,Taeniopygia_guttata_GENE_609
OG0000025,Gallus_gallus_GENE_697,Taeniopygia_guttata_GENE_697
OG0000009,Gallus_gallus_GENE_730,Taeniopygia_guttata_GENE_730
OG0000026,Gallus_gallus_GENE_974,Taeniopygia_guttata_GENE_974
