Orthogroup,Gallus,Macropus
OG0000027,Gallus_gallus_GENE_1465,Macropus_eugenii_GENE_1465
OG0000028,Gallus_gallus_GENE_1671,Macropus_eugenii_GENE_1671
OG0000055,Gallus_gallus_GENE_17,Macropus_eugenii_GENE_17
OG0000029,Gallus_gallus_GENE_1724,Macropus_eugenii_GENE_1724
OG0000047,Gallus_gallus_GENE_2063,Macropus_eugenii_GENE_2063
OG0000032,Gallus_gallus_GENE_2274,Macropus_eugenii_GENE_2274
OG0000001,Gallus_gallus_GENE_2421,Macropus_eugenii_GENE_2421
OG0000048,Gallus_gallus_GENE_2498,Macropus_eugenii_GENE_2498
OG0000035,Gallus_gallus_GENE_2537,Macropus_eugenii_GENE_2537
OG0000036,Gallus_gallus_GENE_2869,Macropus_eugenii_GENE_2869
OG0000019,Gallus_gallus_GENE_2903,Macropus_eugenii_GENE_2903
OG0000037,Gallus_gallus_GENE_3089,Macropus_eugenii_GENE_3089
OG0000050,Gallus_gallus_GENE_3210,Macropus_eugenii_GENE_3210
OG0000039,Gallus_gallus_GENE_3290,Macropus_eugenii_GENE_3290
OG0000052,Gallus_gallus_GENE_3317,Macropus_eugenii_GENE_3317
OG0000021,Gallus_gallus_GENE_3458,Macropus_eugenii_GENE_3458
OG0000040,Gallus_gallus_GENE_3515,Macropus_eugenii_GENE_3515
OG0000006,Gallus_gallus_GENE_3818,Macropus_eugenii_GENE_3818
OG0000007,Gallus_gallus_GENE_3907,Macropus_eugenii_GENE_3907
OG0000043,Gallus_gallus_GENE_401,Macropus_eugenii_GENE_401
OG0000024,Gallus_gallus_GENE_609,Macropus_eugenii_GENE_609
OG0000009,Gallus_gallus_GENE_730,Macropus_eugenii_GENE_730
