Orthogroup,Gallus,Monodelphis
OG0000010,Gallus_gallus_GENE_1086,Monodelphis_domestica_GENE_1086
OG0000000,Gallus_gallus_GENE_1433,Monodelphis_domestica_GENE_1433
OG0000027,Gallus_gallus_GENE_1465,Monodelphis_domestica_GENE_1465
OG0000028,Gallus_gallus_GENE_1671,Monodelphis_domestica_GENE_1671
OG0000031,Gallus_gallus_GENE_2024,Monodelphis_domestica_GENE_2024
OG0000047,Gallus_gallus_GENE_2063,Monodelphis_domestica_GENE_2063
OG0000032,Gallus_gallus_GENE_2274,Monodelphis_domestica_GENE_2274
OG0000017,Gallus_gallus_GENE_2459,Monodelphis_domestica_GENE_2459
OG0000048,Gallus_gallus_GENE_2498,Monodelphis_domestica_GENE_2498
OG0000035,Gallus_gallus_GENE_2537,Monodelphis_domestica_GENE_2537
OG0000018,Gallus_gallus_GENE_2772,Monodelphis_domestica_GENE_2772
OG0000036,Gallus_gallus_GENE_2869,Monodelphis_domestica_GENE_2869
OG0000037,Gallus_gallus_GENE_3089,Monodelphis_domestica_GENE_3089
OG0000039,Gallus_gallus_GENE_3290,Monodelphis_domestica_GENE_3290
OG0000052,Gallus_gallus_GENE_3317,Monodelphis_domestica_GENE_3317
OG0000021,Gallus_gallus_GENE_3458,Monodelphis_domestica_GENE_3458
OG0000040,Gallus_gallus_GENE_3515,Monodelphis_domestica_GENE_3515
OG0000006,Gallus_gallus_GENE_3818,Monodelphis_domestica_GENE_3818
OG0000007,Gallus_gallus_GENE_3907,Monodelphis_domestica_GENE_3907
OG0000043,Gallus_gallus_GENE_401,Monodelphis_domestica_GENE_401
OG0000024,Gallus_gallus_GENE_609,Monodelphis_domestica_GENE_609
OG0000009,Gallus_gallus_GENE_730,Monodelphis_domestica_GENE_730
