Orthogroup,Gallus,Loxodonta
OG0000010,Gallus_gallus_GENE_1086,Loxodonta_africana_GENE_1086
OG0000027,Gallus_gallus_GENE_1465,Loxodonta_africana_GENE_1465
OG0000028,Gallus_gallus_GENE_1671,Loxodonta_africana_GENE_1671
OG0000031,Gallus_gallus_GENE_2024,Loxodonta_africana_GENE_2024
OG0000047,Gallus_gallus_GENE_2063,Loxodonta_africana_GENE_2063
OG0000032,Gallus_gallus_GENE_2274,Loxodonta_africana_GENE_2274
OG0000001,Gallus_gallus_GENE_2421,Loxodonta_africana_GENE_2421
OG0000017,Gallus_gallus_GENE_2459,Loxodonta_africana_GENE_2459
OG0000048,Gallus_gallus_GENE_2498,Loxodonta_africana_GENE_2498
OG0000035,Gallus_gallus_GENE_2537,Loxodonta_africana_GENE_2537
OG0000036,Gallus_gallus_GENE_2869,Loxodonta_africana_GENE_2869
OG0000019,Gallus_gallus_GENE_2903,Loxodonta_africana_GENE_2903
OG0000037,Gallus_gallus_GENE_3089,Loxodonta_africana_GENE_3089
OG0000039,Gallus_gallus_GENE_3290,Loxodonta_africana_GENE_3290
OG0000052,Gallus_gallus_GENE_3317,Loxodonta_africana_GENE_3317
OG0000021,Gallus_gallus_GENE_3458,Loxodonta_africana_GENE_3458
OG0000040,Gallus_gallus_GENE_3515,Loxodonta_africana_GENE_3515
OG0000006,Gallus_gallus_GENE_3818,Loxodonta_africana_GENE_3818
OG0000007,Gallus_gallus_GENE_3907,Loxodonta_africana_GENE_3907
OG0000043,Gallus_gallus_GENE_401,Loxodonta_africana_GENE_401
OG0000024,Gallus_gallus_GENE_609,Loxodonta_africana_GENE_609
OG0000009,Gallus_gallus_GENE_730,Loxodonta_africana_GENE_730
OG0000026,Gallus_gallus_GENE_974,Loxodonta_africana_GENE_974
