Orthogroup,Gallus,Latimeria
OG0000000,Gallus_gallus_GENE_1433,Latimeria_chalumnae_GENE_1433
OG0000055,Gallus_gallus_GENE_17,Latimeria_chalumnae_GENE_17
OG0000029,Gallus_gallus_GENE_1724,Latimeria_chalumnae_GENE_1724
OG0000016,Gallus_gallus_GENE_2244,Latimeria_chalumnae_GENE_2244
OG0000032,Gallus_gallus_GENE_2274,Latimeria_chalumnae_GENE_2274
OG0000017,Gallus_gallus_GENE_2459,Latimeria_chalumnae_GENE_2459
OG0000018,Gallus_gallus_GENE_2772,Latimeria_chalumnae_GENE_2772
OG0000036,Gallus_gallus_GENE_2869,Latimeria_chalumnae_GENE_2869
OG0000019,Gallus_gallus_GENE_2903,Latimeria_chalumnae_GENE_2903
OG0000002,Gallus_gallus_GENE_3026,Latimeria_chalumnae_GENE_3026
OG0000050,Gallus_gallus_GENE_3210,Latimeria_chalumnae_GENE_3210
OG0000052,Gallus_gallus_GENE_3317,Latimeria_chalumnae_GENE_3317
OG0000022,Gallus_gallus_GENE_3508,Latimeria_chalumnae_GENE_3508
OG0000005,Gallus_gallus_GENE_3570,Latimeria_chalumnae_GENE_3570
OG0000007,Gallus_gallus_GENE_3907,Latimeria_chalumnae_GENE_3907
OG0000043,Gallus_gallus_GENE_401,Latimeria_chalumnae_GENE_401
OG0000008,Gallus_gallus_GENE_541,Latimeria_chalumnae_GENE_541
OG0000026,Gallus_gallus_GENE_974,Latimeria_chalumnae_GENE_974
