Orthogroup,Oreochromis,Protopterus
OG0000011,Oreochromis_niloticus_GENE_1093,Protopterus_annectens_GENE_1093
OG0000013,Oreochromis_niloticus_GENE_1224,Protopterus_annectens_GENE_1224
OG0000055,Oreochromis_niloticus_GENE_17,Protopterus_annectens_GENE_17
OG0000016,Oreochromis_niloticus_GENE_2244,Protopterus_annectens_GENE_2244
OG0000018,Oreochromis_niloticus_GENE_2772,Protopterus_annectens_GENE_2772
OG0000036,Oreochromis_niloticus_GENE_2869,Protopterus_annectens_GENE_2869
OG0000019,Oreochromis_niloticus_GENE_2903,Protopterus_annectens_GENE_2903
OG0000049,Oreochromis_niloticus_GENE_3058,Protopterus_annectens_GENE_3058
OG0000052,Oreochromis_niloticus_GENE_3317,Protopterus_annectens_GENE_3317
OG0000020,Oreochromis_niloticus_GENE_3353,Protopterus_annectens_GENE_3353
OG0000021,Oreochromis_niloticus_GENE_3458,Protopterus_annectens_GENE_3458
OG0000005,Oreochromis_niloticus_GENE_3570,Protopterus_annectens_GENE_3570
OG0000007,Oreochromis_niloticus_GENE_3907,Protopterus_annectens_GENE_3907
OG0000008,Oreochromis_niloticus_GENE_541,Protopterus_annectens_GENE_541
OG0000054,Oreochromis_niloticus_GENE_634,Protopterus_annectens_GENE_634
OG0000026,Oreochromis_niloticus_GENE_974,Protopterus_annectens_GENE_974
