Orthogroup,Oreochromis,Meleagris
OG0000012,Oreochromis_niloticus_GENE_1206,Meleagris_gallopavo_GENE_1206
OG0000000,Oreochromis_niloticus_GENE_1433,Meleagris_gallopavo_GENE_1433
OG0000055,Oreochromis_niloticus_GENE_17,Meleagris_gallopavo_GENE_17
OG0000047,Oreochromis_niloticus_GENE_2063,Meleagris_gallopavo_GENE_2063
OG0000016,Oreochromis_niloticus_GENE_2244,Meleagris_gallopavo_GENE_2244
OG0000032,Oreochromis_niloticus_GENE_2274,Meleagris_gallopavo_GENE_2274
OG0000035,Oreochromis_niloticus_GENE_2537,Meleagris_gallopavo_GENE_2537
OG0000018,Oreochromis_niloticus_GENE_2772,Meleagris_gallopavo_GENE_2772
OG0000036,Oreochromis_niloticus_GENE_2869,Meleagris_gallopavo_GENE_2869
OG0000019,Oreochromis_niloticus_GENE_2903,Meleagris_gallopavo_GENE_2903
OG0000002,Oreochromis_niloticus_GENE_3026,Meleagris_gallopavo_GENE_3026
OG0000050,Oreochromis_niloticus_GENE_3210,Meleagris_gallopavo_GENE_3210
OG0000052,Oreochromis_niloticus_GENE_3317,Meleagris_gallopavo_GENE_3317
OG0000022,Oreochromis_niloticus_GENE_3508,Meleagris_gallopavo_GENE_3508
OG0000005,Oreochromis_niloticus_GENE_3570,Meleagris_gallopavo_GENE_3570
OG0000041,Oreochromis_niloticus_GENE_39,Meleagris_gallopavo_GENE_39
OG0000007,Oreochromis_niloticus_GENE_3907,Meleagris_gallopavo_GENE_3907
OG0000008,Oreochromis_niloticus_GENE_541,Meleagris_gallopavo_GENE_541
OG0000026,Oreochromis_niloticus_GENE_974,Meleagris_gallopavo_GENE_974
