Orthogroup,Oreochromis,Xenopus
OG0000055,Oreochromis_niloticus_GENE_17,Xenopus_Silurana_tropicalis_GENE_17
OG0000047,Oreochromis_niloticus_GENE_2063,Xenopus_Silurana_tropicalis_GENE_2063
OG0000016,Oreochromis_niloticus_GENE_2244,Xenopus_Silurana_tropicalis_GENE_2244
OG0000035,Oreochromis_niloticus_GENE_2537,Xenopus_Silurana_tropicalis_GENE_2537
OG0000018,Oreochromis_niloticus_GENE_2772,Xenopus_Silurana_tropicalis_GENE_2772
OG0000019,Oreochromis_niloticus_GENE_2903,Xenopus_Silurana_tropicalis_GENE_2903
OG0000050,Oreochromis_niloticus_GENE_3210,Xenopus_Silurana_tropicalis_GENE_3210
OG0000022,Oreochromis_niloticus_GENE_3508,Xenopus_Silurana_tropicalis_GENE_3508
OG0000006,Oreochromis_niloticus_GENE_3818,Xenopus_Silurana_tropicalis_GENE_3818
