Orthogroup,Oreochromis,Neoceratodus
OG0000011,Oreochromis_niloticus_GENE_1093,Neoceratodus_forsteri_GENE_1093
OG0000013,Oreochromis_niloticus_GENE_1224,Neoceratodus_forsteri_GENE_1224
OG0000000,Oreochromis_niloticus_GENE_1433,Neoceratodus_forsteri_GENE_1433
OG0000055,Oreochromis_niloticus_GENE_17,Neoceratodus_forsteri_GENE_17
OG0000016,Oreochromis_niloticus_GENE_2244,Neoceratodus_forsteri_GENE_2244
OG0000018,Oreochromis_niloticus_GENE_2772,Neoceratodus_forsteri_GENE_2772
OG0000036,Oreochromis_niloticus_GENE_2869,Neoceratodus_forsteri_GENE_2869
OG0000019,Oreochromis_niloticus_GENE_2903,Neoceratodus_forsteri_GENE_2903
OG0000050,Oreochromis_niloticus_GENE_3210,Neoceratodus_forsteri_GENE_3210
OG0000039,Oreochromis_niloticus_GENE_3290,Neoceratodus_forsteri_GENE_3290
OG0000052,Oreochromis_niloticus_GENE_3317,Neoceratodus_forsteri_GENE_3317
OG0000020,Oreochromis_niloticus_GENE_3353,Neoceratodus_forsteri_GENE_3353
OG0000021,Oreochromis_niloticus_GENE_3458,Neoceratodus_forsteri_GENE_3458
OG0000005,Oreochromis_niloticus_GENE_3570,Neoceratodus_forsteri_GENE_3570
OG0000007,Oreochromis_niloticus_GENE_3907,Neoceratodus_forsteri_GENE_3907
OG0000008,Oreochromis_niloticus_GENE_541,Neoceratodus_forsteri_GENE_541
OG0000054,Oreochromis_niloticus_GENE_634,Neoceratodus_forsteri_GENE_634
