Orthogroup,Oreochromis,Latimeria
OG0000010,Oreochromis_niloticus_GENE_1086,Latimeria_chalumnae_GENE_1086
OG0000000,Oreochromis_niloticus_GENE_1433,Latimeria_chalumnae_GENE_1433
OG0000014,Oreochromis_niloticus_GENE_1646,Latimeria_chalumnae_GENE_1646
OG0000055,Oreochromis_niloticus_GENE_17,Latimeria_chalumnae_GENE_17
OG0000031,Oreochromis_niloticus_GENE_2024,Latimeria_chalumnae_GENE_2024
OG0000016,Oreochromis_niloticus_GENE_2244,Latimeria_chalumnae_GENE_2244
OG0000032,Oreochromis_niloticus_GENE_2274,Latimeria_chalumnae_GENE_2274
OG0000033,Oreochromis_niloticus_GENE_2443,Latimeria_chalumnae_GENE_2443
OG0000017,Oreochromis_niloticus_GENE_2459,Latimeria_chalumnae_GENE_2459
OG0000018,Oreochromis_niloticus_GENE_2772,Latimeria_chalumnae_GENE_2772
OG0000036,Oreochromis_niloticus_GENE_2869,Latimeria_chalumnae_GENE_2869
OG0000019,Oreochromis_niloticus_GENE_2903,Latimeria_chalumnae_GENE_2903
OG0000002,Oreochromis_niloticus_GENE_3026,Latimeria_chalumnae_GENE_3026
OG0000049,Oreochromis_niloticus_GENE_3058,Latimeria_chalumnae_GENE_3058
OG0000050,Oreochromis_niloticus_GENE_3210,Latimeria_chalumnae_GENE_3210
OG0000052,Oreochromis_niloticus_GENE_3317,Latimeria_chalumnae_GENE_3317
OG0000004,Oreochromis_niloticus_GENE_343,Latimeria_chalumnae_GENE_343
OG0000021,Oreochromis_niloticus_GENE_3458,Latimeria_chalumnae_GENE_3458
OG0000022,Oreochromis_niloticus_GENE_3508,Latimeria_chalumnae_GENE_3508
OG0000005,Oreochromis_niloticus_GENE_3570,Latimeria_chalumnae_GENE_3570
OG0000046,Oreochromis_niloticus_GENE_368,Latimeria_chalumnae_GENE_368
OG0000007,Oreochromis_niloticus_GENE_3907,Latimeria_chalumnae_GENE_3907
OG0000008,Oreochromis_niloticus_GENE_541,Latimeria_chalumnae_GENE_541
OG0000024,Oreochromis_niloticus_GENE_609,Latimeria_chalumnae_GENE_609
OG0000054,Oreochromis_niloticus_GENE_634,Latimeria_chalumnae_GENE_634
OG0000026,Oreochromis_niloticus_GENE_974,Latimeria_chalumnae_GENE_974
