Orthogroup,Oreochromis,Gallus
OG0000013,Oreochromis_niloticus_GENE_1224,Gallus_gallus_GENE_1224
OG0000000,Oreochromis_niloticus_GENE_1433,Gallus_gallus_GENE_1433
OG0000055,Oreochromis_niloticus_GENE_17,Gallus_gallus_GENE_17
OG0000047,Oreochromis_niloticus_GENE_2063,Gallus_gallus_GENE_2063
OG0000016,Oreochromis_niloticus_GENE_2244,Gallus_gallus_GENE_2244
OG0000032,Oreochromis_niloticus_GENE_2274,Gallus_gallus_GENE_2274
OG0000017,Oreochromis_niloticus_GENE_2459,Gallus_gallus_GENE_2459
OG0000035,Oreochromis_niloticus_GENE_2537,Gallus_gallus_GENE_2537
OG0000018,Oreochromis_niloticus_GENE_2772,Gallus_gallus_GENE_2772
OG0000036,Oreochromis_niloticus_GENE_2869,Gallus_gallus_GENE_2869
OG0000019,Oreochromis_niloticus_GENE_2903,Gallus_gallus_GENE_2903
OG0000002,Oreochromis_niloticus_GENE_3026,Gallus_gallus_GENE_3026
OG0000050,Oreochromis_niloticus_GENE_3210,Gallus_gallus_GENE_3210
OG0000052,Oreochromis_niloticus_GENE_3317,Gallus_gallus_GENE_3317
OG0000020,Oreochromis_niloticus_GENE_3353,Gallus_gallus_GENE_3353
OG0000022,Oreochromis_niloticus_GENE_3508,Gallus_gallus_GENE_3508
OG0000005,Oreochromis_niloticus_GENE_3570,Gallus_gallus_GENE_3570
OG0000007,Oreochromis_niloticus_GENE_3907,Gallus_gallus_GENE_3907
OG0000008,Oreochromis_niloticus_GENE_541,Gallus_gallus_GENE_541
OG0000026,Oreochromis_niloticus_GENE_974,Gallus_gallus_GENE_974
