Orthogroup,Oreochromis,Taeniopygia
OG0000012,Oreochromis_niloticus_GENE_1206,Taeniopygia_guttata_GENE_1206
OG0000000,Oreochromis_niloticus_GENE_1433,Taeniopygia_guttata_GENE_1433
OG0000055,Oreochromis_niloticus_GENE_17,Taeniopygia_guttata_GENE_17
OG0000047,Oreochromis_niloticus_GENE_2063,Taeniopygia_guttata_GENE_2063
OG0000016,Oreochromis_niloticus_GENE_2244,Taeniopygia_guttata_GENE_2244
OG0000017,Oreochromis_niloticus_GENE_2459,Taeniopygia_guttata_GENE_2459
OG0000018,Oreochromis_niloticus_GENE_2772,Taeniopygia_guttata_GENE_2772
OG0000019,Oreochromis_niloticus_GENE_2903,Taeniopygia_guttata_GENE_2903
OG0000002,Oreochromis_niloticus_GENE_3026,Taeniopygia_guttata_GENE_3026
OG0000050,Oreochromis_niloticus_GENE_3210,Taeniopygia_guttata_GENE_3210
OG0000052,Oreochromis_niloticus_GENE_3317,Taeniopygia_guttata_GENE_3317
OG0000020,Oreochromis_niloticus_GENE_3353,Taeniopygia_guttata_GENE_3353
OG0000022,Oreochromis_niloticus_GENE_3508,Taeniopygia_guttata_GENE_3508
OG0000005,Oreochromis_niloticus_GENE_3570,Taeniopygia_guttata_GENE_3570
OG0000041,Oreochromis_niloticus_GENE_39,Taeniopygia_guttata_GENE_39
OG0000007,Oreochromis_niloticus_GENE_3907,Taeniopygia_guttata_GENE_3907
OG0000008,Oreochromis_niloticus_GENE_541,Taeniopygia_guttata_GENE_541
OG0000026,Oreochromis_niloticus_GENE_974,Taeniopygia_guttata_GENE_974
