Orthogroup,Oreochromis,Takifugu
OG0000010,Oreochromis_niloticus_GENE_1086,Takifugu_rubripes_GENE_1086
OG0000011,Oreochromis_niloticus_GENE_1093,Takifugu_rubripes_GENE_1093
OG0000012,Oreochromis_niloticus_GENE_1206,Takifugu_rubripes_GENE_1206
OG0000013,Oreochromis_niloticus_GENE_1224,Takifugu_rubripes_GENE_1224
OG0000000,Oreochromis_niloticus_GENE_1433,Takifugu_rubripes_GENE_1433
OG0000014,Oreochromis_niloticus_GENE_1646,Takifugu_rubripes_GENE_1646
OG0000028,Oreochromis_niloticus_GENE_1671,Takifugu_rubripes_GENE_1671
OG0000055,Oreochromis_niloticus_GENE_17,Takifugu_rubripes_GENE_17
OG0000031,Oreochromis_niloticus_GENE_2024,Takifugu_rubripes_GENE_2024
OG0000015,Oreochromis_niloticus_GENE_2194,Takifugu_rubripes_GENE_2194
OG0000016,Oreochromis_niloticus_GENE_2244,Takifugu_rubripes_GENE_2244
OG0000032,Oreochromis_niloticus_GENE_2274,Takifugu_rubripes_GENE_2274
OG0000033,Oreochromis_niloticus_GENE_2443,Takifugu_rubripes_GENE_2443
OG0000017,Oreochromis_niloticus_GENE_2459,Takifugu_rubripes_GENE_2459
OG0000034,Oreochromis_niloticus_GENE_248,Takifugu_rubripes_GENE_248
OG0000035,Oreochromis_niloticus_GENE_2537,Takifugu_rubripes_GENE_2537
OG0000018,Oreochromis_niloticus_GENE_2772,Takifugu_rubripes_GENE_2772
OG0000036,Oreochromis_niloticus_GENE_2869,Takifugu_rubripes_GENE_2869
OG0000019,Oreochromis_niloticus_GENE_2903,Takifugu_rubripes_GENE_2903
OG0000002,Oreochromis_niloticus_GENE_3026,Takifugu_rubripes_GENE_3026
OG0000049,Oreochromis_niloticus_GENE_3058,Takifugu_rubripes_GENE_3058
OG0000038,Oreochromis_niloticus_GENE_3150,Takifugu_rubripes_GENE_3150
OG0000050,Oreochromis_niloticus_GENE_3210,Takifugu_rubripes_GENE_3210
OG0000051,Oreochromis_niloticus_GENE_3283,Takifugu_rubripes_GENE_3283
OG0000039,Oreochromis_niloticus_GENE_3290,Takifugu_rubripes_GENE_3290
OG0000052,Oreochromis_niloticus_GENE_3317,Takifugu_rubripes_GENE_3317
OG0000020,Oreochromis_niloticus_GENE_3353,Takifugu_rubripes_GENE_3353
OG0000003,Oreochromis_niloticus_GENE_3380,Takifugu_rubripes_GENE_3380
OG0000004,Oreochromis_niloticus_GENE_343,Takifugu_rubripes_GENE_343
OG0000021,Oreochromis_niloticus_GENE_3458,Takifugu_rubripes_GENE_3458
OG0000022,Oreochromis_niloticus_GENE_3508,Takifugu_rubripes_GENE_3508
OG0000005,Oreochromis_niloticus_GENE_3570,Takifugu_rubripes_GENE_3570
OG0000046,Oreochromis_niloticus_GENE_368,Takifugu_rubripes_GENE_368
OG0000006,Oreochromis_niloticus_GENE_3818,Takifugu_rubripes_GENE_3818
OG0000041,Oreochromis_niloticus_GENE_39,Takifugu_rubripes_GENE_39
OG0000007,Oreochromis_niloticus_GENE_3907,Takifugu_rubripes_GENE_3907
OG0000042,Oreochromis_niloticus_GENE_3912,Takifugu_rubripes_GENE_3912
OG0000023,Oreochromis_niloticus_GENE_3942,Takifugu_rubripes_GENE_3942
OG0000008,Oreochromis_niloticus_GENE_541,Takifugu_rubripes_GENE_541
OG0000054,Oreochromis_niloticus_GENE_634,Takifugu_rubripes_GENE_634
OG0000009,Oreochromis_niloticus_GENE_730,Takifugu_rubripes_GENE_730
OG0000045,Oreochromis_niloticus_GENE_952,Takifugu_rubripes_GENE_952
OG0000026,Oreochromis_niloticus_GENE_974,Takifugu_rubripes_GENE_974
