Orthogroup,Oreochromis,Anolis
OG0000012,Oreochromis_niloticus_GENE_1206,Anolis_carolinensis_GENE_1206
OG0000013,Oreochromis_niloticus_GENE_1224,Anolis_carolinensis_GENE_1224
OG0000000,Oreochromis_niloticus_GENE_1433,Anolis_carolinensis_GENE_1433
OG0000047,Oreochromis_niloticus_GENE_2063,Anolis_carolinensis_GENE_2063
OG0000016,Oreochromis_niloticus_GENE_2244,Anolis_carolinensis_GENE_2244
OG0000032,Oreochromis_niloticus_GENE_2274,Anolis_carolinensis_GENE_2274
OG0000017,Oreochromis_niloticus_GENE_2459,Anolis_carolinensis_GENE_2459
OG0000035,Oreochromis_niloticus_GENE_2537,Anolis_carolinensis_GENE_2537
OG0000018,Oreochromis_niloticus_GENE_2772,Anolis_carolinensis_GENE_2772
OG0000036,Oreochromis_niloticus_GENE_2869,Anolis_carolinensis_GENE_2869
OG0000019,Oreochromis_niloticus_GENE_2903,Anolis_carolinensis_GENE_2903
OG0000002,Oreochromis_niloticus_GENE_3026,Anolis_carolinensis_GENE_3026
OG0000050,Oreochromis_niloticus_GENE_3210,Anolis_carolinensis_GENE_3210
OG0000052,Oreochromis_niloticus_GENE_3317,Anolis_carolinensis_GENE_3317
OG0000005,Oreochromis_niloticus_GENE_3570,Anolis_carolinensis_GENE_3570
OG0000041,Oreochromis_niloticus_GENE_39,Anolis_carolinensis_GENE_39
OG0000007,Oreochromis_niloticus_GENE_3907,Anolis_carolinensis_GENE_3907
OG0000008,Oreochromis_niloticus_GENE_541,Anolis_carolinensis_GENE_541
OG0000054,Oreochromis_niloticus_GENE_634,Anolis_carolinensis_GENE_634
OG0000026,Oreochromis_niloticus_GENE_974,Anolis_carolinensis_GENE_974
