Orthogroup,Oreochromis,Lepisosteus
OG0000010,Oreochromis_niloticus_GENE_1086,Lepisosteus_oculatus_GENE_1086
OG0000013,Oreochromis_niloticus_GENE_1224,Lepisosteus_oculatus_GENE_1224
OG0000000,Oreochromis_niloticus_GENE_1433,Lepisosteus_oculatus_GENE_1433
OG0000028,Oreochromis_niloticus_GENE_1671,Lepisosteus_oculatus_GENE_1671
OG0000031,Oreochromis_niloticus_GENE_2024,Lepisosteus_oculatus_GENE_2024
OG0000047,Oreochromis_niloticus_GENE_2063,Lepisosteus_oculatus_GENE_2063
OG0000015,Oreochromis_niloticus_GENE_2194,Lepisosteus_oculatus_GENE_2194
OG0000016,Oreochromis_niloticus_GENE_2244,Lepisosteus_oculatus_GENE_2244
OG0000001,Oreochromis_niloticus_GENE_2421,Lepisosteus_oculatus_GENE_2421
OG0000033,Oreochromis_niloticus_GENE_2443,Lepisosteus_oculatus_GENE_2443
OG0000017,Oreochromis_niloticus_GENE_2459,Lepisosteus_oculatus_GENE_2459
OG0000034,Oreochromis_niloticus_GENE_248,Lepisosteus_oculatus_GENE_248
OG0000035,Oreochromis_niloticus_GENE_2537,Lepisosteus_oculatus_GENE_2537
OG0000018,Oreochromis_niloticus_GENE_2772,Lepisosteus_oculatus_GENE_2772
OG0000036,Oreochromis_niloticus_GENE_2869,Lepisosteus_oculatus_GENE_2869
OG0000019,Oreochromis_niloticus_GENE_2903,Lepisosteus_oculatus_GENE_2903
OG0000049,Oreochromis_niloticus_GENE_3058,Lepisosteus_oculatus_GENE_3058
OG0000038,Oreochromis_niloticus_GENE_3150,Lepisosteus_oculatus_GENE_3150
OG0000051,Oreochromis_niloticus_GENE_3283,Lepisosteus_oculatus_GENE_3283
OG0000039,Oreochromis_niloticus_GENE_3290,Lepisosteus_oculatus_GENE_3290
OG0000052,Oreochromis_niloticus_GENE_3317,Lepisosteus_oculatus_GENE_3317
OG0000020,Oreochromis_niloticus_GENE_3353,Lepisosteus_oculatus_GENE_3353
OG0000021,Oreochromis_niloticus_GENE_3458,Lepisosteus_oculatus_GENE_3458
OG0000022,Oreochromis_niloticus_GENE_3508,Lepisosteus_oculatus_GENE_3508
OG0000041,Oreochromis_niloticus_GENE_39,Lepisosteus_oculatus_GENE_39
OG0000054,Oreochromis_niloticus_GENE_634,Lepisosteus_oculatus_GENE_634
OG0000045,Oreochromis_niloticus_GENE_952,Lepisosteus_oculatus_GENE_952
