Orthogroup,Oreochromis,Lepidosiren
OG0000011,Oreochromis_niloticus_GENE_1093,Lepidosiren_paradoxa_GENE_1093
OG0000013,Oreochromis_niloticus_GENE_1224,Lepidosiren_paradoxa_GENE_1224
OG0000000,Oreochromis_niloticus_GENE_1433,Lepidosiren_paradoxa_GENE_1433
OG0000055,Oreochromis_niloticus_GENE_17,Lepidosiren_paradoxa_GENE_17
OG0000016,Oreochromis_niloticus_GENE_2244,Lepidosiren_paradoxa_GENE_2244
OG0000018,Oreochromis_niloticus_GENE_2772,Lepidosiren_paradoxa_GENE_2772
OG0000036,Oreochromis_niloticus_GENE_2869,Lepidosiren_paradoxa_GENE_2869
OG0000019,Oreochromis_niloticus_GENE_2903,Lepidosiren_paradoxa_GENE_2903
OG0000049,Oreochromis_niloticus_GENE_3058,Lepidosiren_paradoxa_GENE_3058
OG0000039,Oreochromis_niloticus_GENE_3290,Lepidosiren_paradoxa_GENE_3290
OG0000052,Oreochromis_niloticus_GENE_3317,Lepidosiren_paradoxa_GENE_3317
OG0000020,Oreochromis_niloticus_GENE_3353,Lepidosiren_paradoxa_GENE_3353
OG0000021,Oreochromis_niloticus_GENE_3458,Lepidosiren_paradoxa_GENE_3458
OG0000007,Oreochromis_niloticus_GENE_3907,Lepidosiren_paradoxa_GENE_3907
OG0000008,Oreochromis_niloticus_GENE_541,Lepidosiren_paradoxa_GENE_541
OG0000054,Oreochromis_niloticus_GENE_634,Lepidosiren_paradoxa_GENE_634
OG0000026,Oreochromis_niloticus_GENE_974,Lepidosiren_paradoxa_GENE_974
