Orthogroup,Oreochromis,Dasypus
OG0000012,Oreochromis_niloticus_GENE_1206,Dasypus_novemcinctus_GENE_1206
OG0000013,Oreochromis_niloticus_GENE_1224,Dasypus_novemcinctus_GENE_1224
OG0000000,Oreochromis_niloticus_GENE_1433,Dasypus_novemcinctus_GENE_1433
OG0000055,Oreochromis_niloticus_GENE_17,Dasypus_novemcinctus_GENE_17
OG0000047,Oreochromis_niloticus_GENE_2063,Dasypus_novemcinctus_GENE_2063
OG0000016,Oreochromis_niloticus_GENE_2244,Dasypus_novemcinctus_GENE_2244
OG0000032,Oreochromis_niloticus_GENE_2274,Dasypus_novemcinctus_GENE_2274
OG0000035,Oreochromis_niloticus_GENE_2537,Dasypus_novemcinctus_GENE_2537
OG0000018,Oreochromis_niloticus_GENE_2772,Dasypus_novemcinctus_GENE_2772
OG0000036,Oreochromis_niloticus_GENE_2869,Dasypus_novemcinctus_GENE_2869
OG0000019,Oreochromis_niloticus_GENE_2903,Dasypus_novemcinctus_GENE_2903
OG0000002,Oreochromis_niloticus_GENE_3026,Dasypus_novemcinctus_GENE_3026
OG0000052,Oreochromis_niloticus_GENE_3317,Dasypus_novemcinctus_GENE_3317
OG0000041,Oreochromis_niloticus_GENE_39,Dasypus_novemcinctus_GENE_39
OG0000007,Oreochromis_niloticus_GENE_3907,Dasypus_novemcinctus_GENE_3907
OG0000008,Oreochromis_niloticus_GENE_541,Dasypus_novemcinctus_GENE_541
OG0000054,Oreochromis_niloticus_GENE_634,Dasypus_novemcinctus_GENE_634
OG0000026,Oreochromis_niloticus_GENE_974,Dasypus_novemcinctus_GENE_974
