Orthogroup,Oreochromis,Homo
OG0000012,Oreochromis_niloticus_GENE_1206,Homo_sapiens_GENE_1206
OG0000013,Oreochromis_niloticus_GENE_1224,Homo_sapiens_GENE_1224
OG0000000,Oreochromis_niloticus_GENE_1433,Homo_sapiens_GENE_1433
OG0000055,Oreochromis_niloticus_GENE_17,Homo_sapiens_GENE_17
OG0000016,Oreochromis_niloticus_GENE_2244,Homo_sapiens_GENE_2244
OG0000032,Oreochromis_niloticus_GENE_2274,Homo_sapiens_GENE_2274
OG0000017,Oreochromis_niloticus_GENE_2459,Homo_sapiens_GENE_2459
OG0000035,Oreochromis_niloticus_GENE_2537,Homo_sapiens_GENE_2537
OG0000018,Oreochromis_niloticus_GENE_2772,Homo_sapiens_GENE_2772
OG0000036,Oreochromis_niloticus_GENE_2869,Homo_sapiens_GENE_2869
OG0000019,Oreochromis_niloticus_GENE_2903,Homo_sapiens_GENE_2903
OG0000002,Oreochromis_niloticus_GENE_3026,Homo_sapiens_GENE_3026
OG0000050,Oreochromis_niloticus_GENE_3210,Homo_sapiens_GENE_3210
OG0000052,Oreochromis_niloticus_GENE_3317,Homo_sapiens_GENE_3317
OG0000041,Oreochromis_niloticus_GENE_39,Homo_sapiens_GENE_39
OG0000007,Oreochromis_niloticus_GENE_3907,Homo_sapiens_GENE_3907
OG0000008,Oreochromis_niloticus_GENE_541,Homo_sapiens_GENE_541
OG0000054,Oreochromis_niloticus_GENE_634,Homo_sapiens_GENE_634
OG0000026,Oreochromis_niloticus_GENE_974,Homo_sapiens_GENE_974
