Orthogroup,Oreochromis,Danio
OG0000011,Oreochromis_niloticus_GENE_1093,Danio_rerio_GENE_1093
OG0000012,Oreochromis_niloticus_GENE_1206,Danio_rerio_GENE_1206
OG0000000,Oreochromis_niloticus_GENE_1433,Danio_rerio_GENE_1433
OG0000014,Oreochromis_niloticus_GENE_1646,Danio_rerio_GENE_1646
OG0000055,Oreochromis_niloticus_GENE_17,Danio_rerio_GENE_17
OG0000031,Oreochromis_niloticus_GENE_2024,Danio_rerio_GENE_2024
OG0000047,Oreochromis_niloticus_GENE_2063,Danio_rerio_GENE_2063
OG0000015,Oreochromis_niloticus_GENE_2194,Danio_rerio_GENE_2194
OG0000016,Oreochromis_niloticus_GENE_2244,Danio_rerio_GENE_2244
OG0000001,Oreochromis_niloticus_GENE_2421,Danio_rerio_GENE_2421
OG0000017,Oreochromis_niloticus_GENE_2459,Danio_rerio_GENE_2459
OG0000035,Oreochromis_niloticus_GENE_2537,Danio_rerio_GENE_2537
OG0000036,Oreochromis_niloticus_GENE_2869,Danio_rerio_GENE_2869
OG0000019,Oreochromis_niloticus_GENE_2903,Danio_rerio_GENE_2903
OG0000038,Oreochromis_niloticus_GENE_3150,Danio_rerio_GENE_3150
OG0000050,Oreochromis_niloticus_GENE_3210,Danio_rerio_GENE_3210
OG0000052,Oreochromis_niloticus_GENE_3317,Danio_rerio_GENE_3317
OG0000003,Oreochromis_niloticus_GENE_3380,Danio_rerio_GENE_3380
OG0000004,Oreochromis_niloticus_GENE_343,Danio_rerio_GENE_343
OG0000046,Oreochromis_niloticus_GENE_368,Danio_rerio_GENE_368
OG0000006,Oreochromis_niloticus_GENE_3818,Danio_rerio_GENE_3818
OG0000041,Oreochromis_niloticus_GENE_39,Danio_rerio_GENE_39
OG0000007,Oreochromis_niloticus_GENE_3907,Danio_rerio_GENE_3907
OG0000042,Oreochromis_niloticus_GENE_3912,Danio_rerio_GENE_3912
OG0000008,Oreochromis_niloticus_GENE_541,Danio_rerio_GENE_541
OG0000024,Oreochromis_niloticus_GENE_609,Danio_rerio_GENE_609
OG0000054,Oreochromis_niloticus_GENE_634,Danio_rerio_GENE_634
OG0000025,Oreochromis_niloticus_GENE_697,Danio_rerio_GENE_697
OG0000009,Oreochromis_niloticus_GENE_730,Danio_rerio_GENE_730
OG0000026,Oreochromis_niloticus_GENE_974,Danio_rerio_GENE_974
