Orthogroup,Oreochromis,Macropus
OG0000012,Oreochromis_niloticus_GENE_1206,Macropus_eugenii_GENE_1206
OG0000013,Oreochromis_niloticus_GENE_1224,Macropus_eugenii_GENE_1224
OG0000000,Oreochromis_niloticus_GENE_1433,Macropus_eugenii_GENE_1433
OG0000055,Oreochromis_niloticus_GENE_17,Macropus_eugenii_GENE_17
OG0000047,Oreochromis_niloticus_GENE_2063,Macropus_eugenii_GENE_2063
OG0000032,Oreochromis_niloticus_GENE_2274,Macropus_eugenii_GENE_2274
OG0000035,Oreochromis_niloticus_GENE_2537,Macropus_eugenii_GENE_2537
OG0000018,Oreochromis_niloticus_GENE_2772,Macropus_eugenii_GENE_2772
OG0000036,Oreochromis_niloticus_GENE_2869,Macropus_eugenii_GENE_2869
OG0000019,Oreochromis_niloticus_GENE_2903,Macropus_eugenii_GENE_2903
OG0000002,Oreochromis_niloticus_GENE_3026,Macropus_eugenii_GENE_3026
OG0000050,Oreochromis_niloticus_GENE_3210,Macropus_eugenii_GENE_3210
OG0000052,Oreochromis_niloticus_GENE_3317,Macropus_eugenii_GENE_3317
OG0000007,Oreochromis_niloticus_GENE_3907,Macropus_eugenii_GENE_3907
OG0000008,Oreochromis_niloticus_GENE_541,Macropus_eugenii_GENE_541
OG0000054,Oreochromis_niloticus_GENE_634,Macropus_eugenii_GENE_634
