Orthogroup,Oreochromis,Monodelphis
OG0000012,Oreochromis_niloticus_GENE_1206,Monodelphis_domestica_GENE_1206
OG0000013,Oreochromis_niloticus_GENE_1224,Monodelphis_domestica_GENE_1224
OG0000000,Oreochromis_niloticus_GENE_1433,Monodelphis_domestica_GENE_1433
OG0000047,Oreochromis_niloticus_GENE_2063,Monodelphis_domestica_GENE_2063
OG0000016,Oreochromis_niloticus_GENE_2244,Monodelphis_domestica_GENE_2244
OG0000032,Oreochromis_niloticus_GENE_2274,Monodelphis_domestica_GENE_2274
OG0000017,Oreochromis_niloticus_GENE_2459,Monodelphis_domestica_GENE_2459
OG0000035,Oreochromis_niloticus_GENE_2537,Monodelphis_domestica_GENE_2537
OG0000018,Oreochromis_niloticus_GENE_2772,Monodelphis_domestica_GENE_2772
OG0000036,Oreochromis_niloticus_GENE_2869,Monodelphis_domestica_GENE_2869
OG0000002,Oreochromis_niloticus_GENE_3026,Monodelphis_domestica_GENE_3026
OG0000052,Oreochromis_niloticus_GENE_3317,Monodelphis_domestica_GENE_3317
OG0000041,Oreochromis_niloticus_GENE_39,Monodelphis_domestica_GENE_39
OG0000007,Oreochromis_niloticus_GENE_3907,Monodelphis_domestica_GENE_3907
OG0000008,Oreochromis_niloticus_GENE_541,Monodelphis_domestica_GENE_541
OG0000054,Oreochromis_niloticus_GENE_634,Monodelphis_domestica_GENE_634
OG0000026,Oreochromis_niloticus_GENE_974,Monodelphis_domestica_GENE_974
