Orthogroup,Pelodiscus,Neoceratodus
OG0000013,Pelodiscus_sinensis_GENE_1224,Neoceratodus_forsteri_GENE_1224
OG0000000,Pelodiscus_sinensis_GENE_1433,Neoceratodus_forsteri_GENE_1433
OG0000027,Pelodiscus_sinensis_GENE_1465,Neoceratodus_forsteri_GENE_1465
OG0000055,Pelodiscus_sinensis_GENE_17,Neoceratodus_forsteri_GENE_17
OG0000029,Pelodiscus_sinensis_GENE_1724,Neoceratodus_forsteri_GENE_1724
OG0000016,Pelodiscus_sinensis_GENE_2244,Neoceratodus_forsteri_GENE_2244
OG0000032,Pelodiscus_sinensis_GENE_2274,Neoceratodus_forsteri_GENE_2274
OG0000017,Pelodiscus_sinensis_GENE_2459,Neoceratodus_forsteri_GENE_2459
OG0000048,Pelodiscus_sinensis_GENE_2498,Neoceratodus_forsteri_GENE_2498
OG0000018,Pelodiscus_sinensis_GENE_2772,Neoceratodus_forsteri_GENE_2772
OG0000036,Pelodiscus_sinensis_GENE_2869,Neoceratodus_forsteri_GENE_2869
OG0000019,Pelodiscus_sinensis_GENE_2903,Neoceratodus_forsteri_GENE_2903
OG0000002,Pelodiscus_sinensis_GENE_3026,Neoceratodus_forsteri_GENE_3026
OG0000050,Pelodiscus_sinensis_GENE_3210,Neoceratodus_forsteri_GENE_3210
OG0000052,Pelodiscus_sinensis_GENE_3317,Neoceratodus_forsteri_GENE_3317
OG0000005,Pelodiscus_sinensis_GENE_3570,Neoceratodus_forsteri_GENE_3570
OG0000007,Pelodiscus_sinensis_GENE_3907,Neoceratodus_forsteri_GENE_3907
OG0000043,Pelodiscus_sinensis_GENE_401,Neoceratodus_forsteri_GENE_401
OG0000008,Pelodiscus_sinensis_GENE_541,Neoceratodus_forsteri_GENE_541
OG0000024,Pelodiscus_sinensis_GENE_609,Neoceratodus_forsteri_GENE_609
OG0000054,Pelodiscus_sinensis_GENE_634,Neoceratodus_forsteri_GENE_634
OG0000026,Pelodiscus_sinensis_GENE_974,Neoceratodus_forsteri_GENE_974
