Orthogroup,Pelodiscus,Macropus
OG0000013,Pelodiscus_sinensis_GENE_1224,Macropus_eugenii_GENE_1224
OG0000027,Pelodiscus_sinensis_GENE_1465,Macropus_eugenii_GENE_1465
OG0000028,Pelodiscus_sinensis_GENE_1671,Macropus_eugenii_GENE_1671
OG0000055,Pelodiscus_sinensis_GENE_17,Macropus_eugenii_GENE_17
OG0000029,Pelodiscus_sinensis_GENE_1724,Macropus_eugenii_GENE_1724
OG0000047,Pelodiscus_sinensis_GENE_2063,Macropus_eugenii_GENE_2063
OG0000032,Pelodiscus_sinensis_GENE_2274,Macropus_eugenii_GENE_2274
OG0000001,Pelodiscus_sinensis_GENE_2421,Macropus_eugenii_GENE_2421
OG0000048,Pelodiscus_sinensis_GENE_2498,Macropus_eugenii_GENE_2498
OG0000035,Pelodiscus_sinensis_GENE_2537,Macropus_eugenii_GENE_2537
OG0000036,Pelodiscus_sinensis_GENE_2869,Macropus_eugenii_GENE_2869
OG0000019,Pelodiscus_sinensis_GENE_2903,Macropus_eugenii_GENE_2903
OG0000002,Pelodiscus_sinensis_GENE_3026,Macropus_eugenii_GENE_3026
OG0000037,Pelodiscus_sinensis_GENE_3089,Macropus_eugenii_GENE_3089
OG0000039,Pelodiscus_sinensis_GENE_3290,Macropus_eugenii_GENE_3290
OG0000052,Pelodiscus_sinensis_GENE_3317,Macropus_eugenii_GENE_3317
OG0000021,Pelodiscus_sinensis_GENE_3458,Macropus_eugenii_GENE_3458
OG0000040,Pelodiscus_sinensis_GENE_3515,Macropus_eugenii_GENE_3515
OG0000006,Pelodiscus_sinensis_GENE_3818,Macropus_eugenii_GENE_3818
OG0000007,Pelodiscus_sinensis_GENE_3907,Macropus_eugenii_GENE_3907
OG0000053,Pelodiscus_sinensis_GENE_3913,Macropus_eugenii_GENE_3913
OG0000043,Pelodiscus_sinensis_GENE_401,Macropus_eugenii_GENE_401
OG0000008,Pelodiscus_sinensis_GENE_541,Macropus_eugenii_GENE_541
OG0000044,Pelodiscus_sinensis_GENE_583,Macropus_eugenii_GENE_583
OG0000024,Pelodiscus_sinensis_GENE_609,Macropus_eugenii_GENE_609
OG0000009,Pelodiscus_sinensis_GENE_730,Macropus_eugenii_GENE_730
