Orthogroup,Pelodiscus,Gallus
OG0000027,Pelodiscus_sinensis_GENE_1465,Gallus_gallus_GENE_1465
OG0000028,Pelodiscus_sinensis_GENE_1671,Gallus_gallus_GENE_1671
OG0000055,Pelodiscus_sinensis_GENE_17,Gallus_gallus_GENE_17
OG0000029,Pelodiscus_sinensis_GENE_1724,Gallus_gallus_GENE_1724
OG0000030,Pelodiscus_sinensis_GENE_1984,Gallus_gallus_GENE_1984
OG0000047,Pelodiscus_sinensis_GENE_2063,Gallus_gallus_GENE_2063
OG0000015,Pelodiscus_sinensis_GENE_2194,Gallus_gallus_GENE_2194
OG0000016,Pelodiscus_sinensis_GENE_2244,Gallus_gallus_GENE_2244
OG0000032,Pelodiscus_sinensis_GENE_2274,Gallus_gallus_GENE_2274
OG0000001,Pelodiscus_sinensis_GENE_2421,Gallus_gallus_GENE_2421
OG0000033,Pelodiscus_sinensis_GENE_2443,Gallus_gallus_GENE_2443
OG0000048,Pelodiscus_sinensis_GENE_2498,Gallus_gallus_GENE_2498
OG0000035,Pelodiscus_sinensis_GENE_2537,Gallus_gallus_GENE_2537
OG0000018,Pelodiscus_sinensis_GENE_2772,Gallus_gallus_GENE_2772
OG0000019,Pelodiscus_sinensis_GENE_2903,Gallus_gallus_GENE_2903
OG0000049,Pelodiscus_sinensis_GENE_3058,Gallus_gallus_GENE_3058
OG0000038,Pelodiscus_sinensis_GENE_3150,Gallus_gallus_GENE_3150
OG0000039,Pelodiscus_sinensis_GENE_3290,Gallus_gallus_GENE_3290
OG0000052,Pelodiscus_sinensis_GENE_3317,Gallus_gallus_GENE_3317
OG0000021,Pelodiscus_sinensis_GENE_3458,Gallus_gallus_GENE_3458
OG0000005,Pelodiscus_sinensis_GENE_3570,Gallus_gallus_GENE_3570
OG0000007,Pelodiscus_sinensis_GENE_3907,Gallus_gallus_GENE_3907
OG0000043,Pelodiscus_sinensis_GENE_401,Gallus_gallus_GENE_401
OG0000024,Pelodiscus_sinensis_GENE_609,Gallus_gallus_GENE_609
OG0000025,Pelodiscus_sinensis_GENE_697,Gallus_gallus_GENE_697
OG0000009,Pelodiscus_sinensis_GENE_730,Gallus_gallus_GENE_730
