Orthogroup,Pelodiscus,Lepisosteus
OG0000013,Pelodiscus_sinensis_GENE_1224,Lepisosteus_oculatus_GENE_1224
OG0000000,Pelodiscus_sinensis_GENE_1433,Lepisosteus_oculatus_GENE_1433
OG0000055,Pelodiscus_sinensis_GENE_17,Lepisosteus_oculatus_GENE_17
OG0000029,Pelodiscus_sinensis_GENE_1724,Lepisosteus_oculatus_GENE_1724
OG0000047,Pelodiscus_sinensis_GENE_2063,Lepisosteus_oculatus_GENE_2063
OG0000016,Pelodiscus_sinensis_GENE_2244,Lepisosteus_oculatus_GENE_2244
OG0000032,Pelodiscus_sinensis_GENE_2274,Lepisosteus_oculatus_GENE_2274
OG0000017,Pelodiscus_sinensis_GENE_2459,Lepisosteus_oculatus_GENE_2459
OG0000048,Pelodiscus_sinensis_GENE_2498,Lepisosteus_oculatus_GENE_2498
OG0000035,Pelodiscus_sinensis_GENE_2537,Lepisosteus_oculatus_GENE_2537
OG0000018,Pelodiscus_sinensis_GENE_2772,Lepisosteus_oculatus_GENE_2772
OG0000036,Pelodiscus_sinensis_GENE_2869,Lepisosteus_oculatus_GENE_2869
OG0000019,Pelodiscus_sinensis_GENE_2903,Lepisosteus_oculatus_GENE_2903
OG0000002,Pelodiscus_sinensis_GENE_3026,Lepisosteus_oculatus_GENE_3026
OG0000050,Pelodiscus_sinensis_GENE_3210,Lepisosteus_oculatus_GENE_3210
OG0000052,Pelodiscus_sinensis_GENE_3317,Lepisosteus_oculatus_GENE_3317
OG0000005,Pelodiscus_sinensis_GENE_3570,Lepisosteus_oculatus_GENE_3570
OG0000041,Pelodiscus_sinensis_GENE_39,Lepisosteus_oculatus_GENE_39
OG0000007,Pelodiscus_sinensis_GENE_3907,Lepisosteus_oculatus_GENE_3907
OG0000043,Pelodiscus_sinensis_GENE_401,Lepisosteus_oculatus_GENE_401
OG0000008,Pelodiscus_sinensis_GENE_541,Lepisosteus_oculatus_GENE_541
OG0000054,Pelodiscus_sinensis_GENE_634,Lepisosteus_oculatus_GENE_634
OG0000026,Pelodiscus_sinensis_GENE_974,Lepisosteus_oculatus_GENE_974
