Orthogroup,Pelodiscus,Protopterus
OG0000013,Pelodiscus_sinensis_GENE_1224,Protopterus_annectens_GENE_1224
OG0000000,Pelodiscus_sinensis_GENE_1433,Protopterus_annectens_GENE_1433
OG0000027,Pelodiscus_sinensis_GENE_1465,Protopterus_annectens_GENE_1465
OG0000055,Pelodiscus_sinensis_GENE_17,Protopterus_annectens_GENE_17
OG0000029,Pelodiscus_sinensis_GENE_1724,Protopterus_annectens_GENE_1724
OG0000016,Pelodiscus_sinensis_GENE_2244,Protopterus_annectens_GENE_2244
OG0000032,Pelodiscus_sinensis_GENE_2274,Protopterus_annectens_GENE_2274
OG0000017,Pelodiscus_sinensis_GENE_2459,Protopterus_annectens_GENE_2459
OG0000048,Pelodiscus_sinensis_GENE_2498,Protopterus_annectens_GENE_2498
OG0000018,Pelodiscus_sinensis_GENE_2772,Protopterus_annectens_GENE_2772
OG0000036,Pelodiscus_sinensis_GENE_2869,Protopterus_annectens_GENE_2869
OG0000019,Pelodiscus_sinensis_GENE_2903,Protopterus_annectens_GENE_2903
OG0000002,Pelodiscus_sinensis_GENE_3026,Protopterus_annectens_GENE_3026
OG0000050,Pelodiscus_sinensis_GENE_3210,Protopterus_annectens_GENE_3210
OG0000052,Pelodiscus_sinensis_GENE_3317,Protopterus_annectens_GENE_3317
OG0000040,Pelodiscus_sinensis_GENE_3515,Protopterus_annectens_GENE_3515
OG0000005,Pelodiscus_sinensis_GENE_3570,Protopterus_annectens_GENE_3570
OG0000007,Pelodiscus_sinensis_GENE_3907,Protopterus_annectens_GENE_3907
OG0000043,Pelodiscus_sinensis_GENE_401,Protopterus_annectens_GENE_401
OG0000008,Pelodiscus_sinensis_GENE_541,Protopterus_annectens_GENE_541
OG0000024,Pelodiscus_sinensis_GENE_609,Protopterus_annectens_GENE_609
OG0000054,Pelodiscus_sinensis_GENE_634,Protopterus_annectens_GENE_634
OG0000026,Pelodiscus_sinensis_GENE_974,Protopterus_annectens_GENE_974
