Orthogroup,Pelodiscus,Xenopus
OG0000010,Pelodiscus_sinensis_GENE_1086,Xenopus_Silurana_tropicalis_GENE_1086
OG0000011,Pelodiscus_sinensis_GENE_1093,Xenopus_Silurana_tropicalis_GENE_1093
OG0000000,Pelodiscus_sinensis_GENE_1433,Xenopus_Silurana_tropicalis_GENE_1433
OG0000027,Pelodiscus_sinensis_GENE_1465,Xenopus_Silurana_tropicalis_GENE_1465
OG0000055,Pelodiscus_sinensis_GENE_17,Xenopus_Silurana_tropicalis_GENE_17
OG0000029,Pelodiscus_sinensis_GENE_1724,Xenopus_Silurana_tropicalis_GENE_1724
OG0000030,Pelodiscus_sinensis_GENE_1984,Xenopus_Silurana_tropicalis_GENE_1984
OG0000047,Pelodiscus_sinensis_GENE_2063,Xenopus_Silurana_tropicalis_GENE_2063
OG0000015,Pelodiscus_sinensis_GENE_2194,Xenopus_Silurana_tropicalis_GENE_2194
OG0000016,Pelodiscus_sinensis_GENE_2244,Xenopus_Silurana_tropicalis_GENE_2244
OG0000032,Pelodiscus_sinensis_GENE_2274,Xenopus_Silurana_tropicalis_GENE_2274
OG0000048,Pelodiscus_sinensis_GENE_2498,Xenopus_Silurana_tropicalis_GENE_2498
OG0000035,Pelodiscus_sinensis_GENE_2537,Xenopus_Silurana_tropicalis_GENE_2537
OG0000018,Pelodiscus_sinensis_GENE_2772,Xenopus_Silurana_tropicalis_GENE_2772
OG0000036,Pelodiscus_sinensis_GENE_2869,Xenopus_Silurana_tropicalis_GENE_2869
OG0000019,Pelodiscus_sinensis_GENE_2903,Xenopus_Silurana_tropicalis_GENE_2903
OG0000002,Pelodiscus_sinensis_GENE_3026,Xenopus_Silurana_tropicalis_GENE_3026
OG0000049,Pelodiscus_sinensis_GENE_3058,Xenopus_Silurana_tropicalis_GENE_3058
OG0000037,Pelodiscus_sinensis_GENE_3089,Xenopus_Silurana_tropicalis_GENE_3089
OG0000038,Pelodiscus_sinensis_GENE_3150,Xenopus_Silurana_tropicalis_GENE_3150
OG0000050,Pelodiscus_sinensis_GENE_3210,Xenopus_Silurana_tropicalis_GENE_3210
OG0000039,Pelodiscus_sinensis_GENE_3290,Xenopus_Silurana_tropicalis_GENE_3290
OG0000021,Pelodiscus_sinensis_GENE_3458,Xenopus_Silurana_tropicalis_GENE_3458
OG0000005,Pelodiscus_sinensis_GENE_3570,Xenopus_Silurana_tropicalis_GENE_3570
OG0000007,Pelodiscus_sinensis_GENE_3907,Xenopus_Silurana_tropicalis_GENE_3907
OG0000053,Pelodiscus_sinensis_GENE_3913,Xenopus_Silurana_tropicalis_GENE_3913
OG0000043,Pelodiscus_sinensis_GENE_401,Xenopus_Silurana_tropicalis_GENE_401
OG0000008,Pelodiscus_sinensis_GENE_541,Xenopus_Silurana_tropicalis_GENE_541
OG0000044,Pelodiscus_sinensis_GENE_583,Xenopus_Silurana_tropicalis_GENE_583
OG0000054,Pelodiscus_sinensis_GENE_634,Xenopus_Silurana_tropicalis_GENE_634
OG0000009,Pelodiscus_sinensis_GENE_730,Xenopus_Silurana_tropicalis_GENE_730
OG0000045,Pelodiscus_sinensis_GENE_952,Xenopus_Silurana_tropicalis_GENE_952
OG0000026,Pelodiscus_sinensis_GENE_974,Xenopus_Silurana_tropicalis_GENE_974
