Orthogroup,Pelodiscus,Anolis
OG0000000,Pelodiscus_sinensis_GENE_1433,Anolis_carolinensis_GENE_1433
OG0000027,Pelodiscus_sinensis_GENE_1465,Anolis_carolinensis_GENE_1465
OG0000028,Pelodiscus_sinensis_GENE_1671,Anolis_carolinensis_GENE_1671
OG0000029,Pelodiscus_sinensis_GENE_1724,Anolis_carolinensis_GENE_1724
OG0000030,Pelodiscus_sinensis_GENE_1984,Anolis_carolinensis_GENE_1984
OG0000047,Pelodiscus_sinensis_GENE_2063,Anolis_carolinensis_GENE_2063
OG0000016,Pelodiscus_sinensis_GENE_2244,Anolis_carolinensis_GENE_2244
OG0000032,Pelodiscus_sinensis_GENE_2274,Anolis_carolinensis_GENE_2274
OG0000033,Pelodiscus_sinensis_GENE_2443,Anolis_carolinensis_GENE_2443
OG0000048,Pelodiscus_sinensis_GENE_2498,Anolis_carolinensis_GENE_2498
OG0000035,Pelodiscus_sinensis_GENE_2537,Anolis_carolinensis_GENE_2537
OG0000036,Pelodiscus_sinensis_GENE_2869,Anolis_carolinensis_GENE_2869
OG0000019,Pelodiscus_sinensis_GENE_2903,Anolis_carolinensis_GENE_2903
OG0000049,Pelodiscus_sinensis_GENE_3058,Anolis_carolinensis_GENE_3058
OG0000037,Pelodiscus_sinensis_GENE_3089,Anolis_carolinensis_GENE_3089
OG0000051,Pelodiscus_sinensis_GENE_3283,Anolis_carolinensis_GENE_3283
OG0000039,Pelodiscus_sinensis_GENE_3290,Anolis_carolinensis_GENE_3290
OG0000052,Pelodiscus_sinensis_GENE_3317,Anolis_carolinensis_GENE_3317
OG0000021,Pelodiscus_sinensis_GENE_3458,Anolis_carolinensis_GENE_3458
OG0000040,Pelodiscus_sinensis_GENE_3515,Anolis_carolinensis_GENE_3515
OG0000005,Pelodiscus_sinensis_GENE_3570,Anolis_carolinensis_GENE_3570
OG0000006,Pelodiscus_sinensis_GENE_3818,Anolis_carolinensis_GENE_3818
OG0000041,Pelodiscus_sinensis_GENE_39,Anolis_carolinensis_GENE_39
OG0000007,Pelodiscus_sinensis_GENE_3907,Anolis_carolinensis_GENE_3907
OG0000043,Pelodiscus_sinensis_GENE_401,Anolis_carolinensis_GENE_401
OG0000024,Pelodiscus_sinensis_GENE_609,Anolis_carolinensis_GENE_609
OG0000009,Pelodiscus_sinensis_GENE_730,Anolis_carolinensis_GENE_730
