Orthogroup,Pelodiscus,Callorhinchus
OG0000013,Pelodiscus_sinensis_GENE_1224,Callorhinchus_milii_GENE_1224
OG0000000,Pelodiscus_sinensis_GENE_1433,Callorhinchus_milii_GENE_1433
OG0000055,Pelodiscus_sinensis_GENE_17,Callorhinchus_milii_GENE_17
OG0000029,Pelodiscus_sinensis_GENE_1724,Callorhinchus_milii_GENE_1724
OG0000016,Pelodiscus_sinensis_GENE_2244,Callorhinchus_milii_GENE_2244
OG0000032,Pelodiscus_sinensis_GENE_2274,Callorhinchus_milii_GENE_2274
OG0000017,Pelodiscus_sinensis_GENE_2459,Callorhinchus_milii_GENE_2459
OG0000018,Pelodiscus_sinensis_GENE_2772,Callorhinchus_milii_GENE_2772
OG0000036,Pelodiscus_sinensis_GENE_2869,Callorhinchus_milii_GENE_2869
OG0000019,Pelodiscus_sinensis_GENE_2903,Callorhinchus_milii_GENE_2903
OG0000002,Pelodiscus_sinensis_GENE_3026,Callorhinchus_milii_GENE_3026
OG0000038,Pelodiscus_sinensis_GENE_3150,Callorhinchus_milii_GENE_3150
OG0000050,Pelodiscus_sinensis_GENE_3210,Callorhinchus_milii_GENE_3210
OG0000052,Pelodiscus_sinensis_GENE_3317,Callorhinchus_milii_GENE_3317
OG0000005,Pelodiscus_sinensis_GENE_3570,Callorhinchus_milii_GENE_3570
OG0000006,Pelodiscus_sinensis_GENE_3818,Callorhinchus_milii_GENE_3818
OG0000007,Pelodiscus_sinensis_GENE_3907,Callorhinchus_milii_GENE_3907
OG0000043,Pelodiscus_sinensis_GENE_401,Callorhinchus_milii_GENE_401
OG0000008,Pelodiscus_sinensis_GENE_541,Callorhinchus_milii_GENE_541
OG0000044,Pelodiscus_sinensis_GENE_583,Callorhinchus_milii_GENE_583
OG0000054,Pelodiscus_sinensis_GENE_634,Callorhinchus_milii_GENE_634
OG0000009,Pelodiscus_sinensis_GENE_730,Callorhinchus_milii_GENE_730
OG0000026,Pelodiscus_sinensis_GENE_974,Callorhinchus_milii_GENE_974
