Orthogroup,Pelodiscus,Homo
OG0000010,Pelodiscus_sinensis_GENE_1086,Homo_sapiens_GENE_1086
OG0000013,Pelodiscus_sinensis_GENE_1224,Homo_sapiens_GENE_1224
OG0000027,Pelodiscus_sinensis_GENE_1465,Homo_sapiens_GENE_1465
OG0000028,Pelodiscus_sinensis_GENE_1671,Homo_sapiens_GENE_1671
OG0000032,Pelodiscus_sinensis_GENE_2274,Homo_sapiens_GENE_2274
OG0000001,Pelodiscus_sinensis_GENE_2421,Homo_sapiens_GENE_2421
OG0000048,Pelodiscus_sinensis_GENE_2498,Homo_sapiens_GENE_2498
OG0000035,Pelodiscus_sinensis_GENE_2537,Homo_sapiens_GENE_2537
OG0000036,Pelodiscus_sinensis_GENE_2869,Homo_sapiens_GENE_2869
OG0000019,Pelodiscus_sinensis_GENE_2903,Homo_sapiens_GENE_2903
OG0000037,Pelodiscus_sinensis_GENE_3089,Homo_sapiens_GENE_3089
OG0000039,Pelodiscus_sinensis_GENE_3290,Homo_sapiens_GENE_3290
OG0000052,Pelodiscus_sinensis_GENE_3317,Homo_sapiens_GENE_3317
OG0000021,Pelodiscus_sinensis_GENE_3458,Homo_sapiens_GENE_3458
OG0000040,Pelodiscus_sinensis_GENE_3515,Homo_sapiens_GENE_3515
OG0000006,Pelodiscus_sinensis_GENE_3818,Homo_sapiens_GENE_3818
OG0000041,Pelodiscus_sinensis_GENE_39,Homo_sapiens_GENE_39
OG0000007,Pelodiscus_sinensis_GENE_3907,Homo_sapiens_GENE_3907
OG0000043,Pelodiscus_sinensis_GENE_401,Homo_sapiens_GENE_401
OG0000044,Pelodiscus_sinensis_GENE_583,Homo_sapiens_GENE_583
OG0000024,Pelodiscus_sinensis_GENE_609,Homo_sapiens_GENE_609
OG0000009,Pelodiscus_sinensis_GENE_730,Homo_sapiens_GENE_730
