Orthogroup,Pelodiscus,Mus
OG0000010,Pelodiscus_sinensis_GENE_1086,Mus_musculus_GENE_1086
OG0000013,Pelodiscus_sinensis_GENE_1224,Mus_musculus_GENE_1224
OG0000027,Pelodiscus_sinensis_GENE_1465,Mus_musculus_GENE_1465
OG0000028,Pelodiscus_sinensis_GENE_1671,Mus_musculus_GENE_1671
OG0000047,Pelodiscus_sinensis_GENE_2063,Mus_musculus_GENE_2063
OG0000032,Pelodiscus_sinensis_GENE_2274,Mus_musculus_GENE_2274
OG0000001,Pelodiscus_sinensis_GENE_2421,Mus_musculus_GENE_2421
OG0000048,Pelodiscus_sinensis_GENE_2498,Mus_musculus_GENE_2498
OG0000035,Pelodiscus_sinensis_GENE_2537,Mus_musculus_GENE_2537
OG0000036,Pelodiscus_sinensis_GENE_2869,Mus_musculus_GENE_2869
OG0000019,Pelodiscus_sinensis_GENE_2903,Mus_musculus_GENE_2903
OG0000037,Pelodiscus_sinensis_GENE_3089,Mus_musculus_GENE_3089
OG0000039,Pelodiscus_sinensis_GENE_3290,Mus_musculus_GENE_3290
OG0000052,Pelodiscus_sinensis_GENE_3317,Mus_musculus_GENE_3317
OG0000021,Pelodiscus_sinensis_GENE_3458,Mus_musculus_GENE_3458
OG0000040,Pelodiscus_sinensis_GENE_3515,Mus_musculus_GENE_3515
OG0000006,Pelodiscus_sinensis_GENE_3818,Mus_musculus_GENE_3818
OG0000041,Pelodiscus_sinensis_GENE_39,Mus_musculus_GENE_39
OG0000007,Pelodiscus_sinensis_GENE_3907,Mus_musculus_GENE_3907
OG0000043,Pelodiscus_sinensis_GENE_401,Mus_musculus_GENE_401
OG0000044,Pelodiscus_sinensis_GENE_583,Mus_musculus_GENE_583
OG0000024,Pelodiscus_sinensis_GENE_609,Mus_musculus_GENE_609
OG0000009,Pelodiscus_sinensis_GENE_730,Mus_musculus_GENE_730
