Orthogroup,Pelodiscus,Latimeria
OG0000000,Pelodiscus_sinensis_GENE_1433,Latimeria_chalumnae_GENE_1433
OG0000055,Pelodiscus_sinensis_GENE_17,Latimeria_chalumnae_GENE_17
OG0000029,Pelodiscus_sinensis_GENE_1724,Latimeria_chalumnae_GENE_1724
OG0000016,Pelodiscus_sinensis_GENE_2244,Latimeria_chalumnae_GENE_2244
OG0000032,Pelodiscus_sinensis_GENE_2274,Latimeria_chalumnae_GENE_2274
OG0000017,Pelodiscus_sinensis_GENE_2459,Latimeria_chalumnae_GENE_2459
OG0000018,Pelodiscus_sinensis_GENE_2772,Latimeria_chalumnae_GENE_2772
OG0000036,Pelodiscus_sinensis_GENE_2869,Latimeria_chalumnae_GENE_2869
OG0000019,Pelodiscus_sinensis_GENE_2903,Latimeria_chalumnae_GENE_2903
OG0000002,Pelodiscus_sinensis_GENE_3026,Latimeria_chalumnae_GENE_3026
OG0000050,Pelodiscus_sinensis_GENE_3210,Latimeria_chalumnae_GENE_3210
OG0000052,Pelodiscus_sinensis_GENE_3317,Latimeria_chalumnae_GENE_3317
OG0000005,Pelodiscus_sinensis_GENE_3570,Latimeria_chalumnae_GENE_3570
OG0000007,Pelodiscus_sinensis_GENE_3907,Latimeria_chalumnae_GENE_3907
OG0000043,Pelodiscus_sinensis_GENE_401,Latimeria_chalumnae_GENE_401
OG0000008,Pelodiscus_sinensis_GENE_541,Latimeria_chalumnae_GENE_541
OG0000054,Pelodiscus_sinensis_GENE_634,Latimeria_chalumnae_GENE_634
OG0000026,Pelodiscus_sinensis_GENE_974,Latimeria_chalumnae_GENE_974
