Orthogroup,Pelodiscus,Monodelphis
OG0000010,Pelodiscus_sinensis_GENE_1086,Monodelphis_domestica_GENE_1086
OG0000013,Pelodiscus_sinensis_GENE_1224,Monodelphis_domestica_GENE_1224
OG0000000,Pelodiscus_sinensis_GENE_1433,Monodelphis_domestica_GENE_1433
OG0000027,Pelodiscus_sinensis_GENE_1465,Monodelphis_domestica_GENE_1465
OG0000028,Pelodiscus_sinensis_GENE_1671,Monodelphis_domestica_GENE_1671
OG0000047,Pelodiscus_sinensis_GENE_2063,Monodelphis_domestica_GENE_2063
OG0000032,Pelodiscus_sinensis_GENE_2274,Monodelphis_domestica_GENE_2274
OG0000048,Pelodiscus_sinensis_GENE_2498,Monodelphis_domestica_GENE_2498
OG0000035,Pelodiscus_sinensis_GENE_2537,Monodelphis_domestica_GENE_2537
OG0000018,Pelodiscus_sinensis_GENE_2772,Monodelphis_domestica_GENE_2772
OG0000036,Pelodiscus_sinensis_GENE_2869,Monodelphis_domestica_GENE_2869
OG0000002,Pelodiscus_sinensis_GENE_3026,Monodelphis_domestica_GENE_3026
OG0000037,Pelodiscus_sinensis_GENE_3089,Monodelphis_domestica_GENE_3089
OG0000039,Pelodiscus_sinensis_GENE_3290,Monodelphis_domestica_GENE_3290
OG0000052,Pelodiscus_sinensis_GENE_3317,Monodelphis_domestica_GENE_3317
OG0000021,Pelodiscus_sinensis_GENE_3458,Monodelphis_domestica_GENE_3458
OG0000040,Pelodiscus_sinensis_GENE_3515,Monodelphis_domestica_GENE_3515
OG0000006,Pelodiscus_sinensis_GENE_3818,Monodelphis_domestica_GENE_3818
OG0000041,Pelodiscus_sinensis_GENE_39,Monodelphis_domestica_GENE_39
OG0000007,Pelodiscus_sinensis_GENE_3907,Monodelphis_domestica_GENE_3907
OG0000043,Pelodiscus_sinensis_GENE_401,Monodelphis_domestica_GENE_401
OG0000008,Pelodiscus_sinensis_GENE_541,Monodelphis_domestica_GENE_541
OG0000044,Pelodiscus_sinensis_GENE_583,Monodelphis_domestica_GENE_583
OG0000024,Pelodiscus_sinensis_GENE_609,Monodelphis_domestica_GENE_609
OG0000009,Pelodiscus_sinensis_GENE_730,Monodelphis_domestica_GENE_730
