Orthogroup,Pelodiscus,Ornithorhynchus
OG0000010,Pelodiscus_sinensis_GENE_1086,Ornithorhynchus_anatinus_GENE_1086
OG0000011,Pelodiscus_sinensis_GENE_1093,Ornithorhynchus_anatinus_GENE_1093
OG0000027,Pelodiscus_sinensis_GENE_1465,Ornithorhynchus_anatinus_GENE_1465
OG0000028,Pelodiscus_sinensis_GENE_1671,Ornithorhynchus_anatinus_GENE_1671
OG0000016,Pelodiscus_sinensis_GENE_2244,Ornithorhynchus_anatinus_GENE_2244
OG0000017,Pelodiscus_sinensis_GENE_2459,Ornithorhynchus_anatinus_GENE_2459
OG0000048,Pelodiscus_sinensis_GENE_2498,Ornithorhynchus_anatinus_GENE_2498
OG0000019,Pelodiscus_sinensis_GENE_2903,Ornithorhynchus_anatinus_GENE_2903
OG0000050,Pelodiscus_sinensis_GENE_3210,Ornithorhynchus_anatinus_GENE_3210
OG0000051,Pelodiscus_sinensis_GENE_3283,Ornithorhynchus_anatinus_GENE_3283
OG0000003,Pelodiscus_sinensis_GENE_3380,Ornithorhynchus_anatinus_GENE_3380
OG0000021,Pelodiscus_sinensis_GENE_3458,Ornithorhynchus_anatinus_GENE_3458
OG0000006,Pelodiscus_sinensis_GENE_3818,Ornithorhynchus_anatinus_GENE_3818
OG0000041,Pelodiscus_sinensis_GENE_39,Ornithorhynchus_anatinus_GENE_39
OG0000007,Pelodiscus_sinensis_GENE_3907,Ornithorhynchus_anatinus_GENE_3907
OG0000053,Pelodiscus_sinensis_GENE_3913,Ornithorhynchus_anatinus_GENE_3913
OG0000023,Pelodiscus_sinensis_GENE_3942,Ornithorhynchus_anatinus_GENE_3942
OG0000043,Pelodiscus_sinensis_GENE_401,Ornithorhynchus_anatinus_GENE_401
OG0000008,Pelodiscus_sinensis_GENE_541,Ornithorhynchus_anatinus_GENE_541
OG0000024,Pelodiscus_sinensis_GENE_609,Ornithorhynchus_anatinus_GENE_609
OG0000009,Pelodiscus_sinensis_GENE_730,Ornithorhynchus_anatinus_GENE_730
OG0000045,Pelodiscus_sinensis_GENE_952,Ornithorhynchus_anatinus_GENE_952
