Orthogroup,Pelodiscus,Dasypus
OG0000010,Pelodiscus_sinensis_GENE_1086,Dasypus_novemcinctus_GENE_1086
OG0000013,Pelodiscus_sinensis_GENE_1224,Dasypus_novemcinctus_GENE_1224
OG0000027,Pelodiscus_sinensis_GENE_1465,Dasypus_novemcinctus_GENE_1465
OG0000028,Pelodiscus_sinensis_GENE_1671,Dasypus_novemcinctus_GENE_1671
OG0000047,Pelodiscus_sinensis_GENE_2063,Dasypus_novemcinctus_GENE_2063
OG0000016,Pelodiscus_sinensis_GENE_2244,Dasypus_novemcinctus_GENE_2244
OG0000032,Pelodiscus_sinensis_GENE_2274,Dasypus_novemcinctus_GENE_2274
OG0000001,Pelodiscus_sinensis_GENE_2421,Dasypus_novemcinctus_GENE_2421
OG0000035,Pelodiscus_sinensis_GENE_2537,Dasypus_novemcinctus_GENE_2537
OG0000036,Pelodiscus_sinensis_GENE_2869,Dasypus_novemcinctus_GENE_2869
OG0000019,Pelodiscus_sinensis_GENE_2903,Dasypus_novemcinctus_GENE_2903
OG0000039,Pelodiscus_sinensis_GENE_3290,Dasypus_novemcinctus_GENE_3290
OG0000052,Pelodiscus_sinensis_GENE_3317,Dasypus_novemcinctus_GENE_3317
OG0000003,Pelodiscus_sinensis_GENE_3380,Dasypus_novemcinctus_GENE_3380
OG0000021,Pelodiscus_sinensis_GENE_3458,Dasypus_novemcinctus_GENE_3458
OG0000040,Pelodiscus_sinensis_GENE_3515,Dasypus_novemcinctus_GENE_3515
OG0000006,Pelodiscus_sinensis_GENE_3818,Dasypus_novemcinctus_GENE_3818
OG0000041,Pelodiscus_sinensis_GENE_39,Dasypus_novemcinctus_GENE_39
OG0000007,Pelodiscus_sinensis_GENE_3907,Dasypus_novemcinctus_GENE_3907
OG0000043,Pelodiscus_sinensis_GENE_401,Dasypus_novemcinctus_GENE_401
OG0000044,Pelodiscus_sinensis_GENE_583,Dasypus_novemcinctus_GENE_583
OG0000024,Pelodiscus_sinensis_GENE_609,Dasypus_novemcinctus_GENE_609
OG0000009,Pelodiscus_sinensis_GENE_730,Dasypus_novemcinctus_GENE_730
