Orthogroup,Pelodiscus,Taeniopygia
OG0000012,Pelodiscus_sinensis_GENE_1206,Taeniopygia_guttata_GENE_1206
OG0000027,Pelodiscus_sinensis_GENE_1465,Taeniopygia_guttata_GENE_1465
OG0000055,Pelodiscus_sinensis_GENE_17,Taeniopygia_guttata_GENE_17
OG0000029,Pelodiscus_sinensis_GENE_1724,Taeniopygia_guttata_GENE_1724
OG0000030,Pelodiscus_sinensis_GENE_1984,Taeniopygia_guttata_GENE_1984
OG0000047,Pelodiscus_sinensis_GENE_2063,Taeniopygia_guttata_GENE_2063
OG0000016,Pelodiscus_sinensis_GENE_2244,Taeniopygia_guttata_GENE_2244
OG0000001,Pelodiscus_sinensis_GENE_2421,Taeniopygia_guttata_GENE_2421
OG0000048,Pelodiscus_sinensis_GENE_2498,Taeniopygia_guttata_GENE_2498
OG0000018,Pelodiscus_sinensis_GENE_2772,Taeniopygia_guttata_GENE_2772
OG0000019,Pelodiscus_sinensis_GENE_2903,Taeniopygia_guttata_GENE_2903
OG0000038,Pelodiscus_sinensis_GENE_3150,Taeniopygia_guttata_GENE_3150
OG0000051,Pelodiscus_sinensis_GENE_3283,Taeniopygia_guttata_GENE_3283
OG0000052,Pelodiscus_sinensis_GENE_3317,Taeniopygia_guttata_GENE_3317
OG0000021,Pelodiscus_sinensis_GENE_3458,Taeniopygia_guttata_GENE_3458
OG0000005,Pelodiscus_sinensis_GENE_3570,Taeniopygia_guttata_GENE_3570
OG0000041,Pelodiscus_sinensis_GENE_39,Taeniopygia_guttata_GENE_39
OG0000007,Pelodiscus_sinensis_GENE_3907,Taeniopygia_guttata_GENE_3907
OG0000043,Pelodiscus_sinensis_GENE_401,Taeniopygia_guttata_GENE_401
OG0000044,Pelodiscus_sinensis_GENE_583,Taeniopygia_guttata_GENE_583
OG0000024,Pelodiscus_sinensis_GENE_609,Taeniopygia_guttata_GENE_609
OG0000025,Pelodiscus_sinensis_GENE_697,Taeniopygia_guttata_GENE_697
OG0000009,Pelodiscus_sinensis_GENE_730,Taeniopygia_guttata_GENE_730
